"C:/Users/PC/Documents/GitHub/KeepPushing/KeepPushing.uproject" 1
"../../../../../GitHub/KeepPushing/Binaries/Win64/UnrealEditor.modules" 2
"../../../Engine/Plugins/AudioGameplayVolume/AudioGameplayVolume.uplugin" 3
"../../../Engine/Plugins/ChaosCloth/ChaosCloth.uplugin" 4
"../../../Engine/Plugins/ChaosInsights/ChaosInsights.uplugin" 5
"../../../Engine/Plugins/AudioGameplay/AudioGameplay.uplugin" 6
"../../../Engine/Plugins/FastBuildController/FastBuildController.uplugin" 7
"../../../Engine/Plugins/CmdLinkServer/CmdLinkServer.uplugin" 8
"../../../Engine/Plugins/Chooser/Chooser.uplugin" 9
"../../../Engine/Plugins/LightWeightInstancesEditor/LightWeightInstancesEditor.uplugin" 10
"../../../Engine/Plugins/DiscoveryBeaconReceiver/DiscoveryBeaconReceiver.uplugin" 11
"../../../Engine/Plugins/BlueprintFileUtils/BlueprintFileUtils.uplugin" 12
"../../../Engine/Plugins/Bridge/Bridge.uplugin" 13
"../../../Engine/Plugins/AudioInsights/AudioInsights.uplugin" 14
"../../../Engine/Plugins/ChaosClothAssetEditor/ChaosClothAssetEditor.uplugin" 15
"../../../Engine/Plugins/ChaosVD/ChaosVD.uplugin" 16
"../../../Engine/Plugins/BaseMaterial/BaseMaterial.uplugin" 17
"../../../Engine/Plugins/TextureGraph/TextureGraph.uplugin" 18
"../../../Engine/Plugins/MemoryUsageQueries/MemoryUsageQueries.uplugin" 19
"../../../Engine/Plugins/EnhancedInput/EnhancedInput.uplugin" 20
"../../../Engine/Plugins/ScriptPlugin/ScriptPlugin.uplugin" 21
"../../../Engine/Plugins/Fab/Fab.uplugin" 22
"../../../Engine/Plugins/PCG/PCG.uplugin" 23
"../../../Engine/Plugins/JsonBlueprintUtilities/JsonBlueprintUtilities.uplugin" 24
"../../../Engine/Plugins/IoStoreInsights/IoStoreInsights.uplugin" 25
"../../../Engine/Plugins/MassInsights/MassInsights.uplugin" 26
"../../../Engine/Plugins/RenderGraphInsights/RenderGraphInsights.uplugin" 27
"../../../Engine/Plugins/AI/HTNPlanner/HTNPlanner.uplugin" 28
"../../../Engine/Plugins/MeshPainting/MeshPainting.uplugin" 29
"../../../Engine/Plugins/ChaosClothAsset/ChaosClothAsset.uplugin" 30
"../../../Engine/Plugins/Mutable/Mutable.uplugin" 31
"../../../Engine/Plugins/AI/AISupport/AISupport.uplugin" 32
"../../../Engine/Plugins/WorldMetrics/WorldMetrics.uplugin" 33
"../../../Engine/Plugins/TraceUtilities/TraceUtilities.uplugin" 34
"../../../Engine/Plugins/UbaController/UbaController.uplugin" 35
"../../../Engine/Plugins/AI/MLAdapter/MLAdapter.uplugin" 36
"../../../Engine/Plugins/Editor/AssetManagerEditor/AssetManagerEditor.uplugin" 37
"../../../Engine/Plugins/AI/EnvironmentQueryEditor/EnvironmentQueryEditor.uplugin" 38
"../../../Engine/Plugins/Editor/AssetSearch/AssetSearch.uplugin" 39
"../../../Engine/Plugins/Editor/BlueprintHeaderView/BlueprintHeaderView.uplugin" 40
"../../../Engine/Plugins/AI/MassAI/MassAI.uplugin" 41
"../../../Engine/Plugins/Editor/ChangelistReview/ChangelistReview.uplugin" 42
"../../../Engine/Plugins/AI/MassCrowd/MassCrowd.uplugin" 43
"../../../Engine/Plugins/XGEController/XGEController.uplugin" 44
"../../../Engine/Plugins/Editor/EditorScriptingUtilities/EditorScriptingUtilities.uplugin" 45
"../../../Engine/Plugins/Editor/FacialAnimation/FacialAnimation.uplugin" 46
"../../../Engine/Plugins/Editor/AssetReferenceRestrictions/AssetReferenceRestrictions.uplugin" 47
"../../../Engine/Plugins/Compression/OodleNetwork/OodleNetwork.uplugin" 48
"../../../Engine/Plugins/Editor/CryptoKeys/CryptoKeys.uplugin" 49
"../../../Engine/Plugins/Editor/ColorGrading/ColorGrading.uplugin" 50
"../../../Engine/Plugins/Editor/GuidedTutorials/GuidedTutorials.uplugin" 51
"../../../Engine/Plugins/Editor/DataValidation/DataValidation.uplugin" 52
"../../../Engine/Plugins/Editor/BlueprintMaterialTextureNodes/BlueprintMaterialTextureNodes.uplugin" 53
"../../../Engine/Plugins/Editor/MakeCookedEditorAsDLC/MakeCookedEditorAsDLC.uplugin" 54
"../../../Engine/Plugins/Editor/EditorSysConfigAssistant/EditorSysConfigAssistant.uplugin" 55
"../../../Engine/Plugins/Editor/CurveEditorTools/CurveEditorTools.uplugin" 56
"../../../Engine/Plugins/Editor/MacGraphicsSwitching/MacGraphicsSwitching.uplugin" 57
"../../../Engine/Plugins/Editor/ConsoleVariablesEditor/ConsoleVariables.uplugin" 58
"../../../Engine/Plugins/Editor/MaterialAnalyzer/MaterialAnalyzer.uplugin" 59
"../../../Engine/Plugins/Editor/ModelingToolsEditorMode/ModelingToolsEditorMode.uplugin" 60
"../../../Engine/Plugins/Editor/GameplayTagsEditor/GameplayTagsEditor.uplugin" 61
"../../../Engine/Plugins/Editor/SampleToolsEditorMode/SampleToolsEditorMode.uplugin" 62
"../../../Engine/Plugins/Editor/EngineAssetDefinitions/EngineAssetDefinitions.uplugin" 63
"../../../Engine/Plugins/Editor/GeometryMode/GeometryMode.uplugin" 64
"../../../Engine/Plugins/Editor/MobileLauncherProfileWizard/MobileLauncherProfileWizard.uplugin" 65
"../../../Engine/Plugins/Editor/ModelViewViewModelPreview/ModelViewViewModelPreview.uplugin" 66
"../../../Engine/Plugins/Editor/UVEditor/UVEditor.uplugin" 67
"../../../Engine/Plugins/Editor/ScriptableToolsEditorMode/ScriptableToolsEditorMode.uplugin" 68
"../../../Engine/Plugins/Editor/SequencerAnimTools/SequencerAnimTools.uplugin" 69
"../../../Engine/Plugins/Editor/LiveUpdateForSlate/LiveUpdateForSlate.uplugin" 70
"../../../Engine/Plugins/Editor/LandscapePatch/LandscapePatch.uplugin" 71
"../../../Engine/Plugins/Editor/StylusInput/StylusInput.uplugin" 72
"../../../Engine/Plugins/Enterprise/DataprepEditor/DataprepEditor.uplugin" 73
"../../../Engine/Plugins/Enterprise/DatasmithC4DImporter/DatasmithC4DImporter.uplugin" 74
"../../../Engine/Plugins/Editor/DisplayClusterLaunch/DisplayClusterLaunch.uplugin" 75
"../../../Engine/Plugins/Editor/WorldPartitionHLODUtilities/WorldPartitionHLODUtilities.uplugin" 76
"../../../Engine/Plugins/Editor/ProxyLODPlugin/ProxyLODPlugin.uplugin" 77
"../../../Engine/Plugins/Editor/MeshLODToolset/MeshLODToolset.uplugin" 78
"../../../Engine/Plugins/Enterprise/DatasmithFBXImporter/DatasmithFBXImporter.uplugin" 79
"../../../Engine/Plugins/Enterprise/AxFImporter/AxFImporter.uplugin" 80
"../../../Engine/Plugins/Editor/StaticMeshEditorModeling/StaticMeshEditorModeling.uplugin" 81
"../../../Engine/Plugins/Editor/SpeedTreeImporter/SpeedTreeImporter.uplugin" 82
"../../../Engine/Plugins/Enterprise/MDLImporter/MDLImporter.uplugin" 83
"../../../Engine/Plugins/Enterprise/DatasmithCADImporter/DatasmithCADImporter.uplugin" 84
"../../../Engine/Plugins/Enterprise/GLTFExporter/GLTFExporter.uplugin" 85
"../../../Engine/Plugins/Editor/EditorDebugTools/EditorDebugTools.uplugin" 86
"../../../Engine/Plugins/Enterprise/DatasmithContent/DatasmithContent.uplugin" 87
"../../../Engine/Plugins/Editor/UMGWidgetPreview/UMGWidgetPreview.uplugin" 88
"../../../Engine/Plugins/Editor/AssetRegistryExport/AssetRegistryExport.uplugin" 89
"../../../Engine/Plugins/Editor/WaveformEditor/WaveformEditor.uplugin" 90
"../../../Engine/Plugins/Enterprise/VariantManager/VariantManager.uplugin" 91
"../../../Engine/Plugins/Editor/PluginBrowser/PluginBrowser.uplugin" 92
"../../../Engine/Plugins/FX/Niagara/Niagara.uplugin" 93
"../../../Engine/Plugins/FX/NiagaraSimCaching/NiagaraSimCaching.uplugin" 94
"../../../Engine/Plugins/FX/ExampleCustomDataInterface/ExampleCustomDataInterface.uplugin" 95
"../../../Engine/Plugins/FX/CascadeToNiagaraConverter/CascadeToNiagaraConverter.uplugin" 96
"../../../Engine/Plugins/FX/Cascade/Cascade.uplugin" 97
"../../../Engine/Plugins/Enterprise/VariantManagerContent/VariantManagerContent.uplugin" 98
"../../../Engine/Plugins/MetaHuman/MetaHumanLiveLink/MetaHumanLiveLink.uplugin" 99
"../../../Engine/Plugins/Online/EOSOverlayInputProvider/EOSOverlayInputProvider.uplugin" 100
"../../../Engine/Plugins/Online/EOSShared/EOSShared.uplugin" 101
"../../../Engine/Plugins/FX/NiagaraNanite/NiagaraNanite.uplugin" 102
"../../../Engine/Plugins/MetaHuman/MetaHumanCalibrationProcessing/MetaHumanCalibrationProcessing.uplugin" 103
"../../../Engine/Plugins/Online/OnlineFramework/OnlineFramework.uplugin" 104
"../../../Engine/Plugins/Enterprise/DatasmithImporter/DatasmithImporter.uplugin" 105
"../../../Engine/Plugins/FX/NiagaraFluids/NiagaraFluids.uplugin" 106
"../../../Engine/Plugins/FX/NiagaraMRQ/NiagaraMRQ.uplugin" 107
"../../../Engine/Plugins/MetaHuman/MetaHumanSDK/MetaHumanSDK.uplugin" 108
"../../../Engine/Plugins/MetaHuman/MetaHumanAnimator/MetaHuman.uplugin" 109
"../../../Engine/Plugins/Online/OnlineBase/OnlineBase.uplugin" 110
"../../../Engine/Plugins/FX/NiagaraPreviewContent/NiagaraPreviewContent.uplugin" 111
"../../../Engine/Plugins/MetaHuman/MetaHumanCharacter/MetaHumanCharacter.uplugin" 112
"../../../Engine/Plugins/MetaHuman/MetaHumanCoreTechLib/MetaHumanCoreTech.uplugin" 113
"../../../Engine/Plugins/Online/OnlineSubsystemFacebook/OnlineSubsystemFacebook.uplugin" 114
"../../../Engine/Plugins/Online/OnlineServicesEOS/OnlineServicesEOS.uplugin" 115
"../../../Engine/Plugins/Online/OnlineSubsystemApple/OnlineSubsystemApple.uplugin" 116
"../../../Engine/Plugins/Online/OnlineServicesEOSGS/OnlineServicesEOSGS.uplugin" 117
"../../../Engine/Plugins/Online/SocketSubsystemSteamIP/SocketSubsystemSteamIP.uplugin" 118
"../../../Engine/Plugins/Online/OnlineServices/OnlineServices.uplugin" 119
"../../../Engine/Plugins/Online/OnlineSubsystemAmazon/OnlineSubsystemAmazon.uplugin" 120
"../../../Engine/Plugins/Online/OnlineFrameworkCommon/OnlineFrameworkCommon.uplugin" 121
"../../../Engine/Plugins/Online/OnlineServicesEpicCommon/OnlineServicesEpicCommon.uplugin" 122
"../../../Engine/Plugins/Online/OnlineSubsystemTencent/OnlineSubsystemTencent.uplugin" 123
"../../../Engine/Plugins/Animation/ACLPlugin/ACLPlugin.uplugin" 124
"../../../Engine/Plugins/Animation/AnimationLocomotionLibrary/AnimationLocomotionLibrary.uplugin" 125
"../../../Engine/Plugins/Online/OnlineServicesNull/OnlineServicesNull.uplugin" 126
"../../../Engine/Plugins/Animation/AnimatorKit/AnimatorKit.uplugin" 127
"../../../Engine/Plugins/Animation/BlendStack/BlendStack.uplugin" 128
"../../../Engine/Plugins/Online/OnlineSubsystemUtils/OnlineSubsystemUtils.uplugin" 129
"../../../Engine/Plugins/Online/OnlineSubsystemEOS/OnlineSubsystemEOS.uplugin" 130
"../../../Engine/Plugins/Animation/ControlRig/ControlRig.uplugin" 131
"../../../Engine/Plugins/Animation/ControlRigSpline/ControlRigSpline.uplugin" 132
"../../../Engine/Plugins/Online/OnlineServicesOSSAdapter/OnlineServicesOSSAdapter.uplugin" 133
"../../../Engine/Plugins/Online/OnlineSubsystem/OnlineSubsystem.uplugin" 134
"../../../Engine/Plugins/Online/OnlineSubsystemNull/OnlineSubsystemNull.uplugin" 135
"../../../Engine/Plugins/Animation/AnimationData/AnimationData.uplugin" 136
"../../../Engine/Plugins/Animation/GameplayInsights/GameplayInsights.uplugin" 137
"../../../Engine/Plugins/Online/SocketSubsystemEOS/SocketSubsystemEOS.uplugin" 138
"../../../Engine/Plugins/Animation/GeneSplicer/GeneSplicer.uplugin" 139
"../../../Engine/Plugins/Online/OnlineSubsystemSteam/OnlineSubsystemSteam.uplugin" 140
"../../../Engine/Plugins/Animation/IKRig/IKRig.uplugin" 141
"../../../Engine/Plugins/Enterprise/LidarPointCloud/LidarPointCloud.uplugin" 142
"../../../Engine/Plugins/Animation/LiveLink/LiveLink.uplugin" 143
"../../../Engine/Plugins/Animation/LiveLinkCurveDebugUI/LiveLinkCurveDebugUI.uplugin" 144
"../../../Engine/Plugins/Animation/AnimationWarping/AnimationWarping.uplugin" 145
"../../../Engine/Plugins/Animation/DNACalib/DNACalib.uplugin" 146
"../../../Engine/Plugins/Online/OnlineSubsystemGoogle/OnlineSubsystemGoogle.uplugin" 147
"../../../Engine/Plugins/Animation/DeformerGraph/DeformerGraph.uplugin" 148
"../../../Engine/Plugins/Animation/ControlRigModules/ControlRigModules.uplugin" 149
"../../../Engine/Plugins/Animation/LiveLinkHub/LiveLinkHub.uplugin" 150
"../../../Engine/Plugins/Animation/LiveLinkExampleDevice/LiveLinkExampleDevice.uplugin" 151
"../../../Engine/Plugins/Animation/AnimationModifierLibrary/AnimationModifierLibrary.uplugin" 152
"../../../Engine/Plugins/Animation/MotionWarping/MotionWarping.uplugin" 153
"../../../Engine/Plugins/Animation/BlendSpaceMotionAnalysis/BlendSpaceMotionAnalysis.uplugin" 154
"../../../Engine/Plugins/Developer/FieldNotificationTrace/FieldNotificationTrace.uplugin" 155
"../../../Engine/Plugins/Animation/EaseCurveTool/EaseCurveTool.uplugin" 156
"../../../Engine/Plugins/Animation/LiveLinkUnrealDevice/LiveLinkUnrealDevice.uplugin" 157
"../../../Engine/Plugins/Animation/LiveLinkDevice/LiveLinkDevice.uplugin" 158
"../../../Engine/Plugins/Developer/NamingTokens/NamingTokens.uplugin" 159
"../../../Engine/Plugins/Animation/PerformanceCaptureCore/PerformanceCaptureCore.uplugin" 160
"../../../Engine/Plugins/Animation/RigLogic/RigLogic.uplugin" 161
"../../../Engine/Plugins/Developer/CLionSourceCodeAccess/CLionSourceCodeAccess.uplugin" 162
"../../../Engine/Plugins/Developer/AnimationSharing/AnimationSharing.uplugin" 163
"../../../Engine/Plugins/Animation/TweeningUtils/TweeningUtils.uplugin" 164
"../../../Engine/Plugins/Developer/BlankPlugin/BlankPlugin.uplugin" 165
"../../../Engine/Plugins/Animation/PoseSearch/PoseSearch.uplugin" 166
"../../../Engine/Plugins/Developer/OneSkyLocalizationService/OneSkyLocalizationService.uplugin" 167
"../../../Engine/Plugins/Developer/KDevelopSourceCodeAccess/KDevelopSourceCodeAccess.uplugin" 168
"../../../Engine/Plugins/Animation/SkeletalMeshModelingTools/SkeletalMeshModelingTools.uplugin" 169
"../../../Engine/Plugins/Developer/PixWinPlugin/PixWinPlugin.uplugin" 170
"../../../Engine/Plugins/Developer/PropertyAccessNode/PropertyAccessNode.uplugin" 171
"../../../Engine/Plugins/Online/WebAuth/WebAuth.uplugin" 172
"../../../Engine/Plugins/Developer/GPUReshape/GPUReshape.uplugin" 173
"../../../Engine/Plugins/Developer/N10XSourceCodeAccess/N10XSourceCodeAccess.uplugin" 174
"../../../Engine/Plugins/Developer/DumpGPUServices/DumpGPUServices.uplugin" 175
"../../../Engine/Plugins/Developer/NullSourceCodeAccess/NullSourceCodeAccess.uplugin" 176
"../../../Engine/Plugins/Developer/CodeLiteSourceCodeAccess/CodeLiteSourceCodeAccess.uplugin" 177
"../../../Engine/Plugins/Developer/PerforceSourceControl/PerforceSourceControl.uplugin" 178
"../../../Engine/Plugins/Developer/PluginUtils/PluginUtils.uplugin" 179
"../../../Engine/Plugins/Developer/XcodeGPUDebuggerPlugin/XcodeGPUDebuggerPlugin.uplugin" 180
"../../../Engine/Plugins/Developer/GitSourceControl/GitSourceControl.uplugin" 181
"../../../Engine/Plugins/Developer/PlasticSourceControl/PlasticSourceControl.uplugin" 182
"../../../Engine/Plugins/Developer/XCodeSourceCodeAccess/XCodeSourceCodeAccess.uplugin" 183
"../../../Engine/Plugins/Developer/VisualStudioCodeSourceCodeAccess/VisualStudioCodeSourceCodeAccess.uplugin" 184
"../../../Engine/Plugins/Developer/RenderDocPlugin/RenderDocPlugin.uplugin" 185
"../../../Engine/Plugins/Developer/SubversionSourceControl/SubversionSourceControl.uplugin" 186
"../../../Engine/Plugins/Compositing/HoldoutComposite/HoldoutComposite.uplugin" 187
"../../../Engine/Plugins/Developer/RiderSourceCodeAccess/RiderSourceCodeAccess.uplugin" 188
"../../../Engine/Plugins/Compositing/CompositeCore/CompositeCore.uplugin" 189
"../../../Engine/Plugins/Developer/UObjectPlugin/UObjectPlugin.uplugin" 190
"../../../Engine/Plugins/Developer/TraceSourceFiltering/TraceSourceFilters.uplugin" 191
"../../../Engine/Plugins/Developer/VisualStudioSourceCodeAccess/VisualStudioSourceCodeAccess.uplugin" 192
"../../../Engine/Plugins/Developer/TextureFormatOodle/TextureFormatOodle.uplugin" 193
"../../../Engine/Plugins/Developer/DirectoryPlaceholder/DirectoryPlaceholder.uplugin" 194
"../../../Engine/Plugins/Developer/ProjectLauncher/ProjectLauncher.uplugin" 195
"../../../Engine/Plugins/Importers/AlembicHairImporter/AlembicHairImporter.uplugin" 196
"../../../Engine/Plugins/Compositing/LensDistortion/LensDistortion.uplugin" 197
"../../../Engine/Plugins/Importers/AlembicImporter/AlembicImporter.uplugin" 198
"../../../Engine/Plugins/Compositing/OpenColorIO/OpenColorIO.uplugin" 199
"../../../Engine/Plugins/Compositing/OpenCVLensDistortion/OpenCVLensDistortion.uplugin" 200
"../../../Engine/Plugins/MovieScene/CustomizableSequencerTracks/CustomizableSequencerTracks.uplugin" 201
"../../../Engine/Plugins/MovieScene/MoviePipelineMaskRenderPass/MoviePipelineMaskRenderPass.uplugin" 202
"../../../Engine/Plugins/Messaging/UdpMessaging/UdpMessaging.uplugin" 203
"../../../Engine/Plugins/Messaging/TcpMessaging/TcpMessaging.uplugin" 204
"../../../Engine/Plugins/Compositing/Composure/Composure.uplugin" 205
"../../../Engine/Plugins/Compositing/Composite/Composite.uplugin" 206
"../../../Engine/Plugins/Interchange/Runtime/Interchange.uplugin" 207
"../../../Engine/Plugins/Importers/USDImporterMDL/USDImporterMDL.uplugin" 208
"../../../Engine/Plugins/Messaging/MessagingDebugger/MessagingDebugger.uplugin" 209
"../../../Engine/Plugins/MovieScene/TemplateSequence/TemplateSequence.uplugin" 210
"../../../Engine/Plugins/MovieScene/ReplayTracks/ReplayTracks.uplugin" 211
"../../../Engine/Plugins/MovieScene/MovieSceneTextTrack/MovieSceneTextTrack.uplugin" 212
"../../../Engine/Plugins/Interchange/Assets/InterchangeAssets.uplugin" 213
"../../../Engine/Plugins/NNE/NNEDenoiser/NNEDenoiser.uplugin" 214
"../../../Engine/Plugins/MovieScene/MovieRenderPipeline/MovieRenderPipeline.uplugin" 215
"../../../Engine/Plugins/Media/AndroidCamera/AndroidCamera.uplugin" 216
"../../../Engine/Plugins/Media/BinkMedia/BinkMedia.uplugin" 217
"../../../Engine/Plugins/Portal/LauncherChunkInstaller/LauncherChunkInstaller.uplugin" 218
"../../../Engine/Plugins/Media/AppleProResMedia/AppleProResMedia.uplugin" 219
"../../../Engine/Plugins/MovieScene/SequencerScripting/SequencerScripting.uplugin" 220
"../../../Engine/Plugins/Media/AudioCaptureTimecodeProvider/AudioCaptureTimecodeProvider.uplugin" 221
"../../../Engine/Plugins/Media/AppleProResDecoderElectra/AppleProResDecoderElectra.uplugin" 222
"../../../Engine/Plugins/Media/ElectraPlayer/ElectraPlayer.uplugin" 223
"../../../Engine/Plugins/MovieScene/SequenceValidator/SequenceValidator.uplugin" 224
"../../../Engine/Plugins/Media/D3D12VideoDecodersElectra/D3D12VideoDecodersElectra.uplugin" 225
"../../../Engine/Plugins/Slate/SlateScripting/SlateScripting.uplugin" 226
"../../../Engine/Plugins/MovieScene/LevelSequenceEditor/LevelSequenceEditor.uplugin" 227
"../../../Engine/Plugins/Interchange/Editor/InterchangeEditor.uplugin" 228
"../../../Engine/Plugins/Media/AvidDNxMedia/AvidDNxMedia.uplugin" 229
"../../../Engine/Plugins/Slate/SlateInsights/SlateInsights.uplugin" 230
"../../../Engine/Plugins/Media/AvidDNxHDDecoderElectra/AvidDNxHDDecoderElectra.uplugin" 231
"../../../Engine/Plugins/Media/AjaMedia/AjaMedia.uplugin" 232
"../../../Engine/Plugins/Media/HAPDecoderElectra/HAPDecoderElectra.uplugin" 233
"../../../Engine/Plugins/Media/ImgMedia/ImgMedia.uplugin" 234
"../../../Engine/Plugins/Media/LinearTimecode/LinearTimecode.uplugin" 235
"../../../Engine/Plugins/Media/MediaMovieStreamer/MediaMovieStreamer.uplugin" 236
"../../../Engine/Plugins/Media/AndroidMedia/AndroidMedia.uplugin" 237
"../../../Engine/Plugins/MovieScene/ActorSequence/ActorSequence.uplugin" 238
"../../../Engine/Plugins/Media/MediaFrameworkUtilities/MediaFrameworkUtilities.uplugin" 239
"../../../Engine/Plugins/Media/MediaPlayerEditor/MediaPlayerEditor.uplugin" 240
"../../../Engine/Plugins/Media/MediaPlate/MediaPlate.uplugin" 241
"../../../Engine/Plugins/Media/BlackmagicMedia/BlackmagicMedia.uplugin" 242
"../../../Engine/Plugins/Media/ElectraSubtitles/ElectraSubtitles.uplugin" 243
"../../../Engine/Plugins/Media/MediaViewer/MediaViewer.uplugin" 244
"../../../Engine/Plugins/Media/NDIMedia/NDIMedia.uplugin" 245
"../../../Engine/Plugins/Media/ElectraCodecs/ElectraCodecs.uplugin" 246
"../../../Engine/Plugins/Media/ElectraCDM/ElectraCDM.uplugin" 247
"../../../Engine/Plugins/Media/ElectraUtil/ElectraUtil.uplugin" 248
"../../../Engine/Plugins/Importers/USDImporter/USDImporter.uplugin" 249
"../../../Engine/Plugins/NNE/NNERuntimeORT/NNERuntimeORT.uplugin" 250
"../../../Engine/Plugins/Media/PixelStreaming2/PixelStreaming2.uplugin" 251
"../../../Engine/Plugins/Importers/USDMultiUser/USDMultiUser.uplugin" 252
"../../../Engine/Plugins/Media/HardwareEncoders/HardwareEncoders.uplugin" 253
"../../../Engine/Plugins/Media/PixelStreaming/PixelStreaming.uplugin" 254
"../../../Engine/Plugins/Media/AvfMedia/AvfMedia.uplugin" 255
"../../../Engine/Plugins/Media/PixelCapture/PixelCapture.uplugin" 256
"../../../Engine/Plugins/NetcodeUnitTest/NUTUnrealEngine/NUTUnrealEngine.uplugin" 257
"../../../Engine/Plugins/Media/MfMedia/MfMedia.uplugin" 258
"../../../Engine/Plugins/Media/MediaCompositing/MediaCompositing.uplugin" 259
"../../../Engine/Plugins/Media/MJPEGDecoderElectra/MJPEGDecoderElectra.uplugin" 260
"../../../Engine/Plugins/Performance/AutomatedPerfTesting/AutomatedPerfTesting.uplugin" 261
"../../../Engine/Plugins/Media/OpusDecoderElectra/OpusDecoderElectra.uplugin" 262
"../../../Engine/Plugins/VirtualProduction/ActorModifierCore/ActorModifierCore.uplugin" 263
"../../../Engine/Plugins/Media/WebMMedia/WebMMedia.uplugin" 264
"../../../Engine/Plugins/Media/FlacDecoderElectra/FlacDecoderElectra.uplugin" 265
"../../../Engine/Plugins/VirtualProduction/CameraCalibration/CameraCalibration.uplugin" 266
"../../../Engine/Plugins/VirtualProduction/AvalancheDataLink/AvalancheDataLink.uplugin" 267
"../../../Engine/Plugins/Media/WmfMedia/WmfMedia.uplugin" 268
"../../../Engine/Plugins/Performance/PerformanceMonitor/PerformanceMonitor.uplugin" 269
"../../../Engine/Plugins/Media/HAPMedia/HAPMedia.uplugin" 270
"../../../Engine/Plugins/NetcodeUnitTest/NetcodeUnitTest/NetcodeUnitTest.uplugin" 271
"../../../Engine/Plugins/Media/TimecodeSynchronizer/TimecodeSynchronizer.uplugin" 272
"../../../Engine/Plugins/VirtualProduction/AvalancheSceneState/AvalancheSceneState.uplugin" 273
"../../../Engine/Plugins/Media/VPxDecoderElectra/VPxDecoderElectra.uplugin" 274
"../../../Engine/Plugins/VirtualProduction/Avalanche/Avalanche.uplugin" 275
"../../../Engine/Plugins/VirtualProduction/CameraCalibrationML/CameraCalibrationML.uplugin" 276
"../../../Engine/Plugins/VirtualProduction/GeometryMask/GeometryMask.uplugin" 277
"../../../Engine/Plugins/VirtualProduction/CaptureData/CaptureData.uplugin" 278
"../../../Engine/Plugins/VirtualProduction/ICVFXTesting/ICVFXTesting.uplugin" 279
"../../../Engine/Plugins/VirtualProduction/CameraCalibrationCore/CameraCalibrationCore.uplugin" 280
"../../../Engine/Plugins/VirtualProduction/DataLink/DataLink.uplugin" 281
"../../../Engine/Plugins/VirtualProduction/CinematicAssemblyTools/CinematicAssemblyTools.uplugin" 282
"../../../Engine/Plugins/VirtualProduction/DataCharts/DataCharts.uplugin" 283
"../../../Engine/Plugins/VirtualProduction/ActorModifier/ActorModifier.uplugin" 284
"../../../Engine/Plugins/VirtualProduction/LiveLinkFreeD/LiveLinkFreeD.uplugin" 285
"../../../Engine/Plugins/VirtualProduction/LiveLinkMasterLockit/LiveLinkMasterLockit.uplugin" 286
"../../../Engine/Plugins/VirtualProduction/LiveLinkVRPN/LiveLinkVRPN.uplugin" 287
"../../../Engine/Plugins/VirtualProduction/LiveLinkCamera/LiveLinkCamera.uplugin" 288
"../../../Engine/Plugins/VirtualProduction/CustomDetailsView/CustomDetailsView.uplugin" 289
"../../../Engine/Plugins/VirtualProduction/MultiUserTakes/MultiUserTakes.uplugin" 290
"../../../Engine/Plugins/Media/MediaIOFramework/MediaIOFramework.uplugin" 291
"../../../Engine/Plugins/VirtualProduction/CompositePlane/CompositePlane.uplugin" 292
"../../../Engine/Plugins/VirtualProduction/DynamicMaterial/DynamicMaterial.uplugin" 293
"../../../Engine/Plugins/VirtualProduction/ICVFX/ICVFX.uplugin" 294
"../../../Engine/Plugins/VirtualProduction/EpicStageApp/EpicStageApp.uplugin" 295
"../../../Engine/Plugins/VirtualProduction/DataLinkOAuth/DataLinkOAuth.uplugin" 296
"../../../Engine/Plugins/VirtualProduction/LiveLinkInputDevice/LiveLinkInputDevice.uplugin" 297
"../../../Engine/Plugins/VirtualProduction/LiveLinkPrestonMDR/LiveLinkPrestonMDR.uplugin" 298
"../../../Engine/Plugins/VirtualProduction/LiveLinkLens/LiveLinkLens.uplugin" 299
"../../../Engine/Plugins/VirtualProduction/RemoteControlProtocolOSC/RemoteControlProtocolOSC.uplugin" 300
"../../../Engine/Plugins/VirtualProduction/RemoteControlInterception/RemoteControlInterception.uplugin" 301
"../../../Engine/Plugins/VirtualProduction/SceneState/SceneState.uplugin" 302
"../../../Engine/Plugins/VirtualProduction/SceneStateDataLink/SceneStateDataLink.uplugin" 303
"../../../Engine/Plugins/VirtualProduction/RemoteControlProtocolMIDI/RemoteControlProtocolMIDI.uplugin" 304
"../../../Engine/Plugins/VirtualProduction/ClonerEffector/ClonerEffector.uplugin" 305
"../../../Engine/Plugins/VirtualProduction/RemoteControl/RemoteControl.uplugin" 306
"../../../Engine/Plugins/VirtualProduction/PerformanceCaptureWorkflow/PerformanceCaptureWorkflow.uplugin" 307
"../../../Engine/Plugins/VirtualProduction/Takes/Takes.uplugin" 308
"../../../Engine/Plugins/VirtualProduction/OperatorStack/OperatorStack.uplugin" 309
"../../../Engine/Plugins/VirtualProduction/RemoteControlProtocolDMX/RemoteControlProtocolDMX.uplugin" 310
"../../../Engine/Plugins/VirtualProduction/PropertyAnimatorCore/PropertyAnimatorCore.uplugin" 311
"../../../Engine/Plugins/VirtualProduction/PropertyAnimator/PropertyAnimator.uplugin" 312
"../../../Engine/Plugins/VirtualProduction/VirtualCamera/VirtualCamera.uplugin" 313
"../../../Engine/Plugins/VirtualProduction/TimedDataMonitor/TimedDataMonitor.uplugin" 314
"../../../Engine/Plugins/VirtualProduction/LiveLinkXR/LiveLinkXR.uplugin" 315
"../../../Engine/Plugins/Protocols/MQTT/MQTT.uplugin" 316
"../../../Engine/Plugins/VirtualProduction/StormSyncAvalancheBridge/StormSyncAvalancheBridge.uplugin" 317
"../../../Engine/Plugins/VirtualProduction/LevelSnapshots/LevelSnapshots.uplugin" 318
"../../../Engine/Plugins/VirtualProduction/RemoteControlWebInterface/RemoteControlWebInterface.uplugin" 319
"../../../Engine/Plugins/VirtualProduction/SequencerPlaylists/SequencerPlaylists.uplugin" 320
"../../../Engine/Plugins/Tests/CQTest/CQTest.uplugin" 321
"../../../Engine/Plugins/Tests/AutomationDriverTests/AutomationDriverTests.uplugin" 322
"../../../Engine/Plugins/Tests/AudioCQTests/AudioCQTests.uplugin" 323
"../../../Engine/Plugins/VirtualProduction/Text3D/Text3D.uplugin" 324
"../../../Engine/Plugins/VirtualProduction/Switchboard/Switchboard.uplugin" 325
"../../../Engine/Plugins/Tests/CQTestExperimental/CQTestExperimental.uplugin" 326
"../../../Engine/Plugins/Tests/EditorTests/EditorTests.uplugin" 327
"../../../Engine/Plugins/Tests/RHITests/RHITests.uplugin" 328
"../../../Engine/Plugins/VirtualProduction/SVGImporter/SVGImporter.uplugin" 329
"../../../Engine/Plugins/VirtualProduction/TextureShare/TextureShare.uplugin" 330
"../../../Engine/Plugins/Tests/TestSamples/TestSamples.uplugin" 331
"../../../Engine/Plugins/Tests/TestFramework/TestFramework.uplugin" 332
"../../../Engine/Plugins/VirtualProduction/LiveLinkOpenTrackIO/LiveLinkOpenTrackIO.uplugin" 333
"../../../Engine/Plugins/VirtualProduction/VirtualCameraCore/VirtualCameraCore.uplugin" 334
"../../../Engine/Plugins/Tests/WidgetAutomationTests/WidgetAutomationTests.uplugin" 335
"../../../Engine/Plugins/VirtualProduction/StageMonitoring/StageMonitoring.uplugin" 336
"../../../Engine/Plugins/VirtualProduction/StormSync/StormSync.uplugin" 337
"../../../Engine/Plugins/2D/Paper2D/Paper2D.uplugin" 338
"../../../Engine/Plugins/Experimental/AIAssistant/AIAssistant.uplugin" 339
"../../../Engine/Plugins/Tests/PythonAutomationTest/PythonAutomationTest.uplugin" 340
"../../../Engine/Plugins/VirtualProduction/VirtualScouting/VirtualScouting.uplugin" 341
"../../../Engine/Plugins/Tests/FunctionalTestingEditor/FunctionalTestingEditor.uplugin" 342
"../../../Engine/Plugins/Tests/CQTestEnhancedInput/CQTestEnhancedInput.uplugin" 343
"../../../Engine/Plugins/Tests/InterchangeTests/InterchangeTests.uplugin" 344
"../../../Engine/Plugins/Tests/FbxAutomationTestBuilder/FbxAutomationTestBuilder.uplugin" 345
"../../../Engine/Plugins/Cameras/CameraShakePreviewer/CameraShakePreviewer.uplugin" 346
"../../../Engine/Plugins/Web/HttpBlueprint/HttpBlueprint.uplugin" 347
"../../../Engine/Plugins/VirtualProduction/LensComponent/LensComponent.uplugin" 348
"../../../Engine/Plugins/Experimental/AvalancheSequenceNavigator/AvalancheSequenceNavigator.uplugin" 349
"../../../Engine/Plugins/Experimental/ChaosCaching/ChaosCaching.uplugin" 350
"../../../Engine/Plugins/Cameras/GameplayCameras/GameplayCameras.uplugin" 351
"../../../Engine/Plugins/Experimental/AnimToTexture/AnimToTexture.uplugin" 352
"../../../Engine/Plugins/Cameras/EngineCameras/EngineCameras.uplugin" 353
"../../../Engine/Plugins/Experimental/AsyncMessageSystem/AsyncMessageSystem.uplugin" 354
"../../../Engine/Plugins/Experimental/AdvancedRenamer/AdvancedRenamer.uplugin" 355
"../../../Engine/Plugins/Experimental/AutomationUtils/AutomationUtils.uplugin" 356
"../../../Engine/Plugins/Experimental/AsyncMessageSystemTests/AsyncMessageSystemTests.uplugin" 357
"../../../Engine/Plugins/Experimental/ChaosFlesh/ChaosFlesh.uplugin" 358
"../../../Engine/Plugins/Experimental/BackChannel/BackChannel.uplugin" 359
"../../../Engine/Plugins/Experimental/ActorPalette/ActorPalette.uplugin" 360
"../../../Engine/Plugins/Experimental/ChaosModularVehicleExamples/ChaosModularVehicleExamples.uplugin" 361
"../../../Engine/Plugins/Experimental/Buoyancy/Buoyancy.uplugin" 362
"../../../Engine/Plugins/Experimental/AvalancheDisplayCluster/AvalancheDisplayCluster.uplugin" 363
"../../../Engine/Plugins/Experimental/AbilitySystemGameFeatureActions/AbilitySystemGameFeatureActions.uplugin" 364
"../../../Engine/Plugins/Experimental/ChaosVehiclesPlugin/ChaosVehiclesPlugin.uplugin" 365
"../../../Engine/Plugins/Tests/RuntimeTests/RuntimeTests.uplugin" 366
"../../../Engine/Plugins/Experimental/BlueprintStats/BlueprintStats.uplugin" 367
"../../../Engine/Plugins/Experimental/ChaosEditor/ChaosEditor.uplugin" 368
"../../../Engine/Plugins/Experimental/BlueprintSnapNodes/BlueprintSnapNodes.uplugin" 369
"../../../Engine/Plugins/Experimental/ChaosCachingUSD/ChaosCachingUSD.uplugin" 370
"../../../Engine/Plugins/Experimental/CodeEditor/CodeEditor.uplugin" 371
"../../../Engine/Plugins/Experimental/CineCameraSceneCapture/CineCameraSceneCapture.uplugin" 372
"../../../Engine/Plugins/Experimental/CinematicPrestreaming/CinematicPrestreaming.uplugin" 373
"../../../Engine/Plugins/Experimental/ChaosModularVehicle/ChaosModularVehicle.uplugin" 374
"../../../Engine/Plugins/Experimental/CelestialVault/CelestialVault.uplugin" 375
"../../../Engine/Plugins/Experimental/CinematicSequenceNavigator/CinematicSequenceNavigator.uplugin" 376
"../../../Engine/Plugins/Experimental/ChaosMover/ChaosMover.uplugin" 377
"../../../Engine/Plugins/Experimental/ChaosOutfitAsset/ChaosOutfitAsset.uplugin" 378
"../../../Engine/Plugins/Experimental/ChaosRigidAsset/ChaosRigidAsset.uplugin" 379
"../../../Engine/Plugins/Experimental/ChaosUserDataPT/ChaosUserDataPT.uplugin" 380
"../../../Engine/Plugins/Experimental/CodeView/CodeView.uplugin" 381
"../../../Engine/Plugins/Experimental/CommonConversation/CommonConversation.uplugin" 382
"../../../Engine/Plugins/Experimental/CharacterAI/CharacterAI.uplugin" 383
"../../../Engine/Plugins/Experimental/ChaosClothEditor/ChaosClothEditor.uplugin" 384
"../../../Engine/Plugins/Experimental/Dataflow/Dataflow.uplugin" 385
"../../../Engine/Plugins/Experimental/EditorDataStorage/EditorDataStorage.uplugin" 386
"../../../Engine/Plugins/Experimental/ColorCorrectRegions/ColorCorrectRegions.uplugin" 387
"../../../Engine/Plugins/Experimental/DynamicMaterialMediaStreamBridge/DynamicMaterialMediaStreamBridge.uplugin" 388
"../../../Engine/Plugins/Experimental/DaySequence/DaySequence.uplugin" 389
"../../../Engine/Plugins/Experimental/ChaosSolverPlugin/ChaosSolverPlugin.uplugin" 390
"../../../Engine/Plugins/Experimental/ChaosNiagara/ChaosNiagara.uplugin" 391
"../../../Engine/Plugins/Experimental/FieldSystemPlugin/FieldSystemPlugin.uplugin" 392
"../../../Engine/Plugins/Experimental/ControlRigPhysics/ControlRigPhysics.uplugin" 393
"../../../Engine/Plugins/Experimental/EditorTelemetry/EditorTelemetry.uplugin" 394
"../../../Engine/Plugins/Experimental/EditorPerformance/EditorPerformance.uplugin" 395
"../../../Engine/Plugins/Experimental/EditorDataStorageFeatures/EditorDataStorageFeatures.uplugin" 396
"../../../Engine/Plugins/Experimental/GameplayGraph/GameplayGraph.uplugin" 397
"../../../Engine/Plugins/Experimental/DrawDebugLibrary/DrawDebugLibrary.uplugin" 398
"../../../Engine/Plugins/Experimental/GeometryCacheLevelSequenceBaker/GeometryCacheLevelSequenceBaker.uplugin" 399
"../../../Engine/Plugins/Experimental/EvaluationNotifies/EvaluationNotifies.uplugin" 400
"../../../Engine/Plugins/Experimental/ControlFlows/ControlFlows.uplugin" 401
"../../../Engine/Plugins/Experimental/GeometryCacheAbcFile/GeometryCacheAbcFile.uplugin" 402
"../../../Engine/Plugins/Experimental/GizmoEdMode/GizmoEdMode.uplugin" 403
"../../../Engine/Plugins/Experimental/DynamicWind/DynamicWind.uplugin" 404
"../../../Engine/Plugins/Experimental/HairStrandsMutable/HairStrandsMutable.uplugin" 405
"../../../Engine/Plugins/Experimental/GameInputWindows/GameInputWindows.uplugin" 406
"../../../Engine/Plugins/Experimental/GizmoFramework/GizmoFramework.uplugin" 407
"../../../Engine/Plugins/Experimental/CineCameraRigs/CineCameraRigs.uplugin" 408
"../../../Engine/Plugins/Experimental/FloatingProperties/FloatingProperties.uplugin" 409
"../../../Engine/Plugins/Experimental/ImageWidgets/ImageWidgets.uplugin" 410
"../../../Engine/Plugins/Experimental/DefaultInstallBundleManager/DefaultInstallBundleManager.uplugin" 411
"../../../Engine/Plugins/Experimental/FastGeoStreaming/FastGeoStreaming.uplugin" 412
"../../../Engine/Plugins/Experimental/GeometryFlow/GeometryFlow.uplugin" 413
"../../../Engine/Plugins/Experimental/HairModelingToolset/HairModelingToolset.uplugin" 414
"../../../Engine/Plugins/Experimental/Gauntlet/Gauntlet.uplugin" 415
"../../../Engine/Plugins/Experimental/GameplayTargetingSystem/TargetingSystem.uplugin" 416
"../../../Engine/Plugins/Experimental/GeometryCollectionPlugin/GeometryCollectionPlugin.uplugin" 417
"../../../Engine/Plugins/Experimental/GlobalConfigurationData/GlobalConfigurationData.uplugin" 418
"../../../Engine/Plugins/Experimental/Fracture/Fracture.uplugin" 419
"../../../Engine/Plugins/Experimental/JWT/JWT.uplugin" 420
"../../../Engine/Plugins/Experimental/Iris/Iris.uplugin" 421
"../../../Engine/Plugins/Experimental/FullBodyIK/FullBodyIK.uplugin" 422
"../../../Engine/Plugins/Experimental/LiveLinkOpenVR/LiveLinkOpenVR.uplugin" 423
"../../../Engine/Plugins/Experimental/LevelSequenceNavigatorBridge/LevelSequenceNavigatorBridge.uplugin" 424
"../../../Engine/Plugins/Experimental/LiveLinkControlRig/LiveLinkControlRig.uplugin" 425
"../../../Engine/Plugins/Experimental/GPULightmass/GPULightmass.uplugin" 426
"../../../Engine/Plugins/Experimental/GeometryDataflow/GeometryDataflow.uplugin" 427
"../../../Engine/Plugins/Experimental/MLflow/MLflow.uplugin" 428
"../../../Engine/Plugins/Experimental/ImpostorBaker/ImpostorBaker.uplugin" 429
"../../../Engine/Plugins/Experimental/HairCardGenerator/HairCardGenerator.uplugin" 430
"../../../Engine/Plugins/Experimental/InstanceDataObjectFixupTool/InstanceDataObjectFixupTool.uplugin" 431
"../../../Engine/Plugins/Experimental/Landmass/Landmass.uplugin" 432
"../../../Engine/Plugins/Experimental/ImagePlate/ImagePlate.uplugin" 433
"../../../Engine/Plugins/Experimental/LiveLinkFaceImporter/LiveLinkFaceImporter.uplugin" 434
"../../../Engine/Plugins/Experimental/MediaStream/MediaStream.uplugin" 435
"../../../Engine/Plugins/Experimental/LocalizableMessage/LocalizableMessage.uplugin" 436
"../../../Engine/Plugins/Experimental/LowLevelNetTrace/LowLevelNetTrace.uplugin" 437
"../../../Engine/Plugins/Experimental/MoverIntegrations/MoverIntegrations.uplugin" 438
"../../../Engine/Plugins/Experimental/MoverTests/MoverTests.uplugin" 439
"../../../Engine/Plugins/Experimental/GameplayBehaviors/GameplayBehaviors.uplugin" 440
"../../../Engine/Plugins/Experimental/MoverExamples/MoverExamples.uplugin" 441
"../../../Engine/Plugins/Experimental/MeshModelingToolsetExp/MeshModelingToolsetExp.uplugin" 442
"../../../Engine/Plugins/Experimental/NaniteAssemblyEditorUtils/NaniteAssemblyEditorUtils.uplugin" 443
"../../../Engine/Plugins/Experimental/MotorSimOutputMotoSynth/MotorSimOutputMotoSynth.uplugin" 444
"../../../Engine/Plugins/Experimental/MeshResizing/MeshResizing.uplugin" 445
"../../../Engine/Plugins/Experimental/NFORDenoise/NFORDenoise.uplugin" 446
"../../../Engine/Plugins/Experimental/MotoSynth/MotoSynth.uplugin" 447
"../../../Engine/Plugins/Experimental/MovieScenePoseSearchTracks/MovieScenePoseSearchTracks.uplugin" 448
"../../../Engine/Plugins/Experimental/InlineMaterialInstance/InlineMaterialInstance.uplugin" 449
"../../../Engine/Plugins/Experimental/NNERuntimeRDG/NNERuntimeRDG.uplugin" 450
"../../../Engine/Plugins/Experimental/Mover/Mover.uplugin" 451
"../../../Engine/Plugins/Experimental/MoverAnimNext/MoverAnimNext.uplugin" 452
"../../../Engine/Plugins/Experimental/NaniteDisplacedMesh/NaniteDisplacedMesh.uplugin" 453
"../../../Engine/Plugins/Experimental/MutableClothing/MutableClothing.uplugin" 454
"../../../Engine/Plugins/Experimental/LearningAgents/LearningAgents.uplugin" 455
"../../../Engine/Plugins/Experimental/PCGBiomeCore/PCGBiomeCore.uplugin" 456
"../../../Engine/Plugins/Experimental/InteractionInterface/InteractionInterface.uplugin" 457
"../../../Engine/Plugins/Experimental/MutableDataflow/MutableDataflow.uplugin" 458
"../../../Engine/Plugins/Experimental/OptiXDenoise/OptiXDenoise.uplugin" 459
"../../../Engine/Plugins/Experimental/NNERuntimeCoreML/NNERuntimeCoreML.uplugin" 460
"../../../Engine/Plugins/Experimental/MovieSceneAnimMixer/MovieSceneAnimMixer.uplugin" 461
"../../../Engine/Plugins/Experimental/PlainPropsUObject/PlainPropsUObject.uplugin" 462
"../../../Engine/Plugins/Experimental/PluginReferenceViewer/PluginReferenceViewer.uplugin" 463
"../../../Engine/Plugins/Experimental/PanoramicCapture/PanoramicCapture.uplugin" 464
"../../../Engine/Plugins/Experimental/InEditorDocumentation/InEditorDocumentation.uplugin" 465
"../../../Engine/Plugins/Experimental/ProceduralVegetationEditor/ProceduralVegetationEditor.uplugin" 466
"../../../Engine/Plugins/Experimental/NNERuntimeBasicCpu/NNERuntimeBasicCpu.uplugin" 467
"../../../Engine/Plugins/Experimental/NNERuntimeIREE/NNERuntimeIREE.uplugin" 468
"../../../Engine/Plugins/Experimental/PostProcessMaterialChainGraph/PostProcessMaterialChainGraph.uplugin" 469
"../../../Engine/Plugins/Experimental/MutablePopulation/MutablePopulation.uplugin" 470
"../../../Engine/Plugins/Experimental/PythonMLPackages/PythonMLPackages.uplugin" 471
"../../../Engine/Plugins/Experimental/NeuralRendering/NeuralRendering.uplugin" 472
"../../../Engine/Plugins/Experimental/PlatformCrypto/PlatformCrypto.uplugin" 473
"../../../Engine/Plugins/Experimental/PlainProps/PlainProps.uplugin" 474
"../../../Engine/Plugins/Experimental/PlainPropsEngine/PlainPropsEngine.uplugin" 475
"../../../Engine/Plugins/Experimental/OpenImageDenoise/OpenImageDenoise.uplugin" 476
"../../../Engine/Plugins/Experimental/RemoteControlComponents/RemoteControlComponents.uplugin" 477
"../../../Engine/Plugins/Experimental/RenderGrid/RenderGrid.uplugin" 478
"../../../Engine/Plugins/Experimental/RuntimeTelemetry/RuntimeTelemetry.uplugin" 479
"../../../Engine/Plugins/Experimental/PluginAudit/PluginAudit.uplugin" 480
"../../../Engine/Plugins/Experimental/PixelStreamingPlayer/PixelStreamingPlayer.uplugin" 481
"../../../Engine/Plugins/Experimental/RigLogicMutable/RigLogicMutable.uplugin" 482
"../../../Engine/Plugins/Experimental/PSDImporterMaterialDesignerBridge/PSDImporterMaterialDesignerBridge.uplugin" 483
"../../../Engine/Plugins/Experimental/RawInput/RawInput.uplugin" 484
"../../../Engine/Plugins/Experimental/SimpleHMD/SimpleHMD.uplugin" 485
"../../../Engine/Plugins/Experimental/PlanarCutPlugin/PlanarCut.uplugin" 486
"../../../Engine/Plugins/Experimental/SerializationUtils/SerializationUtils.uplugin" 487
"../../../Engine/Plugins/Experimental/RazerChromaDevices/RazerChromaDevices.uplugin" 488
"../../../Engine/Plugins/Experimental/RemoteControlActorModifierBridge/RemoteControlActorModifierBridge.uplugin" 489
"../../../Engine/Plugins/Experimental/SlateIM/SlateIM.uplugin" 490
"../../../Engine/Plugins/Experimental/ScreenReader/ScreenReader.uplugin" 491
"../../../Engine/Plugins/Experimental/SlateScreenReader/SlateScreenReader.uplugin" 492
"../../../Engine/Plugins/Experimental/PythonFoundationPackages/PythonFoundationPackages.uplugin" 493
"../../../Engine/Plugins/Experimental/RigLogicUAF/RigLogicUAF.uplugin" 494
"../../../Engine/Plugins/Experimental/PluginTemplateTool/PluginTemplateTool.uplugin" 495
"../../../Engine/Plugins/Experimental/QuicMessaging/QuicMessaging.uplugin" 496
"../../../Engine/Plugins/Experimental/SubmitToolEditor/SubmitToolEditor.uplugin" 497
"../../../Engine/Plugins/Experimental/SubtitlesAndClosedCaptions/SubtitlesAndClosedCaptions.uplugin" 498
"../../../Engine/Plugins/Experimental/TargetDeviceServicesScripting/TargetDeviceServicesScripting.uplugin" 499
"../../../Engine/Plugins/Experimental/MetasoundExperimental/MetasoundExperimental.uplugin" 500
"../../../Engine/Plugins/Experimental/TextToSpeech/TextToSpeech.uplugin" 501
"../../../Engine/Plugins/Experimental/Shotgrid/Shotgrid.uplugin" 502
"../../../Engine/Plugins/Experimental/SequenceNavigator/SequenceNavigator.uplugin" 503
"../../../Engine/Plugins/Experimental/SlateModelViewViewModel/SlateModelViewViewModel.uplugin" 504
"../../../Engine/Plugins/Experimental/UserToolBoxCore/UserToolBoxCore.uplugin" 505
"../../../Engine/Plugins/Experimental/SpatialReadiness/SpatialReadiness.uplugin" 506
"../../../Engine/Plugins/Experimental/SecuritySandbox/SecuritySandbox.uplugin" 507
"../../../Engine/Plugins/Experimental/SkeletalReduction/SkeletalReduction.uplugin" 508
"../../../Engine/Plugins/Experimental/ToolPresets/ToolPresets.uplugin" 509
"../../../Engine/Plugins/Experimental/UserToolBoxBasicCommand/UserToolBoxBasicCommand.uplugin" 510
"../../../Engine/Plugins/Experimental/VirtualProductionUtilities/VirtualProductionUtilities.uplugin" 511
"../../../Engine/Plugins/Experimental/WaterAdvanced/WaterAdvanced.uplugin" 512
"../../../Engine/Plugins/Experimental/TechAudioTools/TechAudioTools.uplugin" 513
"../../../Engine/Plugins/Experimental/StateGraph/StateGraph.uplugin" 514
"../../../Engine/Plugins/Experimental/StructUtils/StructUtils.uplugin" 515
"../../../Engine/Plugins/Experimental/RemoteSession/RemoteSession.uplugin" 516
"../../../Engine/Plugins/Experimental/TetMeshing/TetMeshing.uplugin" 517
"../../../Engine/Plugins/Experimental/PCGBiomeSample/PCGBiomeSample.uplugin" 518
"../../../Engine/Plugins/Experimental/VirtualHeightfieldMesh/VirtualHeightfieldMesh.uplugin" 519
"../../../Engine/Plugins/Experimental/PhysicsControl/PhysicsControl.uplugin" 520
"../../../Engine/Plugins/Experimental/PythonScriptPlugin/PythonScriptPlugin.uplugin" 521
"../../../Engine/Plugins/Experimental/Tensorboard/Tensorboard.uplugin" 522
"../../../Engine/Plugins/PCGInterops/PCGExternalDataInterop/PCGExternalDataInterop.uplugin" 523
"../../../Engine/Plugins/Experimental/WaterExtras/WaterExtras.uplugin" 524
"../../../Engine/Plugins/Experimental/WebSocketMessaging/WebSocketMessaging.uplugin" 525
"../../../Engine/Plugins/Runtime/ActorLayerUtilities/ActorLayerUtilities.uplugin" 526
"../../../Engine/Plugins/Experimental/Water/Water.uplugin" 527
"../../../Engine/Plugins/Runtime/AnimationBudgetAllocator/AnimationBudgetAllocator.uplugin" 528
"../../../Engine/Plugins/Experimental/WaveFunctionCollapse/WaveFunctionCollapse.uplugin" 529
"../../../Engine/Plugins/Runtime/AndroidPermission/AndroidPermission.uplugin" 530
"../../../Engine/Plugins/Experimental/WidgetEditorToolPalette/WidgetEditorToolPalette.uplugin" 531
"../../../Engine/Plugins/Experimental/WebSocketNetworking/WebSocketNetworking.uplugin" 532
"../../../Engine/Plugins/Runtime/AssetTags/AssetTags.uplugin" 533
"../../../Engine/Plugins/Experimental/SurfaceEffects/SurfaceEffects.uplugin" 534
"../../../Engine/Plugins/Runtime/AppleMoviePlayer/AppleMoviePlayer.uplugin" 535
"../../../Engine/Plugins/Experimental/Volumetrics/Volumetrics.uplugin" 536
"../../../Engine/Plugins/Experimental/UIFramework/UIFramework.uplugin" 537
"../../../Engine/Plugins/PCGInterops/PCGGeometryScriptInterop/PCGGeometryScriptInterop.uplugin" 538
"../../../Engine/Plugins/Experimental/Workspace/Workspace.uplugin" 539
"../../../Engine/Plugins/Runtime/AudioModulation/AudioModulation.uplugin" 540
"../../../Engine/Plugins/Runtime/ADM/ADM.uplugin" 541
"../../../Engine/Plugins/Runtime/AndroidDeviceProfileSelector/AndroidDeviceProfileSelector.uplugin" 542
"../../../Engine/Plugins/Runtime/ChunkDownloader/ChunkDownloader.uplugin" 543
"../../../Engine/Plugins/Runtime/AudioCapture/AudioCapture.uplugin" 544
"../../../Engine/Plugins/Runtime/AndroidMoviePlayer/AndroidMoviePlayer.uplugin" 545
"../../../Engine/Plugins/Runtime/ExampleDeviceProfileSelector/ExampleDeviceProfileSelector.uplugin" 546
"../../../Engine/Plugins/Runtime/AppleImageUtils/AppleImageUtils.uplugin" 547
"../../../Engine/Plugins/Runtime/ApexDestruction/ApexDestruction.uplugin" 548
"../../../Engine/Plugins/Runtime/GameInput/GameInput.uplugin" 549
"../../../Engine/Plugins/Runtime/GameplayAbilities/GameplayAbilities.uplugin" 550
"../../../Engine/Plugins/Runtime/GameFeatures/GameFeatures.uplugin" 551
"../../../Engine/Plugins/Experimental/XRCreativeFramework/XRCreativeFramework.uplugin" 552
"../../../Engine/Plugins/Runtime/GameplayStateTree/GameplayStateTree.uplugin" 553
"../../../Engine/Plugins/Runtime/ArchVisCharacter/ArchVisCharacter.uplugin" 554
"../../../Engine/Plugins/Experimental/PSDImporter/PSDImporter.uplugin" 555
"../../../Engine/Plugins/Runtime/GeometryCache/GeometryCache.uplugin" 556
"../../../Engine/Plugins/Runtime/ComputeFramework/ComputeFramework.uplugin" 557
"../../../Engine/Plugins/Runtime/AudioSynesthesia/AudioSynesthesia.uplugin" 558
"../../../Engine/Plugins/Runtime/CableComponent/CableComponent.uplugin" 559
"../../../Engine/Plugins/Runtime/CommonUI/CommonUI.uplugin" 560
"../../../Engine/Plugins/Runtime/AudioMotorSim/AudioMotorSim.uplugin" 561
"../../../Engine/Plugins/Runtime/AudioWidgets/AudioWidgets.uplugin" 562
"../../../Engine/Plugins/Runtime/GeometryScripting/GeometryScripting.uplugin" 563
"../../../Engine/Plugins/Runtime/GoogleCloudMessaging/GoogleCloudMessaging.uplugin" 564
"../../../Engine/Plugins/Runtime/HairStrands/HairStrands.uplugin" 565
"../../../Engine/Plugins/Runtime/GooglePAD/GooglePAD.uplugin" 566
"../../../Engine/Plugins/Runtime/GeoReferencing/GeoReferencing.uplugin" 567
"../../../Engine/Plugins/Runtime/ExternalGPUStatistics/ExternalGPUStatistics.uplugin" 568
"../../../Engine/Plugins/Runtime/CustomMeshComponent/CustomMeshComponent.uplugin" 569
"../../../Engine/Plugins/Runtime/Firebase/Firebase.uplugin" 570
"../../../Engine/Plugins/Runtime/LinuxDeviceProfileSelector/LinuxDeviceProfileSelector.uplugin" 571
"../../../Engine/Plugins/Runtime/GameplayBehaviorSmartObjects/GameplayBehaviorSmartObjects.uplugin" 572
"../../../Engine/Plugins/Runtime/GameplayInteractions/GameplayInteractions.uplugin" 573
"../../../Engine/Plugins/Runtime/LocationServicesBPLibrary/LocationServicesBPLibrary.uplugin" 574
"../../../Engine/Plugins/Runtime/AndroidBackgroundService/AndroidBackgroundService.uplugin" 575
"../../../Engine/Plugins/Runtime/MassGameplay/MassGameplay.uplugin" 576
"../../../Engine/Plugins/Runtime/LocationServicesIOSImpl/LocationServicesIOSImpl.uplugin" 577
"../../../Engine/Plugins/Runtime/LevelStreamingPersistence/LevelStreamingPersistence.uplugin" 578
"../../../Engine/Plugins/Runtime/InputDebugging/InputDebugging.uplugin" 579
"../../../Engine/Plugins/Runtime/IOSReplayKit/IOSReplayKit.uplugin" 580
"../../../Engine/Plugins/Runtime/DataRegistry/DataRegistry.uplugin" 581
"../../../Engine/Plugins/Runtime/LiveLinkOvernDisplay/LiveLinkOverNDisplay.uplugin" 582
"../../../Engine/Plugins/Runtime/HDRIBackdrop/HDRIBackdrop.uplugin" 583
"../../../Engine/Plugins/Runtime/HPMotionController/HPMotionController.uplugin" 584
"../../../Engine/Plugins/Runtime/MobilePatchingUtils/MobilePatchingUtils.uplugin" 585
"../../../Engine/Plugins/Runtime/LocationServicesAndroidImpl/LocationServicesAndroidImpl.uplugin" 586
"../../../Engine/Plugins/Runtime/MultiServerReplication/MultiServerReplication.uplugin" 587
"../../../Engine/Plugins/Runtime/NetworkPrediction/NetworkPrediction.uplugin" 588
"../../../Engine/Plugins/Runtime/NetworkPredictionExtras/NetworkPredictionExtras.uplugin" 589
"../../../Engine/Plugins/Runtime/AndroidFileServer/AndroidFileServer.uplugin" 590
"../../../Engine/Plugins/Runtime/MIDIDevice/MIDIDevice.uplugin" 591
"../../../Engine/Plugins/Runtime/HTTPChunkInstaller/HTTPChunkInstaller.uplugin" 592
"../../../Engine/Plugins/Runtime/InstancedActors/InstancedActors.uplugin" 593
"../../../Engine/Plugins/Runtime/ModularGameplay/ModularGameplay.uplugin" 594
"../../../Engine/Plugins/Runtime/ModelViewViewModel/ModelViewViewModel.uplugin" 595
"../../../Engine/Plugins/Runtime/MeshModelingToolset/MeshModelingToolset.uplugin" 596
"../../../Engine/Plugins/Runtime/nDisplay/nDisplay.uplugin" 597
"../../../Engine/Plugins/Runtime/MicrosoftSpatialAudio/MicroSoftSpatialSound.uplugin" 598
"../../../Engine/Plugins/Runtime/OpenCV/OpenCV.uplugin" 599
"../../../Engine/Plugins/Runtime/OpenXRViveTracker/OpenXRViveTracker.uplugin" 600
"../../../Engine/Plugins/Runtime/GeometryProcessing/GeometryProcessing.uplugin" 601
"../../../Engine/Plugins/Runtime/PreLoadScreenMoviePlayer/PreLoadScreenMoviePlayer.uplugin" 602
"../../../Engine/Plugins/Runtime/NavCorridor/NavCorridor.uplugin" 603
"../../../Engine/Plugins/Runtime/MusicEnvironment/MusicEnvironment.uplugin" 604
"../../../Engine/Plugins/Runtime/nDisplayModularFeatures/nDisplayModularFeatures.uplugin" 605
"../../../Engine/Plugins/Runtime/OSC/OSC.uplugin" 606
"../../../Engine/Plugins/Runtime/MixedRealityCaptureFramework/MixedRealityCaptureFramework.uplugin" 607
"../../../Engine/Plugins/Runtime/Harmonix/Harmonix.uplugin" 608
"../../../Engine/Plugins/Runtime/OpenXRMsftHandInteraction/OpenXRMsftHandInteraction.uplugin" 609
"../../../Engine/Plugins/Runtime/PropertyAccess/PropertyAccessEditor.uplugin" 610
"../../../Engine/Plugins/Runtime/NetworkPredictionInsights/NetworkPredictionInsights.uplugin" 611
"../../../Engine/Plugins/Runtime/MassEntity/MassEntity.uplugin" 612
"../../../Engine/Plugins/Runtime/OpenXR/OpenXR.uplugin" 613
"../../../Engine/Plugins/Runtime/OpenXREyeTracker/OpenXREyeTracker.uplugin" 614
"../../../Engine/Plugins/Runtime/MsQuic/MsQuic.uplugin" 615
"../../../Engine/Plugins/Runtime/RigVM/RigVM.uplugin" 616
"../../../Engine/Plugins/Runtime/ProceduralMeshComponent/ProceduralMeshComponent.uplugin" 617
"../../../Engine/Plugins/PCGInterops/PCGPythonInterop/PCGPythonInterop.uplugin" 618
"../../../Engine/Plugins/Runtime/SoundFields/SoundFields.uplugin" 619
"../../../Engine/Plugins/Runtime/OpenXRHandTracking/OpenXRHandTracking.uplugin" 620
"../../../Engine/Plugins/Runtime/Metasound/Metasound.uplugin" 621
"../../../Engine/Plugins/Runtime/SunPosition/SunPosition.uplugin" 622
"../../../Engine/Plugins/Runtime/IOSDeviceProfileSelector/IOSDeviceProfileSelector.uplugin" 623
"../../../Engine/Plugins/Runtime/RenderTrace/RenderTrace.uplugin" 624
"../../../Engine/Plugins/Runtime/ReplicationGraph/ReplicationGraph.uplugin" 625
"../../../Engine/Plugins/Runtime/Soundscape/Soundscape.uplugin" 626
"../../../Engine/Plugins/Runtime/SoundUtilities/SoundUtilities.uplugin" 627
"../../../Engine/Plugins/Runtime/WebBrowserNativeProxy/WebBrowserNativeProxy.uplugin" 628
"../../../Engine/Plugins/Runtime/SoundMod/SoundMod.uplugin" 629
"../../../Engine/Plugins/Runtime/SmartObjects/SmartObjects.uplugin" 630
"../../../Engine/Plugins/Runtime/PropertyBindingUtils/PropertyBindingUtils.uplugin" 631
"../../../Engine/Plugins/Runtime/SignificanceManager/SignificanceManager.uplugin" 632
"../../../Engine/Plugins/Runtime/ReplicationSystemTestPlugin/ReplicationSystemTestPlugin.uplugin" 633
"../../../Engine/Plugins/Runtime/ZoneGraph/ZoneGraph.uplugin" 634
"../../../Engine/Plugins/Runtime/ScriptableToolsFramework/ScriptableToolsFramework.uplugin" 635
"../../../Engine/Plugins/Runtime/ZoneGraphAnnotations/ZoneGraphAnnotations.uplugin" 636
"../../../Engine/Plugins/Runtime/Synthesis/Synthesis.uplugin" 637
"../../../Engine/Plugins/Runtime/Spatialization/Spatialization.uplugin" 638
"../../../Engine/Plugins/Runtime/StateTree/StateTree.uplugin" 639
"../../../Engine/Plugins/Runtime/SkeletalMerging/SkeletalMerging.uplugin" 640
"../../../Engine/Plugins/Runtime/ResonanceAudio/ResonanceAudio.uplugin" 641
"../../../Engine/Plugins/Runtime/WaveTable/WaveTable.uplugin" 642
"../../../Engine/Plugins/Marketplace/Developer/RiderLink/RiderLink.uplugin" 643
"../../../Engine/Plugins/Editor/ContentBrowser/ContentBrowserClassDataSource/ContentBrowserClassDataSource.uplugin" 644
"../../../Engine/Plugins/Online/VoiceChat/VoiceChat/VoiceChat.uplugin" 645
"../../../Engine/Plugins/Runtime/WarpUtils/WarpUtils.uplugin" 646
"../../../Engine/Plugins/Runtime/USDCore/USDCore.uplugin" 647
"../../../Engine/Plugins/Runtime/WebBrowserWidget/WebBrowserWidget.uplugin" 648
"../../../Engine/Plugins/Online/Android/AndroidFetchBackgroundDownload/AndroidFetchBackgroundDownload.uplugin" 649
"../../../Engine/Plugins/Runtime/Advertising/IOSTapJoy/IOSTapJoy.uplugin" 650
"../../../Engine/Plugins/Runtime/XRBase/XRBase.uplugin" 651
"../../../Engine/Plugins/Online/VoiceChat/EOSVoiceChat/EOSVoiceChat.uplugin" 652
"../../../Engine/Plugins/Editor/ContentBrowser/ContentBrowserFileDataSource/ContentBrowserFileDataSource.uplugin" 653
"../../../Engine/Plugins/Runtime/WorldConditions/WorldConditions.uplugin" 654
"../../../Engine/Plugins/Runtime/WebMMoviePlayer/WebMMoviePlayer.uplugin" 655
"../../../Engine/Plugins/Runtime/WindowsDeviceProfileSelector/WindowsDeviceProfileSelector.uplugin" 656
"../../../Engine/Plugins/Runtime/SoundCueTemplates/SoundCueTemplates.uplugin" 657
"../../../Engine/Plugins/VirtualProduction/DMX/DMXEngine/DMXEngine.uplugin" 658
"../../../Engine/Plugins/VirtualProduction/DMX/DatasmithMVR/DatasmithMVR.uplugin" 659
"../../../Engine/Plugins/VirtualProduction/DMX/DMXModularFeatures/DMXModularFeatures.uplugin" 660
"../../../Engine/Plugins/Editor/ContentBrowser/ContentBrowserAssetDataSource/ContentBrowserAssetDataSource.uplugin" 661
"../../../Engine/Plugins/Animation/MLDeformer/NearestNeighborModel/NearestNeighborModel.uplugin" 662
"../../../Engine/Plugins/Animation/MLDeformer/VertexDeltaModel/VertexDeltaModel.uplugin" 663
"../../../Engine/Plugins/VirtualProduction/DMX/DMXControlConsole/DMXControlConsole.uplugin" 664
"../../../Engine/Plugins/VirtualProduction/CaptureManager/CaptureManagerApp/CaptureManagerApp.uplugin" 665
"../../../Engine/Plugins/VirtualProduction/DMX/DMXGDTF/DMXGDTF.uplugin" 666
"../../../Engine/Plugins/VirtualProduction/DMX/DMXFixtures/DMXFixtures.uplugin" 667
"../../../Engine/Plugins/VirtualProduction/DMX/DMXProtocol/DMXProtocol.uplugin" 668
"../../../Engine/Plugins/Animation/MLDeformer/ChaosFleshGenerator/ChaosFleshGenerator.uplugin" 669
"../../../Engine/Plugins/VirtualProduction/DMX/DMXPixelMapping/DMXPixelMapping.uplugin" 670
"../../../Engine/Plugins/Experimental/Animation/Locomotor/Locomotor.uplugin" 671
"../../../Engine/Plugins/VirtualProduction/DMX/DMXDisplayCluster/DMXDisplayCluster.uplugin" 672
"../../../Engine/Plugins/Animation/MLDeformer/NeuralMorphModel/NeuralMorphModel.uplugin" 673
"../../../Engine/Plugins/Experimental/Animation/HierarchyTableAnimation/HierarchyTableAnimation.uplugin" 674
"../../../Engine/Plugins/Experimental/Animation/Optimus/Optimus.uplugin" 675
"../../../Engine/Plugins/Runtime/OptionalMobileFeaturesBPLibrary/OptionalMobileFeaturesBPLibrary.uplugin" 676
"../../../Engine/Plugins/Experimental/Animation/RigMapper/RigMapper.uplugin" 677
"../../../Engine/Plugins/Animation/MLDeformer/MLDeformerFramework/MLDeformerFramework.uplugin" 678
"../../../Engine/Plugins/VirtualProduction/CaptureManager/CaptureManagerDevices/CaptureManagerDevices.uplugin" 679
"../../../Engine/Plugins/VirtualProduction/CaptureManager/CaptureManagerEditor/CaptureManagerEditor.uplugin" 680
"../../../Engine/Plugins/Experimental/Animation/ContextualAnimation/ContextualAnimation.uplugin" 681
"../../../Engine/Plugins/Runtime/WindowsMoviePlayer/WindowsMoviePlayer.uplugin" 682
"../../../Engine/Plugins/Animation/MLDeformer/ChaosClothGenerator/ChaosClothGenerator.uplugin" 683
"../../../Engine/Plugins/Experimental/Animation/HierarchyTable/HierarchyTable.uplugin" 684
"../../../Engine/Plugins/Experimental/Animation/CurveExpression/CurveExpression.uplugin" 685
"../../../Engine/Plugins/Runtime/PacketHandlers/AESGCMHandlerComponent/AESGCMHandlerComponent.uplugin" 686
"../../../Engine/Plugins/Interchange/Extensions/OpenUSD/InterchangeOpenUSD.uplugin" 687
"../../../Engine/Plugins/Experimental/PCGInterops/PCGFastGeoInterop/PCGFastGeoInterop.uplugin" 688
"../../../Engine/Plugins/Experimental/Animation/MotionTrajectory/MotionTrajectory.uplugin" 689
"../../../Engine/Plugins/VirtualProduction/CaptureManager/CaptureManagerCore/CaptureManagerCore.uplugin" 690
"../../../Engine/Plugins/Editor/ContentBrowser/ContentBrowserAliasDataSource/ContentBrowserAliasDataSource.uplugin" 691
"../../../Engine/Plugins/Online/Android/OnlineSubsystemGooglePlay/OnlineSubsystemGooglePlay.uplugin" 692
"../../../Engine/Plugins/Runtime/Nvidia/GeForceNOWWrapper/GeForceNOWWrapper.uplugin" 693
"../../../Engine/Plugins/Experimental/Animation/RigMapperOp/RigMapperOp.uplugin" 694
"../../../Engine/Plugins/Runtime/PacketHandlers/DTLSHandlerComponent/DTLSHandlerComponent.uplugin" 695
"../../../Engine/Plugins/Experimental/Animation/RelativeIKOp/RelativeIKOp.uplugin" 696
"../../../Engine/Plugins/Experimental/PCGInterops/PCGInstancedActorsInterop/PCGInstancedActorsInterop.uplugin" 697
"../../../Engine/Plugins/Experimental/PCGInterops/PCGWaterInterop/PCGWaterInterop.uplugin" 698
"../../../Engine/Plugins/Developer/Concert/ConcertMain/ConcertMain.uplugin" 699
"../../../Engine/Plugins/Experimental/UAF/UAF/UAF.uplugin" 700
"../../../Engine/Plugins/Experimental/UAF/UAFAnimGraph/UAFAnimGraph.uplugin" 701
"../../../Engine/Plugins/Experimental/Animation/PackedAttributes/PackedAttributes.uplugin" 702
"../../../Engine/Plugins/Editor/Localization/PortableObjectFileDataSource/PortableObjectFileDataSource.uplugin" 703
"../../../Engine/Plugins/Runtime/MeshReconstruction/DummyMeshReconstructor/DummyMeshReconstructor.uplugin" 704
"../../../Engine/Plugins/Experimental/UAF/UAFWarping/UAFWarping.uplugin" 705
"../../../Engine/Plugins/Experimental/PCGInterops/PCGNiagaraInterop/PCGNiagaraInterop.uplugin" 706
"../../../Engine/Plugins/Experimental/VirtualProduction/VPRoles/VPRoles.uplugin" 707
"../../../Engine/Plugins/Experimental/Animation/SkeletalMeshMorphTargetEditingTools/SkeletalMeshMorphTargetEditingTools.uplugin" 708
"../../../Engine/Plugins/Experimental/PCGInterops/PCGNaniteAssembliesInterop/PCGNaniteAssembliesInterop.uplugin" 709
"../../../Engine/Plugins/Runtime/XR/XRScribe/XRScribe.uplugin" 710
"../../../Engine/Plugins/Experimental/UAF/UAFPoseSearch/UAFPoseSearch.uplugin" 711
"../../../Engine/Plugins/Editor/ObjectMixer/ObjectMixer/ObjectMixer.uplugin" 712
"../../../Engine/Plugins/Runtime/PacketHandlers/AESHandlerComponent/AESHandlerComponent.uplugin" 713
"../../../Engine/Plugins/Experimental/UAF/UAFChooser/UAFChooser.uplugin" 714
"../../../Engine/Plugins/Experimental/UAF/UAFStateTree/UAFStateTree.uplugin" 715
"../../../Engine/Plugins/Experimental/VirtualProduction/VPSettings/VPSettings.uplugin" 716
"../../../Engine/Plugins/Experimental/UAF/UAFTests/UAFTests.uplugin" 717
"../../../Engine/Plugins/Experimental/AVCodecs/VTCodecs/VTCodecs.uplugin" 718
"../../../Engine/Plugins/Experimental/AVCodecs/AMFCodecs/AMFCodecs.uplugin" 719
"../../../Engine/Plugins/Runtime/Nvidia/Reflex/Reflex.uplugin" 720
"../../../Engine/Plugins/Interchange/Extensions/OpenVDB/InterchangeOpenVDB.uplugin" 721
"../../../Engine/Plugins/Experimental/AVCodecs/NVCodecs/NVCodecs.uplugin" 722
"../../../Engine/Plugins/Experimental/AVCodecs/WMFCodecs/WMFCodecs.uplugin" 723
"../../../Engine/Plugins/Experimental/Web/WebAPI/WebAPI.uplugin" 724
"../../../Engine/Plugins/Editor/ObjectMixer/LightMixer/LightMixer.uplugin" 725
"../../../Engine/Plugins/Experimental/AVCodecs/LibVpxCodecs/LibVpxCodecs.uplugin" 726
"../../../Engine/Plugins/Runtime/Steam/SteamAudio/SteamAudio.uplugin" 727
"../../../Engine/Plugins/Runtime/XR/XRVisualization/XRVisualization.uplugin" 728
"../../../Engine/Plugins/Runtime/Database/SQLiteCore/SQLiteCore.uplugin" 729
"../../../Engine/Plugins/Experimental/Animation/TrajectoryTools/TrajectoryTools.uplugin" 730
"../../../Engine/Plugins/Experimental/MetaHuman/MetaHumanRuntime/MetaHumanRuntime.uplugin" 731
"../../../Engine/Plugins/Experimental/UAF/UAFMirroring/UAFMirroring.uplugin" 732
"../../../Engine/Plugins/Experimental/MetaHuman/MetaHumanCalibrationDiagnostics/MetaHumanCalibrationDiagnostics.uplugin" 733
"../../../Engine/Plugins/Runtime/AR/ARUtilities/ARUtilities.uplugin" 734
"../../../Engine/Plugins/Experimental/AVCodecs/AVCodecsCore/AVCodecsCore.uplugin" 735
"../../../Engine/Plugins/Experimental/CharacterFXEditor/BaseCharacterFXEditor/BaseCharacterFXEditor.uplugin" 736
"../../../Engine/Plugins/Runtime/Steam/SteamController/SteamController.uplugin" 737
"../../../Engine/Plugins/Runtime/Windows/WinDualShock/WinDualShock.uplugin" 738
"../../../Engine/Plugins/Runtime/Database/ADOSupport/ADOSupport.uplugin" 739
"../../../Engine/Plugins/VirtualProduction/Rivermax/RivermaxSync/RivermaxSync.uplugin" 740
"../../../Engine/Plugins/Runtime/Steam/SteamShared/SteamShared.uplugin" 741
"../../../Engine/Plugins/Runtime/Analytics/AnalyticsBlueprintLibrary/AnalyticsBlueprintLibrary.uplugin" 742
"../../../Engine/Plugins/Runtime/Steam/SteamSockets/SteamSockets.uplugin" 743
"../../../Engine/Plugins/Runtime/Database/SQLiteSupport/SQLiteSupport.uplugin" 744
"../../../Engine/Plugins/Experimental/MetaHuman/MetaHumanCharacterUAF/MetaHumanCharacterUAF.uplugin" 745
"../../../Engine/Plugins/Experimental/CharacterFXEditor/ExampleCharacterFXEditor/ExampleCharacterFXEditor.uplugin" 746
"../../../Engine/Plugins/Experimental/Enterprise/DatasmithRuntime/DatasmithRuntime.uplugin" 747
"../../../Engine/Plugins/Online/IOS/OnlineSubsystemIOS/OnlineSubsystemIOS.uplugin" 748
"../../../Engine/Plugins/Runtime/Analytics/Adjust/Adjust.uplugin" 749
"../../../Engine/Plugins/Runtime/Database/DatabaseSupport/DatabaseSupport.uplugin" 750
"../../../Engine/Plugins/Runtime/Database/RemoteDatabaseSupport/RemoteDatabaseSupport.uplugin" 751
"../../../Engine/Plugins/VirtualProduction/Rivermax/RivermaxCore/RivermaxCore.uplugin" 752
"../../../Engine/Plugins/Developer/Concert/ConcertSync/ConcertSyncCore/ConcertSyncCore.uplugin" 753
"../../../Engine/Plugins/Runtime/Analytics/FileLogging/FileLogging.uplugin" 754
"../../../Engine/Plugins/Developer/Concert/ConcertSync/ConcertSyncServer/ConcertSyncServer.uplugin" 755
"../../../Engine/Plugins/Developer/Concert/ConcertInsights/ConcertInsightsVisualizer/ConcertInsightsVisualizer.uplugin" 756
"../../../Engine/Plugins/Runtime/Analytics/AnalyticsMulticast/AnalyticsMulticast.uplugin" 757
"../../../Engine/Plugins/Experimental/VirtualProduction/LedWallCalibration/LedWallCalibration.uplugin" 758
"../../../Engine/Plugins/Experimental/Enterprise/DataprepGeometryOperations/DataprepGeometryOperations.uplugin" 759
"../../../Engine/Plugins/Runtime/Windows/XInputDevice/XInputDevice.uplugin" 760
"../../../Engine/Plugins/Developer/Concert/ConcertInsights/ConcertInsightsCore/ConcertInsightsCore.uplugin" 761
"../../../Engine/Plugins/Developer/Concert/ConcertScripting/ConcertReplicationScripting/ConcertReplicationScripting.uplugin" 762
"../../../Engine/Plugins/VirtualProduction/Rivermax/RivermaxMedia/RivermaxMedia.uplugin" 763
"../../../Engine/Plugins/Runtime/AR/AppleAR/AppleARKitFaceSupport/AppleARKitFaceSupport.uplugin" 764
"../../../Engine/Plugins/Experimental/Animation/MLDeformer/DetailPoseModel/DetailPoseModel.uplugin" 765
"../../../Engine/Plugins/Experimental/UAF/UAFControlRig/UAFControlRig.uplugin" 766
"../../../Engine/Plugins/Experimental/Enterprise/DatasmithInterchange/DatasmithInterchange.uplugin" 767
"../../../Engine/Plugins/Runtime/AR/AppleAR/AppleARKit/AppleARKit.uplugin" 768
"../../../Engine/Plugins/Developer/Concert/ConcertUI/ConcertSharedSlate/ConcertSharedSlate.uplugin" 769
"../../../Engine/Plugins/Runtime/AR/Google/GoogleARCoreServices/GoogleARCoreServices.uplugin" 770
"../../../Engine/Plugins/Runtime/Windows/WinVirtualKeyboard/WinVirtualKeyboard.uplugin" 771
"../../../Engine/Plugins/Developer/Concert/ConcertSync/ConcertSyncTest/ConcertSyncTest.uplugin" 772
"../../../Engine/Plugins/Developer/Concert/ConcertApp/MultiUserClient/MultiUserClient.uplugin" 773
"../../../Engine/Plugins/Developer/Concert/ConcertApp/DisasterRecoveryClient/DisasterRecoveryClient.uplugin" 774
"../../../Engine/Plugins/Developer/Concert/ConcertSync/ConcertSyncClient/ConcertSyncClient.uplugin" 775
"../../../Engine/Plugins/Developer/Concert/ConcertUI/ConcertClientSharedSlate/ConcertClientSharedSlate.uplugin" 776
"../../../Engine/Plugins/Runtime/AR/Google/GoogleARCore/GoogleARCore.uplugin" 777
"../../../Engine/Plugins/Developer/Concert/ConcertInsights/ConcertInsightsServer/ConcertInsightsServer.uplugin" 778
"../../../Engine/Plugins/Developer/Concert/ConcertApp/MultiUserServer/MultiUserServer.uplugin" 779
"../../../Engine/Plugins/Developer/Concert/ConcertInsights/ConcertInsightsClient/ConcertInsightsClient.uplugin" 780
"../../../Engine/Platforms/Android/Plugins/Animation/RigLogic/RigLogic_Android.uplugin" 781
"../../../Engine/Platforms/Android/Plugins/Animation/ACLPlugin/ACLPlugin_Android.uplugin" 782
"../../../Engine/Platforms/IOS/Plugins/Animation/RigLogic/RigLogic_IOS.uplugin" 783
"../../../Engine/Content/Internationalization/icudt64l/cnvalias.icu" 784
"../../../Engine/Content/Internationalization/icudt64l/res_index.res" 785
"../../../Engine/Content/Internationalization/icudt64l/plurals.res" 786
"../../../Engine/Content/Internationalization/icudt64l/lang/fr.res" 787
"../../../Engine/Content/Internationalization/icudt64l/lang/pool.res" 788
"../../../Engine/Content/Internationalization/icudt64l/lang/root.res" 789
"../../../Engine/Content/Internationalization/icudt64l/region/fr.res" 790
"../../../Engine/Content/Internationalization/icudt64l/region/pool.res" 791
"../../../Engine/Content/Internationalization/icudt64l/region/root.res" 792
"../../../Engine/Content/Internationalization/icudt64l/lang/en.res" 793
"../../../Engine/Content/Internationalization/icudt64l/region/en.res" 794
"../../../Engine/Content/Internationalization/icudt64l/windowsZones.res" 795
"../../../Engine/Content/Internationalization/icudt64l/zoneinfo64.res" 796
"../../../Engine/Content/Internationalization/icudt64l/keyTypeData.res" 797
"../../../Engine/Content/Internationalization/icudt64l/timezoneTypes.res" 798
"../../../Engine/Content/Internationalization/icudt64l/likelySubtags.res" 799
"../../../Engine/Content/Internationalization/icudt64l/fr_FR.res" 800
"../../../Engine/Content/Internationalization/icudt64l/pool.res" 801
"../../../Engine/Content/Internationalization/icudt64l/fr.res" 802
"../../../Engine/Content/Internationalization/icudt64l/root.res" 803
"../../../Engine/Content/Internationalization/icudt64l/supplementalData.res" 804
"../../../Engine/Config/ConfigRedirects.ini" 805
"C:/Users/PC/AppData/Local/UnrealEngine/5.7/Saved/Config/WindowsEditor/Manifest.ini" 806
"../../../Engine/Config/BaseEngine.ini" 807
"../../../Engine/Config/Windows/BaseWindowsEngine.ini" 808
"../../../../../GitHub/KeepPushing/Config/DefaultEngine.ini" 809
"../../../Engine/Config/BaseGame.ini" 810
"../../../../../GitHub/KeepPushing/Config/DefaultGame.ini" 811
"../../../Engine/Config/Windows/WindowsGame.ini" 812
"C:/Users/PC/Documents/GitHub/KeepPushing/Saved/Config/WindowsEditor/Game.ini" 813
"../../../Engine/Config/BaseInput.ini" 814
"../../../Engine/Config/Windows/BaseWindowsInput.ini" 815
"../../../../../GitHub/KeepPushing/Config/DefaultInput.ini" 816
"../../../Engine/Config/Windows/WindowsInput.ini" 817
"../../../Engine/Config/BaseDeviceProfiles.ini" 818
"../../../Engine/Config/BaseGameUserSettings.ini" 819
"C:/Users/PC/Documents/GitHub/KeepPushing/Saved/Config/WindowsEditor/GameUserSettings.ini" 820
"../../../Engine/Config/BaseScalability.ini" 821
"../../../Engine/Config/BaseRuntimeOptions.ini" 822
"../../../Engine/Config/BaseInstallBundle.ini" 823
"../../../Engine/Config/BaseHardware.ini" 824
"../../../Engine/Config/BaseCompat.ini" 825
"../../../Engine/Config/BaseLightmass.ini" 826
"../../../Engine/Config/BaseEditor.ini" 827
"../../../../../GitHub/KeepPushing/Config/DefaultEditor.ini" 828
"C:/Users/PC/Documents/GitHub/KeepPushing/Saved/Config/WindowsEditor/Editor.ini" 829
"../../../Engine/Config/BaseMaterialExpressions.ini" 830
"../../../Engine/Config/BaseEditorPerProjectUserSettings.ini" 831
"../../../Engine/Config/Windows/WindowsEditorPerProjectUserSettings.ini" 832
"C:/Users/PC/Documents/GitHub/KeepPushing/Saved/Config/WindowsEditor/EditorPerProjectUserSettings.ini" 833
"../../../Engine/Config/BaseEditorSettings.ini" 834
"../../../Engine/Config/Windows/WindowsEditorSettings.ini" 835
"C:/Users/PC/AppData/Local/UnrealEngine/5.7/Saved/Config/WindowsEditor/EditorSettings.ini" 836
"../../../Engine/Config/BaseEditorKeyBindings.ini" 837
"C:/Users/PC/AppData/Local/UnrealEngine/5.7/Saved/Config/WindowsEditor/EditorLayout.ini" 838
"../../../Engine/Config/IOS/BaseIOSEngine.ini" 839
"../../../Engine/Config/TVOS/TVOSEngine.ini" 840
"../../../Engine/Config/Mac/BaseMacEngine.ini" 841
"../../../Engine/Config/Android/BaseAndroidEngine.ini" 842
"../../../../../GitHub/KeepPushing/Intermediate/CachedAssetRegistryDiscovery.bin" 843
"../../../../../GitHub/KeepPushing/Binaries/Win64/KeepPushing.target" 844
"../../../Engine/Platforms/VisionOS/Config/BaseVisionOSEngine.ini" 845
"../../../Engine/Config/Linux/BaseLinuxEngine.ini" 846
"../../../Engine/Config/Unix/UnixEngine.ini" 847
"../../../Engine/Config/IOS/BaseIOSGame.ini" 848
"../../../Engine/Config/Android/AndroidEngine.ini" 849
"../../../Engine/Platforms/VisionOS/Config/VisionOSEngine.ini" 850
"../../../../../GitHub/KeepPushing/Binaries/Win64/KeepPushingEditor.target" 851
"../../../Engine/Config/IOS/IOSGame.ini" 852
"../../../Engine/Config/Android/BaseAndroidGame.ini" 853
"../../../Engine/Config/Linux/LinuxEngine.ini" 854
"../../../Engine/Config/IOS/BaseIOSInput.ini" 855
"../../../Engine/Config/Mac/MacGame.ini" 856
"../../../Engine/Config/Android/BaseAndroidInput.ini" 857
"../../../Engine/Config/Mac/BaseMacInput.ini" 858
"../../../Engine/Config/Linux/LinuxGame.ini" 859
"../../../Engine/Config/Android/AndroidScalability.ini" 860
"../../../Engine/Config/IOS/IOSScalability.ini" 861
"../../../Engine/Config/IOS/BaseIOSInstallBundle.ini" 862
"../../../Engine/Config/Android/BaseAndroidInstallBundle.ini" 863
"../../../Engine/Config/PluginBase.ini" 864
"../../../Engine/Plugins/ChaosVD/Config/DefaultChaosVD.ini" 865
"../../../Engine/Plugins/EnhancedInput/Config/BaseEnhancedInput.ini" 866
"../../../Engine/Plugins/Fab/Config/BaseFab.ini" 867
"../../../Engine/Plugins/TraceUtilities/Config/BaseTraceUtilities.ini" 868
"../../../Engine/Plugins/Editor/EditorScriptingUtilities/Config/BaseEditorScriptingUtilities.ini" 869
"../../../Engine/Plugins/Enterprise/DatasmithContent/Config/BaseDatasmithContent.ini" 870
"../../../Engine/Plugins/Enterprise/GLTFExporter/Config/BaseGLTFExporter.ini" 871
"../../../Engine/Plugins/Enterprise/GLTFExporter/Config/DefaultGLTFExporter.ini" 872
"../../../Engine/Plugins/Enterprise/VariantManagerContent/Config/BaseVariantManagerContent.ini" 873
"../../../Engine/Plugins/FX/Niagara/Config/BaseNiagara.ini" 874
"../../../Engine/Plugins/MetaHuman/MetaHumanSDK/Config/BaseMetaHumanSDK.ini" 875
"../../../Engine/Plugins/Animation/ControlRig/Config/BaseControlRig.ini" 876
"../../../Engine/Plugins/Animation/DeformerGraph/Config/BaseDeformerGraph.ini" 877
"../../../Engine/Plugins/Animation/IKRig/Config/BaseIKRig.ini" 878
"../../../Engine/Plugins/Interchange/Assets/Config/BaseInterchangeAssets.ini" 879
"../../../Engine/Plugins/Compositing/CompositeCore/Config/BaseCompositeCore.ini" 880
"../../../Engine/Plugins/Interchange/Runtime/Config/BaseInterchange.ini" 881
"../../../Engine/Plugins/VirtualProduction/Takes/Config/BaseTakes.ini" 882
"../../../Engine/Plugins/2D/Paper2D/Config/BasePaper2D.ini" 883
"../../../Engine/Plugins/Cameras/GameplayCameras/Config/BaseGameplayCameras.ini" 884
"../../../Engine/Plugins/Experimental/FullBodyIK/Config/BaseFullBodyIK.ini" 885
"../../../Engine/Plugins/Experimental/ToolPresets/Config/BaseToolPresets.ini" 886
"../../../Engine/Plugins/Runtime/HairStrands/Config/BaseHairStrands.ini" 887
"../../../Engine/Plugins/Runtime/Metasound/Config/BaseMetasound.ini" 888
"../../../Engine/Plugins/Runtime/Metasound/Config/DefaultMetasound.ini" 889
"../../../Engine/Plugins/Runtime/PropertyBindingUtils/Config/BasePropertyBindingUtils.ini" 890
"../../../Engine/Plugins/Runtime/RigVM/Config/BaseRigVM.ini" 891
"../../../Engine/Plugins/Runtime/StateTree/Config/BaseStateTree.ini" 892
"../../../Engine/Plugins/Runtime/Synthesis/Config/BaseSynthesis.ini" 893
"../../../Engine/Plugins/ChaosVD/Config/Engine.ini" 894
"../../../Engine/Plugins/EnhancedInput/Config/Input.ini" 895
"../../../Engine/Plugins/Runtime/InputDebugging/Config/Input.ini" 896
"../../../Engine/Plugins/Runtime/Windows/XInputDevice/Config/Input.ini" 897
"../../../Engine/Plugins/Online/OnlineSubsystemUtils/Config/Editor.ini" 898
"../../../Engine/Plugins/Runtime/RigVM/Config/Editor.ini" 899
"../../../Engine/Plugins/NNE/NNEDenoiser/Config/Game.ini" 900
"../../../Engine/Plugins/Editor/ModelingToolsEditorMode/Binaries/Win64/UnrealEditor.modules" 901
"../../../Engine/Plugins/Runtime/MeshModelingToolset/Binaries/Win64/UnrealEditor.modules" 902
"../../../Engine/Plugins/Experimental/MeshModelingToolsetExp/Binaries/Win64/UnrealEditor.modules" 903
"../../../Engine/Plugins/Editor/MeshLODToolset/Binaries/Win64/UnrealEditor.modules" 904
"../../../Engine/Plugins/Experimental/ToolPresets/Binaries/Win64/UnrealEditor.modules" 905
"../../../Engine/Plugins/Editor/StylusInput/Binaries/Win64/UnrealEditor.modules" 906
"../../../Engine/Plugins/Runtime/GeometryProcessing/Binaries/Win64/UnrealEditor.modules" 907
"../../../Engine/Plugins/Editor/ProxyLODPlugin/Binaries/Win64/UnrealEditor.modules" 908
"../../../Engine/Plugins/Experimental/PlanarCutPlugin/Binaries/Win64/UnrealEditor.modules" 909
"../../../Engine/Plugins/Runtime/GeometryCache/Binaries/Win64/UnrealEditor.modules" 910
"../../../Engine/Plugins/Experimental/GeometryFlow/Binaries/Win64/UnrealEditor.modules" 911
"../../../Engine/Plugins/Editor/EditorScriptingUtilities/Binaries/Win64/UnrealEditor.modules" 912
"../../../Engine/Plugins/FX/Niagara/Binaries/Win64/UnrealEditor.modules" 913
"../../../Engine/Plugins/Experimental/PythonScriptPlugin/Binaries/Win64/UnrealEditor.modules" 914
"../../../Engine/Plugins/Editor/ContentBrowser/ContentBrowserFileDataSource/Binaries/Win64/UnrealEditor.modules" 915
"../../../Engine/Plugins/Experimental/ChaosVehiclesPlugin/Binaries/Win64/UnrealEditor.modules" 916
"../../../Engine/Plugins/AudioInsights/Binaries/Win64/UnrealEditor.modules" 917
"../../../Engine/Plugins/Runtime/AudioWidgets/Binaries/Win64/UnrealEditor.modules" 918
"../../../Engine/Plugins/Runtime/AudioSynesthesia/Binaries/Win64/UnrealEditor.modules" 919
"../../../Engine/Plugins/Bridge/Binaries/Win64/UnrealEditor.modules" 920
"../../../Engine/Plugins/MetaHuman/MetaHumanSDK/Binaries/Win64/UnrealEditor.modules" 921
"../../../Engine/Plugins/Animation/ControlRig/Binaries/Win64/UnrealEditor.modules" 922
"../../../Engine/Plugins/Runtime/HairStrands/Binaries/Win64/UnrealEditor.modules" 923
"../../../Engine/Plugins/Animation/RigLogic/Binaries/Win64/UnrealEditor.modules" 924
"../../../Engine/Plugins/Interchange/Runtime/Binaries/Win64/UnrealEditor.modules" 925
"../../../Engine/Plugins/Online/EOSShared/Binaries/Win64/UnrealEditor.modules" 926
"../../../Engine/Plugins/Runtime/RigVM/Binaries/Win64/UnrealEditor.modules" 927
"../../../Engine/Plugins/MovieScene/LevelSequenceEditor/Binaries/Win64/UnrealEditor.modules" 928
"../../../Engine/Plugins/Runtime/PropertyAccess/Binaries/Win64/UnrealEditor.modules" 929
"../../../Engine/Plugins/MovieScene/SequencerScripting/Binaries/Win64/UnrealEditor.modules" 930
"../../../Engine/Plugins/Animation/TweeningUtils/Binaries/Win64/UnrealEditor.modules" 931
"../../../Engine/Plugins/Animation/DeformerGraph/Binaries/Win64/UnrealEditor.modules" 932
"../../../Engine/Plugins/Experimental/Dataflow/Binaries/Win64/UnrealEditor.modules" 933
"../../../Engine/Plugins/Runtime/ComputeFramework/Binaries/Win64/UnrealEditor.modules" 934
"../../../Engine/Plugins/Enterprise/VariantManagerContent/Binaries/Win64/UnrealEditor.modules" 935
"../../../Engine/Plugins/Enterprise/VariantManager/Binaries/Win64/UnrealEditor.modules" 936
"../../../Engine/Plugins/Interchange/Assets/Binaries/Win64/UnrealEditor.modules" 937
"../../../Engine/Plugins/Experimental/CharacterFXEditor/BaseCharacterFXEditor/Binaries/Win64/UnrealEditor.modules" 938
"../../../Engine/Plugins/Runtime/ProceduralMeshComponent/Binaries/Win64/UnrealEditor.modules" 939
"../../../Engine/Plugins/Experimental/ChaosCaching/Binaries/Win64/UnrealEditor.modules" 940
"../../../Engine/Plugins/Experimental/EditorDataStorage/Binaries/Win64/UnrealEditor.modules" 941
"../../../Engine/Plugins/Experimental/EditorDataStorageFeatures/Binaries/Win64/UnrealEditor.modules" 942
"../../../Engine/Plugins/Animation/SkeletalMeshModelingTools/Binaries/Win64/UnrealEditor.modules" 943
"../../../Engine/Plugins/VirtualProduction/Takes/Binaries/Win64/UnrealEditor.modules" 944
"../../../Engine/Plugins/Runtime/AudioCapture/Binaries/Win64/UnrealEditor.modules" 945
"../../../Engine/Plugins/Developer/NamingTokens/Binaries/Win64/UnrealEditor.modules" 946
"../../../Engine/Plugins/Editor/EngineAssetDefinitions/Binaries/Win64/UnrealEditor.modules" 947
"../../../Engine/Plugins/ChaosCloth/Binaries/Win64/UnrealEditor.modules" 948
"../../../Engine/Plugins/ChaosInsights/Binaries/Win64/UnrealEditor.modules" 949
"../../../Engine/Plugins/ChaosVD/Binaries/Win64/UnrealEditor.modules" 950
"../../../Engine/Plugins/CmdLinkServer/Binaries/Win64/UnrealEditor.modules" 951
"../../../Engine/Plugins/EnhancedInput/Binaries/Win64/UnrealEditor.modules" 952
"../../../Engine/Plugins/Editor/DataValidation/Binaries/Win64/UnrealEditor.modules" 953
"../../../Engine/Plugins/Fab/Binaries/Win64/UnrealEditor.modules" 954
"../../../Engine/Plugins/IoStoreInsights/Binaries/Win64/UnrealEditor.modules" 955
"../../../Engine/Plugins/MassInsights/Binaries/Win64/UnrealEditor.modules" 956
"../../../Engine/Plugins/MeshPainting/Binaries/Win64/UnrealEditor.modules" 957
"../../../Engine/Plugins/Interchange/Editor/Binaries/Win64/UnrealEditor.modules" 958
"../../../Engine/Plugins/RenderGraphInsights/Binaries/Win64/UnrealEditor.modules" 959
"../../../Engine/Plugins/TraceUtilities/Binaries/Win64/UnrealEditor.modules" 960
"../../../Engine/Plugins/UbaController/Binaries/Win64/UnrealEditor.modules" 961
"../../../Engine/Plugins/XGEController/Binaries/Win64/UnrealEditor.modules" 962
"../../../Engine/Plugins/WorldMetrics/Binaries/Win64/UnrealEditor.modules" 963
"../../../Engine/Plugins/AI/AISupport/Binaries/Win64/UnrealEditor.modules" 964
"../../../Engine/Plugins/AI/EnvironmentQueryEditor/Binaries/Win64/UnrealEditor.modules" 965
"../../../Engine/Plugins/Editor/AssetManagerEditor/Binaries/Win64/UnrealEditor.modules" 966
"../../../Engine/Plugins/Editor/ContentBrowser/ContentBrowserAssetDataSource/Binaries/Win64/UnrealEditor.modules" 967
"../../../Engine/Plugins/Compression/OodleNetwork/Binaries/Win64/UnrealEditor.modules" 968
"../../../Engine/Plugins/Editor/ChangelistReview/Binaries/Win64/UnrealEditor.modules" 969
"../../../Engine/Plugins/Editor/BlueprintHeaderView/Binaries/Win64/UnrealEditor.modules" 970
"../../../Engine/Plugins/Editor/ColorGrading/Binaries/Win64/UnrealEditor.modules" 971
"../../../Engine/Plugins/Editor/ObjectMixer/ObjectMixer/Binaries/Win64/UnrealEditor.modules" 972
"../../../Engine/Plugins/Editor/CurveEditorTools/Binaries/Win64/UnrealEditor.modules" 973
"../../../Engine/Plugins/Editor/EditorDebugTools/Binaries/Win64/UnrealEditor.modules" 974
"../../../Engine/Plugins/Editor/CryptoKeys/Binaries/Win64/UnrealEditor.modules" 975
"../../../Engine/Plugins/Editor/FacialAnimation/Binaries/Win64/UnrealEditor.modules" 976
"../../../Engine/Plugins/Editor/GeometryMode/Binaries/Win64/UnrealEditor.modules" 977
"../../../Engine/Plugins/Editor/GameplayTagsEditor/Binaries/Win64/UnrealEditor.modules" 978
"../../../Engine/Plugins/Editor/MaterialAnalyzer/Binaries/Win64/UnrealEditor.modules" 979
"../../../Engine/Plugins/Editor/MobileLauncherProfileWizard/Binaries/Win64/UnrealEditor.modules" 980
"../../../Engine/Plugins/Editor/PluginBrowser/Binaries/Win64/UnrealEditor.modules" 981
"../../../Engine/Plugins/Developer/PluginUtils/Binaries/Win64/UnrealEditor.modules" 982
"../../../Engine/Plugins/Editor/SpeedTreeImporter/Binaries/Win64/UnrealEditor.modules" 983
"../../../Engine/Plugins/Editor/SequencerAnimTools/Binaries/Win64/UnrealEditor.modules" 984
"../../../Engine/Plugins/Editor/UVEditor/Binaries/Win64/UnrealEditor.modules" 985
"../../../Engine/Plugins/Editor/UMGWidgetPreview/Binaries/Win64/UnrealEditor.modules" 986
"../../../Engine/Plugins/Editor/WorldPartitionHLODUtilities/Binaries/Win64/UnrealEditor.modules" 987
"../../../Engine/Plugins/Enterprise/DatasmithContent/Binaries/Win64/UnrealEditor.modules" 988
"../../../Engine/Plugins/Enterprise/GLTFExporter/Binaries/Win64/UnrealEditor.modules" 989
"../../../Engine/Plugins/FX/Cascade/Binaries/Win64/UnrealEditor.modules" 990
"../../../Engine/Plugins/FX/NiagaraPreviewContent/Binaries/Win64/UnrealEditor.modules" 991
"../../../Engine/Plugins/FX/NiagaraSimCaching/Binaries/Win64/UnrealEditor.modules" 992
"../../../Engine/Plugins/Online/OnlineBase/Binaries/Win64/UnrealEditor.modules" 993
"../../../Engine/Plugins/Online/OnlineSubsystem/Binaries/Win64/UnrealEditor.modules" 994
"../../../Engine/Plugins/Online/OnlineSubsystemNull/Binaries/Win64/UnrealEditor.modules" 995
"../../../Engine/Plugins/Online/OnlineSubsystemUtils/Binaries/Win64/UnrealEditor.modules" 996
"../../../Engine/Plugins/Online/OnlineServices/Binaries/Win64/UnrealEditor.modules" 997
"../../../Engine/Plugins/Animation/ACLPlugin/Binaries/Win64/UnrealEditor.modules" 998
"../../../Engine/Plugins/Animation/AnimationData/Binaries/Win64/UnrealEditor.modules" 999
"../../../Engine/Plugins/Animation/AnimationModifierLibrary/Binaries/Win64/UnrealEditor.modules" 1000
"../../../Engine/Plugins/Animation/BlendSpaceMotionAnalysis/Binaries/Win64/UnrealEditor.modules" 1001
"../../../Engine/Plugins/Animation/ControlRigSpline/Binaries/Win64/UnrealEditor.modules" 1002
"../../../Engine/Plugins/Animation/EaseCurveTool/Binaries/Win64/UnrealEditor.modules" 1003
"../../../Engine/Plugins/Animation/IKRig/Binaries/Win64/UnrealEditor.modules" 1004
"../../../Engine/Plugins/Experimental/FullBodyIK/Binaries/Win64/UnrealEditor.modules" 1005
"../../../Engine/Plugins/Developer/AnimationSharing/Binaries/Win64/UnrealEditor.modules" 1006
"../../../Engine/Plugins/Runtime/SignificanceManager/Binaries/Win64/UnrealEditor.modules" 1007
"../../../Engine/Plugins/Developer/CLionSourceCodeAccess/Binaries/Win64/UnrealEditor.modules" 1008
"../../../Engine/Plugins/Developer/GitSourceControl/Binaries/Win64/UnrealEditor.modules" 1009
"../../../Engine/Plugins/Developer/DumpGPUServices/Binaries/Win64/UnrealEditor.modules" 1010
"../../../Engine/Plugins/Developer/N10XSourceCodeAccess/Binaries/Win64/UnrealEditor.modules" 1011
"../../../Engine/Plugins/Developer/GPUReshape/Binaries/Win64/UnrealEditor.modules" 1012
"../../../Engine/Plugins/Developer/PixWinPlugin/Binaries/Win64/UnrealEditor.modules" 1013
"../../../Engine/Plugins/Developer/PerforceSourceControl/Binaries/Win64/UnrealEditor.modules" 1014
"../../../Engine/Plugins/Developer/PlasticSourceControl/Binaries/Win64/UnrealEditor.modules" 1015
"../../../Engine/Plugins/Developer/ProjectLauncher/Binaries/Win64/UnrealEditor.modules" 1016
"../../../Engine/Plugins/Developer/PropertyAccessNode/Binaries/Win64/UnrealEditor.modules" 1017
"../../../Engine/Plugins/Developer/RenderDocPlugin/Binaries/Win64/UnrealEditor.modules" 1018
"../../../Engine/Plugins/Developer/TextureFormatOodle/Binaries/Win64/UnrealEditor.modules" 1019
"../../../Engine/Plugins/Developer/SubversionSourceControl/Binaries/Win64/UnrealEditor.modules" 1020
"../../../Engine/Plugins/Developer/VisualStudioCodeSourceCodeAccess/Binaries/Win64/UnrealEditor.modules" 1021
"../../../Engine/Plugins/Developer/VisualStudioSourceCodeAccess/Binaries/Win64/UnrealEditor.modules" 1022
"../../../Engine/Plugins/Developer/UObjectPlugin/Binaries/Win64/UnrealEditor.modules" 1023
"../../../Engine/Plugins/Developer/RiderSourceCodeAccess/Binaries/Win64/UnrealEditor.modules" 1024
"../../../Engine/Plugins/Messaging/TcpMessaging/Binaries/Win64/UnrealEditor.modules" 1025
"../../../Engine/Plugins/Messaging/UdpMessaging/Binaries/Win64/UnrealEditor.modules" 1026
"../../../Engine/Plugins/Importers/AlembicImporter/Binaries/Win64/UnrealEditor.modules" 1027
"../../../Engine/Plugins/NNE/NNEDenoiser/Binaries/Win64/UnrealEditor.modules" 1028
"../../../Engine/Plugins/NNE/NNERuntimeORT/Binaries/Win64/UnrealEditor.modules" 1029
"../../../Engine/Plugins/Portal/LauncherChunkInstaller/Binaries/Win64/UnrealEditor.modules" 1030
"../../../Engine/Plugins/MovieScene/SequenceValidator/Binaries/Win64/UnrealEditor.modules" 1031
"../../../Engine/Plugins/Media/AndroidMedia/Binaries/Win64/UnrealEditor.modules" 1032
"../../../Engine/Plugins/Media/AvfMedia/Binaries/Win64/UnrealEditor.modules" 1033
"../../../Engine/Plugins/MovieScene/ActorSequence/Binaries/Win64/UnrealEditor.modules" 1034
"../../../Engine/Plugins/Media/ImgMedia/Binaries/Win64/UnrealEditor.modules" 1035
"../../../Engine/Plugins/Media/MediaPlayerEditor/Binaries/Win64/UnrealEditor.modules" 1036
"../../../Engine/Plugins/Media/MediaCompositing/Binaries/Win64/UnrealEditor.modules" 1037
"../../../Engine/Plugins/Media/MediaPlate/Binaries/Win64/UnrealEditor.modules" 1038
"../../../Engine/Plugins/Compositing/CompositeCore/Binaries/Win64/UnrealEditor.modules" 1039
"../../../Engine/Plugins/Media/WmfMedia/Binaries/Win64/UnrealEditor.modules" 1040
"../../../Engine/Plugins/2D/Paper2D/Binaries/Win64/UnrealEditor.modules" 1041
"../../../Engine/Plugins/Cameras/CameraShakePreviewer/Binaries/Win64/UnrealEditor.modules" 1042
"../../../Engine/Plugins/Cameras/GameplayCameras/Binaries/Win64/UnrealEditor.modules" 1043
"../../../Engine/Plugins/Runtime/StateTree/Binaries/Win64/UnrealEditor.modules" 1044
"../../../Engine/Plugins/MovieScene/TemplateSequence/Binaries/Win64/UnrealEditor.modules" 1045
"../../../Engine/Plugins/Animation/GameplayInsights/Binaries/Win64/UnrealEditor.modules" 1046
"../../../Engine/Plugins/Runtime/PropertyBindingUtils/Binaries/Win64/UnrealEditor.modules" 1047
"../../../Engine/Plugins/Tests/InterchangeTests/Binaries/Win64/UnrealEditor.modules" 1048
"../../../Engine/Plugins/Cameras/EngineCameras/Binaries/Win64/UnrealEditor.modules" 1049
"../../../Engine/Plugins/Experimental/AdvancedRenamer/Binaries/Win64/UnrealEditor.modules" 1050
"../../../Engine/Plugins/Experimental/AutomationUtils/Binaries/Win64/UnrealEditor.modules" 1051
"../../../Engine/Plugins/Experimental/BackChannel/Binaries/Win64/UnrealEditor.modules" 1052
"../../../Engine/Plugins/Experimental/ChaosEditor/Binaries/Win64/UnrealEditor.modules" 1053
"../../../Engine/Plugins/Experimental/GeometryCollectionPlugin/Binaries/Win64/UnrealEditor.modules" 1054
"../../../Engine/Plugins/Experimental/Fracture/Binaries/Win64/UnrealEditor.modules" 1055
"../../../Engine/Plugins/Experimental/ChaosSolverPlugin/Binaries/Win64/UnrealEditor.modules" 1056
"../../../Engine/Plugins/Experimental/GeometryDataflow/Binaries/Win64/UnrealEditor.modules" 1057
"../../../Engine/Plugins/Experimental/ChaosNiagara/Binaries/Win64/UnrealEditor.modules" 1058
"../../../Engine/Plugins/Experimental/ChaosUserDataPT/Binaries/Win64/UnrealEditor.modules" 1059
"../../../Engine/Plugins/Experimental/CharacterAI/Binaries/Win64/UnrealEditor.modules" 1060
"../../../Engine/Plugins/Experimental/EditorTelemetry/Binaries/Win64/UnrealEditor.modules" 1061
"../../../Engine/Plugins/Experimental/EditorPerformance/Binaries/Win64/UnrealEditor.modules" 1062
"../../../Engine/Plugins/Experimental/GlobalConfigurationData/Binaries/Win64/UnrealEditor.modules" 1063
"../../../Engine/Plugins/Experimental/LevelSequenceNavigatorBridge/Binaries/Win64/UnrealEditor.modules" 1064
"../../../Engine/Plugins/Experimental/SequenceNavigator/Binaries/Win64/UnrealEditor.modules" 1065
"../../../Engine/Plugins/Experimental/LocalizableMessage/Binaries/Win64/UnrealEditor.modules" 1066
"../../../Engine/Plugins/Experimental/NFORDenoise/Binaries/Win64/UnrealEditor.modules" 1067
"../../../Engine/Plugins/Experimental/PlatformCrypto/Binaries/Win64/UnrealEditor.modules" 1068
"../../../Engine/Plugins/Experimental/RuntimeTelemetry/Binaries/Win64/UnrealEditor.modules" 1069
"../../../Engine/Plugins/Experimental/SkeletalReduction/Binaries/Win64/UnrealEditor.modules" 1070
"../../../Engine/Plugins/Runtime/ActorLayerUtilities/Binaries/Win64/UnrealEditor.modules" 1071
"../../../Engine/Plugins/Runtime/AppleImageUtils/Binaries/Win64/UnrealEditor.modules" 1072
"../../../Engine/Plugins/Runtime/AndroidPermission/Binaries/Win64/UnrealEditor.modules" 1073
"../../../Engine/Plugins/Runtime/AndroidDeviceProfileSelector/Binaries/Win64/UnrealEditor.modules" 1074
"../../../Engine/Plugins/Runtime/ArchVisCharacter/Binaries/Win64/UnrealEditor.modules" 1075
"../../../Engine/Plugins/Runtime/AssetTags/Binaries/Win64/UnrealEditor.modules" 1076
"../../../Engine/Plugins/Runtime/ChunkDownloader/Binaries/Win64/UnrealEditor.modules" 1077
"../../../Engine/Plugins/Runtime/CustomMeshComponent/Binaries/Win64/UnrealEditor.modules" 1078
"../../../Engine/Plugins/Runtime/CableComponent/Binaries/Win64/UnrealEditor.modules" 1079
"../../../Engine/Plugins/Runtime/ExampleDeviceProfileSelector/Binaries/Win64/UnrealEditor.modules" 1080
"../../../Engine/Plugins/Runtime/GooglePAD/Binaries/Win64/UnrealEditor.modules" 1081
"../../../Engine/Plugins/Runtime/InputDebugging/Binaries/Win64/UnrealEditor.modules" 1082
"../../../Engine/Plugins/Runtime/LocationServicesBPLibrary/Binaries/Win64/UnrealEditor.modules" 1083
"../../../Engine/Plugins/Runtime/AndroidFileServer/Binaries/Win64/UnrealEditor.modules" 1084
"../../../Engine/Plugins/Runtime/MobilePatchingUtils/Binaries/Win64/UnrealEditor.modules" 1085
"../../../Engine/Plugins/Runtime/MsQuic/Binaries/Win64/UnrealEditor.modules" 1086
"../../../Engine/Plugins/Runtime/Metasound/Binaries/Win64/UnrealEditor.modules" 1087
"../../../Engine/Plugins/Runtime/WaveTable/Binaries/Win64/UnrealEditor.modules" 1088
"../../../Engine/Plugins/Runtime/ResonanceAudio/Binaries/Win64/UnrealEditor.modules" 1089
"../../../Engine/Plugins/Runtime/SoundFields/Binaries/Win64/UnrealEditor.modules" 1090
"../../../Engine/Plugins/Runtime/Synthesis/Binaries/Win64/UnrealEditor.modules" 1091
"../../../Engine/Plugins/Runtime/WebMMoviePlayer/Binaries/Win64/UnrealEditor.modules" 1092
"../../../Engine/Plugins/Media/WebMMedia/Binaries/Win64/UnrealEditor.modules" 1093
"../../../Engine/Plugins/Runtime/WindowsDeviceProfileSelector/Binaries/Win64/UnrealEditor.modules" 1094
"../../../Engine/Plugins/Runtime/WindowsMoviePlayer/Binaries/Win64/UnrealEditor.modules" 1095
"../../../Engine/Plugins/Editor/ContentBrowser/ContentBrowserClassDataSource/Binaries/Win64/UnrealEditor.modules" 1096
"../../../Engine/Plugins/Marketplace/Developer/RiderLink/Binaries/Win64/UnrealEditor.modules" 1097
"../../../Engine/Plugins/Editor/Localization/PortableObjectFileDataSource/Binaries/Win64/UnrealEditor.modules" 1098
"../../../Engine/Plugins/Editor/ObjectMixer/LightMixer/Binaries/Win64/UnrealEditor.modules" 1099
"../../../Engine/Plugins/Runtime/Windows/XInputDevice/Binaries/Win64/UnrealEditor.modules" 1100
"../../../Engine/Config/BaseSourceControlSettings.ini" 1101
"../../../Engine/Content/Internationalization/icudt64l/coll/ucadata.icu" 1102
"../../../Engine/Content/Internationalization/icudt64l/coll/fr.res" 1103
"../../../Engine/Content/Internationalization/icudt64l/coll/root.res" 1104
"../../../Engine/Content/Certificates/ThirdParty/cacert.pem" 1105
"../../../Engine/Config/ConsoleVariables.ini" 1106
"../../../Engine/Binaries/Win64/Android/UnrealEditor.modules" 1107
"../../../Engine/Binaries/Win64/IOS/UnrealEditor.modules" 1108
"../../../Engine/Binaries/Win64/Linux/UnrealEditor.modules" 1109
"../../../../../GitHub/KeepPushing/Content/Localization/Game/Game.locmeta" 1110
"../../../../../GitHub/KeepPushing/Content/Localization/Game/en/Game.locres" 1111
"../../../Engine/Content/Localization/Editor/en/Editor.locres" 1112
"../../../Engine/Content/Localization/Keywords/en/Keywords.locres" 1113
"../../../Engine/Content/Localization/Category/en/Category.locres" 1114
"../../../Engine/Content/Localization/ToolTips/en/ToolTips.locres" 1115
"../../../Engine/Content/Localization/PropertyNames/en/PropertyNames.locres" 1116
"../../../Engine/Content/Localization/Engine/en/Engine.locres" 1117
"../../../Engine/Plugins/MetaHuman/MetaHumanSDK/Content/Localization/MetaHumanSDK/en/MetaHumanSDK.locres" 1118
"../../../Engine/Plugins/MetaHuman/MetaHumanSDK/Content/Localization/MetaHumanSDK_Properties/en/MetaHumanSDK_Properties.locres" 1119
"../../../Engine/Plugins/MetaHuman/MetaHumanSDK/Content/Localization/MetaHumanSDK_Tooltips/en/MetaHumanSDK_Tooltips.locres" 1120
"../../../Engine/Plugins/Online/OnlineSubsystem/Content/Localization/OnlineSubsystem/en/OnlineSubsystem.locres" 1121
"../../../Engine/Plugins/Online/OnlineSubsystemUtils/Content/Localization/OnlineSubsystemUtils/en/OnlineSubsystemUtils.locres" 1122
"../../../Engine/Plugins/Online/Android/OnlineSubsystemGooglePlay/Content/Localization/OnlineSubsystemGooglePlay/en/OnlineSubsystemGooglePlay.locres" 1123
"../../../Engine/Plugins/Online/IOS/OnlineSubsystemIOS/Content/Localization/OnlineSubsystemIOS/en/OnlineSubsystemIOS.locres" 1124
"../../../Engine/Content/Internationalization/icudt64l/numberingSystems.res" 1125
"../../../Engine/Content/Internationalization/icudt64l/curr/supplementalData.res" 1126
"../../../Engine/Content/Internationalization/icudt64l/curr/fr.res" 1127
"../../../Engine/Content/Internationalization/icudt64l/curr/pool.res" 1128
"../../../Engine/Content/Internationalization/icudt64l/curr/root.res" 1129
"../../../Engine/Content/Internationalization/icudt64l/lang/af.res" 1130
"../../../Engine/Content/Internationalization/icudt64l/region/af.res" 1131
"../../../Engine/Content/Internationalization/icudt64l/lang/agq.res" 1132
"../../../Engine/Content/Internationalization/icudt64l/region/agq.res" 1133
"../../../Engine/Content/Internationalization/icudt64l/lang/ak.res" 1134
"../../../Engine/Content/Internationalization/icudt64l/region/ak.res" 1135
"../../../Engine/Content/Internationalization/icudt64l/lang/am.res" 1136
"../../../Engine/Content/Internationalization/icudt64l/region/am.res" 1137
"../../../Engine/Content/Internationalization/icudt64l/lang/ar.res" 1138
"../../../Engine/Content/Internationalization/icudt64l/region/ar.res" 1139
"../../../Engine/Content/Internationalization/icudt64l/region/ar_AE.res" 1140
"../../../Engine/Content/Internationalization/icudt64l/lang/ar_EG.res" 1141
"../../../Engine/Content/Internationalization/icudt64l/lang/ar_LY.res" 1142
"../../../Engine/Content/Internationalization/icudt64l/region/ar_LY.res" 1143
"../../../Engine/Content/Internationalization/icudt64l/lang/ar_SA.res" 1144
"../../../Engine/Content/Internationalization/icudt64l/region/ar_SA.res" 1145
"../../../Engine/Content/Internationalization/icudt64l/lang/as.res" 1146
"../../../Engine/Content/Internationalization/icudt64l/region/as.res" 1147
"../../../Engine/Content/Internationalization/icudt64l/lang/asa.res" 1148
"../../../Engine/Content/Internationalization/icudt64l/region/asa.res" 1149
"../../../Engine/Content/Internationalization/icudt64l/lang/ast.res" 1150
"../../../Engine/Content/Internationalization/icudt64l/region/ast.res" 1151
"../../../Engine/Content/Internationalization/icudt64l/lang/az.res" 1152
"../../../Engine/Content/Internationalization/icudt64l/lang/az_Cyrl.res" 1153
"../../../Engine/Content/Internationalization/icudt64l/lang/az_AZ.res" 1154
"../../../Engine/Content/Internationalization/icudt64l/lang/az_Latn_AZ.res" 1155
"../../../Engine/Content/Internationalization/icudt64l/lang/az_Latn.res" 1156
"../../../Engine/Content/Internationalization/icudt64l/region/az_AZ.res" 1157
"../../../Engine/Content/Internationalization/icudt64l/region/az_Latn_AZ.res" 1158
"../../../Engine/Content/Internationalization/icudt64l/region/az_Latn.res" 1159
"../../../Engine/Content/Internationalization/icudt64l/region/az.res" 1160
"../../../Engine/Content/Internationalization/icudt64l/region/az_Cyrl.res" 1161
"../../../Engine/Content/Internationalization/icudt64l/lang/bas.res" 1162
"../../../Engine/Content/Internationalization/icudt64l/region/bas.res" 1163
"../../../Engine/Content/Internationalization/icudt64l/lang/be.res" 1164
"../../../Engine/Content/Internationalization/icudt64l/region/be.res" 1165
"../../../Engine/Content/Internationalization/icudt64l/lang/bem.res" 1166
"../../../Engine/Content/Internationalization/icudt64l/region/bem.res" 1167
"../../../Engine/Content/Internationalization/icudt64l/lang/bez.res" 1168
"../../../Engine/Content/Internationalization/icudt64l/region/bez.res" 1169
"../../../Engine/Content/Internationalization/icudt64l/lang/bg.res" 1170
"../../../Engine/Content/Internationalization/icudt64l/region/bg.res" 1171
"../../../Engine/Content/Internationalization/icudt64l/lang/bm.res" 1172
"../../../Engine/Content/Internationalization/icudt64l/region/bm.res" 1173
"../../../Engine/Content/Internationalization/icudt64l/lang/bn.res" 1174
"../../../Engine/Content/Internationalization/icudt64l/region/bn.res" 1175
"../../../Engine/Content/Internationalization/icudt64l/lang/bn_IN.res" 1176
"../../../Engine/Content/Internationalization/icudt64l/region/bn_IN.res" 1177
"../../../Engine/Content/Internationalization/icudt64l/lang/bo.res" 1178
"../../../Engine/Content/Internationalization/icudt64l/region/bo.res" 1179
"../../../Engine/Content/Internationalization/icudt64l/region/bo_IN.res" 1180
"../../../Engine/Content/Internationalization/icudt64l/lang/br.res" 1181
"../../../Engine/Content/Internationalization/icudt64l/region/br.res" 1182
"../../../Engine/Content/Internationalization/icudt64l/lang/brx.res" 1183
"../../../Engine/Content/Internationalization/icudt64l/region/brx.res" 1184
"../../../Engine/Content/Internationalization/icudt64l/lang/bs.res" 1185
"../../../Engine/Content/Internationalization/icudt64l/lang/bs_Cyrl.res" 1186
"../../../Engine/Content/Internationalization/icudt64l/lang/bs_BA.res" 1187
"../../../Engine/Content/Internationalization/icudt64l/lang/bs_Latn_BA.res" 1188
"../../../Engine/Content/Internationalization/icudt64l/lang/bs_Latn.res" 1189
"../../../Engine/Content/Internationalization/icudt64l/region/bs_BA.res" 1190
"../../../Engine/Content/Internationalization/icudt64l/region/bs_Latn_BA.res" 1191
"../../../Engine/Content/Internationalization/icudt64l/region/bs_Latn.res" 1192
"../../../Engine/Content/Internationalization/icudt64l/region/bs.res" 1193
"../../../Engine/Content/Internationalization/icudt64l/region/bs_Cyrl.res" 1194
"../../../Engine/Content/Internationalization/icudt64l/lang/ca.res" 1195
"../../../Engine/Content/Internationalization/icudt64l/region/ca.res" 1196
"../../../Engine/Content/Internationalization/icudt64l/lang/ccp.res" 1197
"../../../Engine/Content/Internationalization/icudt64l/region/ccp.res" 1198
"../../../Engine/Content/Internationalization/icudt64l/lang/ce.res" 1199
"../../../Engine/Content/Internationalization/icudt64l/region/ce.res" 1200
"../../../Engine/Content/Internationalization/icudt64l/lang/ceb.res" 1201
"../../../Engine/Content/Internationalization/icudt64l/region/ceb.res" 1202
"../../../Engine/Content/Internationalization/icudt64l/lang/cgg.res" 1203
"../../../Engine/Content/Internationalization/icudt64l/region/cgg.res" 1204
"../../../Engine/Content/Internationalization/icudt64l/lang/chr.res" 1205
"../../../Engine/Content/Internationalization/icudt64l/region/chr.res" 1206
"../../../Engine/Content/Internationalization/icudt64l/lang/ckb.res" 1207
"../../../Engine/Content/Internationalization/icudt64l/region/ckb.res" 1208
"../../../Engine/Content/Internationalization/icudt64l/lang/cs.res" 1209
"../../../Engine/Content/Internationalization/icudt64l/region/cs.res" 1210
"../../../Engine/Content/Internationalization/icudt64l/lang/cy.res" 1211
"../../../Engine/Content/Internationalization/icudt64l/region/cy.res" 1212
"../../../Engine/Content/Internationalization/icudt64l/lang/da.res" 1213
"../../../Engine/Content/Internationalization/icudt64l/region/da.res" 1214
"../../../Engine/Content/Internationalization/icudt64l/lang/dav.res" 1215
"../../../Engine/Content/Internationalization/icudt64l/region/dav.res" 1216
"../../../Engine/Content/Internationalization/icudt64l/lang/de.res" 1217
"../../../Engine/Content/Internationalization/icudt64l/lang/de_AT.res" 1218
"../../../Engine/Content/Internationalization/icudt64l/region/de_AT.res" 1219
"../../../Engine/Content/Internationalization/icudt64l/region/de.res" 1220
"../../../Engine/Content/Internationalization/icudt64l/lang/de_CH.res" 1221
"../../../Engine/Content/Internationalization/icudt64l/region/de_CH.res" 1222
"../../../Engine/Content/Internationalization/icudt64l/lang/de_LU.res" 1223
"../../../Engine/Content/Internationalization/icudt64l/lang/dje.res" 1224
"../../../Engine/Content/Internationalization/icudt64l/region/dje.res" 1225
"../../../Engine/Content/Internationalization/icudt64l/lang/dsb.res" 1226
"../../../Engine/Content/Internationalization/icudt64l/region/dsb.res" 1227
"../../../Engine/Content/Internationalization/icudt64l/lang/dua.res" 1228
"../../../Engine/Content/Internationalization/icudt64l/region/dua.res" 1229
"../../../Engine/Content/Internationalization/icudt64l/lang/dyo.res" 1230
"../../../Engine/Content/Internationalization/icudt64l/region/dyo.res" 1231
"../../../Engine/Content/Internationalization/icudt64l/lang/dz.res" 1232
"../../../Engine/Content/Internationalization/icudt64l/region/dz.res" 1233
"../../../Engine/Content/Internationalization/icudt64l/lang/ebu.res" 1234
"../../../Engine/Content/Internationalization/icudt64l/region/ebu.res" 1235
"../../../Engine/Content/Internationalization/icudt64l/lang/ee.res" 1236
"../../../Engine/Content/Internationalization/icudt64l/region/ee.res" 1237
"../../../Engine/Content/Internationalization/icudt64l/lang/el.res" 1238
"../../../Engine/Content/Internationalization/icudt64l/region/el.res" 1239
"../../../Engine/Content/Internationalization/icudt64l/lang/en_001.res" 1240
"../../../Engine/Content/Internationalization/icudt64l/lang/en_150.res" 1241
"../../../Engine/Content/Internationalization/icudt64l/region/en_150.res" 1242
"../../../Engine/Content/Internationalization/icudt64l/lang/en_AG.res" 1243
"../../../Engine/Content/Internationalization/icudt64l/region/en_AG.res" 1244
"../../../Engine/Content/Internationalization/icudt64l/lang/en_AI.res" 1245
"../../../Engine/Content/Internationalization/icudt64l/region/en_AI.res" 1246
"../../../Engine/Content/Internationalization/icudt64l/lang/en_AT.res" 1247
"../../../Engine/Content/Internationalization/icudt64l/region/en_AT.res" 1248
"../../../Engine/Content/Internationalization/icudt64l/lang/en_AU.res" 1249
"../../../Engine/Content/Internationalization/icudt64l/region/en_AU.res" 1250
"../../../Engine/Content/Internationalization/icudt64l/lang/en_BB.res" 1251
"../../../Engine/Content/Internationalization/icudt64l/region/en_BB.res" 1252
"../../../Engine/Content/Internationalization/icudt64l/lang/en_BE.res" 1253
"../../../Engine/Content/Internationalization/icudt64l/region/en_BE.res" 1254
"../../../Engine/Content/Internationalization/icudt64l/lang/en_BM.res" 1255
"../../../Engine/Content/Internationalization/icudt64l/region/en_BM.res" 1256
"../../../Engine/Content/Internationalization/icudt64l/lang/en_BS.res" 1257
"../../../Engine/Content/Internationalization/icudt64l/region/en_BS.res" 1258
"../../../Engine/Content/Internationalization/icudt64l/lang/en_BW.res" 1259
"../../../Engine/Content/Internationalization/icudt64l/region/en_BW.res" 1260
"../../../Engine/Content/Internationalization/icudt64l/lang/en_BZ.res" 1261
"../../../Engine/Content/Internationalization/icudt64l/region/en_BZ.res" 1262
"../../../Engine/Content/Internationalization/icudt64l/lang/en_CA.res" 1263
"../../../Engine/Content/Internationalization/icudt64l/region/en_CA.res" 1264
"../../../Engine/Content/Internationalization/icudt64l/lang/en_CC.res" 1265
"../../../Engine/Content/Internationalization/icudt64l/region/en_CC.res" 1266
"../../../Engine/Content/Internationalization/icudt64l/lang/en_CH.res" 1267
"../../../Engine/Content/Internationalization/icudt64l/region/en_CH.res" 1268
"../../../Engine/Content/Internationalization/icudt64l/lang/en_CK.res" 1269
"../../../Engine/Content/Internationalization/icudt64l/region/en_CK.res" 1270
"../../../Engine/Content/Internationalization/icudt64l/lang/en_CM.res" 1271
"../../../Engine/Content/Internationalization/icudt64l/region/en_CM.res" 1272
"../../../Engine/Content/Internationalization/icudt64l/lang/en_CX.res" 1273
"../../../Engine/Content/Internationalization/icudt64l/region/en_CX.res" 1274
"../../../Engine/Content/Internationalization/icudt64l/lang/en_CY.res" 1275
"../../../Engine/Content/Internationalization/icudt64l/region/en_CY.res" 1276
"../../../Engine/Content/Internationalization/icudt64l/lang/en_DE.res" 1277
"../../../Engine/Content/Internationalization/icudt64l/region/en_DE.res" 1278
"../../../Engine/Content/Internationalization/icudt64l/lang/en_DG.res" 1279
"../../../Engine/Content/Internationalization/icudt64l/region/en_DG.res" 1280
"../../../Engine/Content/Internationalization/icudt64l/lang/en_DK.res" 1281
"../../../Engine/Content/Internationalization/icudt64l/region/en_DK.res" 1282
"../../../Engine/Content/Internationalization/icudt64l/lang/en_DM.res" 1283
"../../../Engine/Content/Internationalization/icudt64l/region/en_DM.res" 1284
"../../../Engine/Content/Internationalization/icudt64l/lang/en_ER.res" 1285
"../../../Engine/Content/Internationalization/icudt64l/region/en_ER.res" 1286
"../../../Engine/Content/Internationalization/icudt64l/lang/en_FI.res" 1287
"../../../Engine/Content/Internationalization/icudt64l/region/en_FI.res" 1288
"../../../Engine/Content/Internationalization/icudt64l/lang/en_FJ.res" 1289
"../../../Engine/Content/Internationalization/icudt64l/region/en_FJ.res" 1290
"../../../Engine/Content/Internationalization/icudt64l/lang/en_FK.res" 1291
"../../../Engine/Content/Internationalization/icudt64l/region/en_FK.res" 1292
"../../../Engine/Content/Internationalization/icudt64l/lang/en_FM.res" 1293
"../../../Engine/Content/Internationalization/icudt64l/region/en_FM.res" 1294
"../../../Engine/Content/Internationalization/icudt64l/lang/en_GB.res" 1295
"../../../Engine/Content/Internationalization/icudt64l/region/en_GB.res" 1296
"../../../Engine/Content/Internationalization/icudt64l/lang/en_GD.res" 1297
"../../../Engine/Content/Internationalization/icudt64l/region/en_GD.res" 1298
"../../../Engine/Content/Internationalization/icudt64l/lang/en_GG.res" 1299
"../../../Engine/Content/Internationalization/icudt64l/region/en_GG.res" 1300
"../../../Engine/Content/Internationalization/icudt64l/lang/en_GH.res" 1301
"../../../Engine/Content/Internationalization/icudt64l/region/en_GH.res" 1302
"../../../Engine/Content/Internationalization/icudt64l/lang/en_GI.res" 1303
"../../../Engine/Content/Internationalization/icudt64l/region/en_GI.res" 1304
"../../../Engine/Content/Internationalization/icudt64l/lang/en_GM.res" 1305
"../../../Engine/Content/Internationalization/icudt64l/region/en_GM.res" 1306
"../../../Engine/Content/Internationalization/icudt64l/lang/en_GY.res" 1307
"../../../Engine/Content/Internationalization/icudt64l/region/en_GY.res" 1308
"../../../Engine/Content/Internationalization/icudt64l/lang/en_HK.res" 1309
"../../../Engine/Content/Internationalization/icudt64l/region/en_HK.res" 1310
"../../../Engine/Content/Internationalization/icudt64l/lang/en_IE.res" 1311
"../../../Engine/Content/Internationalization/icudt64l/region/en_IE.res" 1312
"../../../Engine/Content/Internationalization/icudt64l/lang/en_IL.res" 1313
"../../../Engine/Content/Internationalization/icudt64l/region/en_IL.res" 1314
"../../../Engine/Content/Internationalization/icudt64l/lang/en_IM.res" 1315
"../../../Engine/Content/Internationalization/icudt64l/region/en_IM.res" 1316
"../../../Engine/Content/Internationalization/icudt64l/lang/en_IN.res" 1317
"../../../Engine/Content/Internationalization/icudt64l/region/en_IN.res" 1318
"../../../Engine/Content/Internationalization/icudt64l/lang/en_IO.res" 1319
"../../../Engine/Content/Internationalization/icudt64l/region/en_IO.res" 1320
"../../../Engine/Content/Internationalization/icudt64l/lang/en_JE.res" 1321
"../../../Engine/Content/Internationalization/icudt64l/region/en_JE.res" 1322
"../../../Engine/Content/Internationalization/icudt64l/lang/en_JM.res" 1323
"../../../Engine/Content/Internationalization/icudt64l/region/en_JM.res" 1324
"../../../Engine/Content/Internationalization/icudt64l/lang/en_KE.res" 1325
"../../../Engine/Content/Internationalization/icudt64l/region/en_KE.res" 1326
"../../../Engine/Content/Internationalization/icudt64l/lang/en_KI.res" 1327
"../../../Engine/Content/Internationalization/icudt64l/region/en_KI.res" 1328
"../../../Engine/Content/Internationalization/icudt64l/lang/en_KN.res" 1329
"../../../Engine/Content/Internationalization/icudt64l/region/en_KN.res" 1330
"../../../Engine/Content/Internationalization/icudt64l/lang/en_KY.res" 1331
"../../../Engine/Content/Internationalization/icudt64l/region/en_KY.res" 1332
"../../../Engine/Content/Internationalization/icudt64l/lang/en_LC.res" 1333
"../../../Engine/Content/Internationalization/icudt64l/region/en_LC.res" 1334
"../../../Engine/Content/Internationalization/icudt64l/lang/en_LR.res" 1335
"../../../Engine/Content/Internationalization/icudt64l/region/en_LR.res" 1336
"../../../Engine/Content/Internationalization/icudt64l/lang/en_LS.res" 1337
"../../../Engine/Content/Internationalization/icudt64l/region/en_LS.res" 1338
"../../../Engine/Content/Internationalization/icudt64l/lang/en_MG.res" 1339
"../../../Engine/Content/Internationalization/icudt64l/region/en_MG.res" 1340
"../../../Engine/Content/Internationalization/icudt64l/lang/en_MO.res" 1341
"../../../Engine/Content/Internationalization/icudt64l/region/en_MO.res" 1342
"../../../Engine/Content/Internationalization/icudt64l/lang/en_MS.res" 1343
"../../../Engine/Content/Internationalization/icudt64l/region/en_MS.res" 1344
"../../../Engine/Content/Internationalization/icudt64l/lang/en_MT.res" 1345
"../../../Engine/Content/Internationalization/icudt64l/region/en_MT.res" 1346
"../../../Engine/Content/Internationalization/icudt64l/lang/en_MU.res" 1347
"../../../Engine/Content/Internationalization/icudt64l/region/en_MU.res" 1348
"../../../Engine/Content/Internationalization/icudt64l/lang/en_MW.res" 1349
"../../../Engine/Content/Internationalization/icudt64l/region/en_MW.res" 1350
"../../../Engine/Content/Internationalization/icudt64l/lang/en_MY.res" 1351
"../../../Engine/Content/Internationalization/icudt64l/region/en_MY.res" 1352
"../../../Engine/Content/Internationalization/icudt64l/lang/en_NA.res" 1353
"../../../Engine/Content/Internationalization/icudt64l/region/en_NA.res" 1354
"../../../Engine/Content/Internationalization/icudt64l/lang/en_NF.res" 1355
"../../../Engine/Content/Internationalization/icudt64l/region/en_NF.res" 1356
"../../../Engine/Content/Internationalization/icudt64l/lang/en_NG.res" 1357
"../../../Engine/Content/Internationalization/icudt64l/region/en_NG.res" 1358
"../../../Engine/Content/Internationalization/icudt64l/lang/en_NL.res" 1359
"../../../Engine/Content/Internationalization/icudt64l/region/en_NL.res" 1360
"../../../Engine/Content/Internationalization/icudt64l/lang/en_NR.res" 1361
"../../../Engine/Content/Internationalization/icudt64l/region/en_NR.res" 1362
"../../../Engine/Content/Internationalization/icudt64l/lang/en_NU.res" 1363
"../../../Engine/Content/Internationalization/icudt64l/region/en_NU.res" 1364
"../../../Engine/Content/Internationalization/icudt64l/lang/en_NZ.res" 1365
"../../../Engine/Content/Internationalization/icudt64l/region/en_NZ.res" 1366
"../../../Engine/Content/Internationalization/icudt64l/lang/en_PG.res" 1367
"../../../Engine/Content/Internationalization/icudt64l/region/en_PG.res" 1368
"../../../Engine/Content/Internationalization/icudt64l/lang/en_PH.res" 1369
"../../../Engine/Content/Internationalization/icudt64l/region/en_PH.res" 1370
"../../../Engine/Content/Internationalization/icudt64l/lang/en_PK.res" 1371
"../../../Engine/Content/Internationalization/icudt64l/region/en_PK.res" 1372
"../../../Engine/Content/Internationalization/icudt64l/lang/en_PN.res" 1373
"../../../Engine/Content/Internationalization/icudt64l/region/en_PN.res" 1374
"../../../Engine/Content/Internationalization/icudt64l/lang/en_PW.res" 1375
"../../../Engine/Content/Internationalization/icudt64l/region/en_PW.res" 1376
"../../../Engine/Content/Internationalization/icudt64l/lang/en_RW.res" 1377
"../../../Engine/Content/Internationalization/icudt64l/region/en_RW.res" 1378
"../../../Engine/Content/Internationalization/icudt64l/lang/en_SB.res" 1379
"../../../Engine/Content/Internationalization/icudt64l/region/en_SB.res" 1380
"../../../Engine/Content/Internationalization/icudt64l/lang/en_SC.res" 1381
"../../../Engine/Content/Internationalization/icudt64l/region/en_SC.res" 1382
"../../../Engine/Content/Internationalization/icudt64l/lang/en_SD.res" 1383
"../../../Engine/Content/Internationalization/icudt64l/region/en_SD.res" 1384
"../../../Engine/Content/Internationalization/icudt64l/lang/en_SE.res" 1385
"../../../Engine/Content/Internationalization/icudt64l/region/en_SE.res" 1386
"../../../Engine/Content/Internationalization/icudt64l/lang/en_SG.res" 1387
"../../../Engine/Content/Internationalization/icudt64l/region/en_SG.res" 1388
"../../../Engine/Content/Internationalization/icudt64l/lang/en_SH.res" 1389
"../../../Engine/Content/Internationalization/icudt64l/region/en_SH.res" 1390
"../../../Engine/Content/Internationalization/icudt64l/lang/en_SI.res" 1391
"../../../Engine/Content/Internationalization/icudt64l/region/en_SI.res" 1392
"../../../Engine/Content/Internationalization/icudt64l/lang/en_SL.res" 1393
"../../../Engine/Content/Internationalization/icudt64l/region/en_SL.res" 1394
"../../../Engine/Content/Internationalization/icudt64l/lang/en_SS.res" 1395
"../../../Engine/Content/Internationalization/icudt64l/region/en_SS.res" 1396
"../../../Engine/Content/Internationalization/icudt64l/lang/en_SX.res" 1397
"../../../Engine/Content/Internationalization/icudt64l/region/en_SX.res" 1398
"../../../Engine/Content/Internationalization/icudt64l/lang/en_SZ.res" 1399
"../../../Engine/Content/Internationalization/icudt64l/region/en_SZ.res" 1400
"../../../Engine/Content/Internationalization/icudt64l/lang/en_TC.res" 1401
"../../../Engine/Content/Internationalization/icudt64l/region/en_TC.res" 1402
"../../../Engine/Content/Internationalization/icudt64l/lang/en_TK.res" 1403
"../../../Engine/Content/Internationalization/icudt64l/region/en_TK.res" 1404
"../../../Engine/Content/Internationalization/icudt64l/lang/en_TO.res" 1405
"../../../Engine/Content/Internationalization/icudt64l/region/en_TO.res" 1406
"../../../Engine/Content/Internationalization/icudt64l/lang/en_TT.res" 1407
"../../../Engine/Content/Internationalization/icudt64l/region/en_TT.res" 1408
"../../../Engine/Content/Internationalization/icudt64l/lang/en_TV.res" 1409
"../../../Engine/Content/Internationalization/icudt64l/region/en_TV.res" 1410
"../../../Engine/Content/Internationalization/icudt64l/lang/en_TZ.res" 1411
"../../../Engine/Content/Internationalization/icudt64l/region/en_TZ.res" 1412
"../../../Engine/Content/Internationalization/icudt64l/lang/en_UG.res" 1413
"../../../Engine/Content/Internationalization/icudt64l/region/en_UG.res" 1414
"../../../Engine/Content/Internationalization/icudt64l/lang/en_VC.res" 1415
"../../../Engine/Content/Internationalization/icudt64l/region/en_VC.res" 1416
"../../../Engine/Content/Internationalization/icudt64l/lang/en_VG.res" 1417
"../../../Engine/Content/Internationalization/icudt64l/region/en_VG.res" 1418
"../../../Engine/Content/Internationalization/icudt64l/lang/en_VU.res" 1419
"../../../Engine/Content/Internationalization/icudt64l/region/en_VU.res" 1420
"../../../Engine/Content/Internationalization/icudt64l/lang/en_WS.res" 1421
"../../../Engine/Content/Internationalization/icudt64l/region/en_WS.res" 1422
"../../../Engine/Content/Internationalization/icudt64l/lang/en_ZA.res" 1423
"../../../Engine/Content/Internationalization/icudt64l/region/en_ZA.res" 1424
"../../../Engine/Content/Internationalization/icudt64l/lang/en_ZM.res" 1425
"../../../Engine/Content/Internationalization/icudt64l/region/en_ZM.res" 1426
"../../../Engine/Content/Internationalization/icudt64l/lang/en_ZW.res" 1427
"../../../Engine/Content/Internationalization/icudt64l/region/en_ZW.res" 1428
"../../../Engine/Content/Internationalization/icudt64l/lang/eo.res" 1429
"../../../Engine/Content/Internationalization/icudt64l/region/eo.res" 1430
"../../../Engine/Content/Internationalization/icudt64l/lang/es.res" 1431
"../../../Engine/Content/Internationalization/icudt64l/lang/es_419.res" 1432
"../../../Engine/Content/Internationalization/icudt64l/region/es_419.res" 1433
"../../../Engine/Content/Internationalization/icudt64l/region/es.res" 1434
"../../../Engine/Content/Internationalization/icudt64l/lang/es_AR.res" 1435
"../../../Engine/Content/Internationalization/icudt64l/region/es_AR.res" 1436
"../../../Engine/Content/Internationalization/icudt64l/lang/es_BO.res" 1437
"../../../Engine/Content/Internationalization/icudt64l/region/es_BO.res" 1438
"../../../Engine/Content/Internationalization/icudt64l/lang/es_BR.res" 1439
"../../../Engine/Content/Internationalization/icudt64l/region/es_BR.res" 1440
"../../../Engine/Content/Internationalization/icudt64l/lang/es_BZ.res" 1441
"../../../Engine/Content/Internationalization/icudt64l/region/es_BZ.res" 1442
"../../../Engine/Content/Internationalization/icudt64l/lang/es_CL.res" 1443
"../../../Engine/Content/Internationalization/icudt64l/region/es_CL.res" 1444
"../../../Engine/Content/Internationalization/icudt64l/lang/es_CO.res" 1445
"../../../Engine/Content/Internationalization/icudt64l/region/es_CO.res" 1446
"../../../Engine/Content/Internationalization/icudt64l/lang/es_CR.res" 1447
"../../../Engine/Content/Internationalization/icudt64l/region/es_CR.res" 1448
"../../../Engine/Content/Internationalization/icudt64l/lang/es_CU.res" 1449
"../../../Engine/Content/Internationalization/icudt64l/region/es_CU.res" 1450
"../../../Engine/Content/Internationalization/icudt64l/lang/es_DO.res" 1451
"../../../Engine/Content/Internationalization/icudt64l/region/es_DO.res" 1452
"../../../Engine/Content/Internationalization/icudt64l/lang/es_EC.res" 1453
"../../../Engine/Content/Internationalization/icudt64l/region/es_EC.res" 1454
"../../../Engine/Content/Internationalization/icudt64l/lang/es_GT.res" 1455
"../../../Engine/Content/Internationalization/icudt64l/region/es_GT.res" 1456
"../../../Engine/Content/Internationalization/icudt64l/lang/es_HN.res" 1457
"../../../Engine/Content/Internationalization/icudt64l/region/es_HN.res" 1458
"../../../Engine/Content/Internationalization/icudt64l/lang/es_MX.res" 1459
"../../../Engine/Content/Internationalization/icudt64l/region/es_MX.res" 1460
"../../../Engine/Content/Internationalization/icudt64l/lang/es_NI.res" 1461
"../../../Engine/Content/Internationalization/icudt64l/region/es_NI.res" 1462
"../../../Engine/Content/Internationalization/icudt64l/lang/es_PA.res" 1463
"../../../Engine/Content/Internationalization/icudt64l/region/es_PA.res" 1464
"../../../Engine/Content/Internationalization/icudt64l/lang/es_PE.res" 1465
"../../../Engine/Content/Internationalization/icudt64l/region/es_PE.res" 1466
"../../../Engine/Content/Internationalization/icudt64l/lang/es_PR.res" 1467
"../../../Engine/Content/Internationalization/icudt64l/region/es_PR.res" 1468
"../../../Engine/Content/Internationalization/icudt64l/lang/es_PY.res" 1469
"../../../Engine/Content/Internationalization/icudt64l/region/es_PY.res" 1470
"../../../Engine/Content/Internationalization/icudt64l/lang/es_SV.res" 1471
"../../../Engine/Content/Internationalization/icudt64l/region/es_SV.res" 1472
"../../../Engine/Content/Internationalization/icudt64l/lang/es_US.res" 1473
"../../../Engine/Content/Internationalization/icudt64l/region/es_US.res" 1474
"../../../Engine/Content/Internationalization/icudt64l/lang/es_UY.res" 1475
"../../../Engine/Content/Internationalization/icudt64l/region/es_UY.res" 1476
"../../../Engine/Content/Internationalization/icudt64l/lang/es_VE.res" 1477
"../../../Engine/Content/Internationalization/icudt64l/region/es_VE.res" 1478
"../../../Engine/Content/Internationalization/icudt64l/lang/et.res" 1479
"../../../Engine/Content/Internationalization/icudt64l/region/et.res" 1480
"../../../Engine/Content/Internationalization/icudt64l/lang/eu.res" 1481
"../../../Engine/Content/Internationalization/icudt64l/region/eu.res" 1482
"../../../Engine/Content/Internationalization/icudt64l/lang/ewo.res" 1483
"../../../Engine/Content/Internationalization/icudt64l/region/ewo.res" 1484
"../../../Engine/Content/Internationalization/icudt64l/lang/fa.res" 1485
"../../../Engine/Content/Internationalization/icudt64l/lang/fa_AF.res" 1486
"../../../Engine/Content/Internationalization/icudt64l/region/fa_AF.res" 1487
"../../../Engine/Content/Internationalization/icudt64l/region/fa.res" 1488
"../../../Engine/Content/Internationalization/icudt64l/lang/ff.res" 1489
"../../../Engine/Content/Internationalization/icudt64l/lang/ff_Latn.res" 1490
"../../../Engine/Content/Internationalization/icudt64l/region/ff.res" 1491
"../../../Engine/Content/Internationalization/icudt64l/region/ff_Latn.res" 1492
"../../../Engine/Content/Internationalization/icudt64l/lang/ff_CM.res" 1493
"../../../Engine/Content/Internationalization/icudt64l/lang/ff_Latn_CM.res" 1494
"../../../Engine/Content/Internationalization/icudt64l/region/ff_CM.res" 1495
"../../../Engine/Content/Internationalization/icudt64l/region/ff_Latn_CM.res" 1496
"../../../Engine/Content/Internationalization/icudt64l/lang/ff_GN.res" 1497
"../../../Engine/Content/Internationalization/icudt64l/lang/ff_Latn_GN.res" 1498
"../../../Engine/Content/Internationalization/icudt64l/region/ff_GN.res" 1499
"../../../Engine/Content/Internationalization/icudt64l/region/ff_Latn_GN.res" 1500
"../../../Engine/Content/Internationalization/icudt64l/lang/ff_MR.res" 1501
"../../../Engine/Content/Internationalization/icudt64l/lang/ff_Latn_MR.res" 1502
"../../../Engine/Content/Internationalization/icudt64l/region/ff_MR.res" 1503
"../../../Engine/Content/Internationalization/icudt64l/region/ff_Latn_MR.res" 1504
"../../../Engine/Content/Internationalization/icudt64l/lang/ff_SN.res" 1505
"../../../Engine/Content/Internationalization/icudt64l/lang/ff_Latn_SN.res" 1506
"../../../Engine/Content/Internationalization/icudt64l/region/ff_SN.res" 1507
"../../../Engine/Content/Internationalization/icudt64l/region/ff_Latn_SN.res" 1508
"../../../Engine/Content/Internationalization/icudt64l/lang/fi.res" 1509
"../../../Engine/Content/Internationalization/icudt64l/region/fi.res" 1510
"../../../Engine/Content/Internationalization/icudt64l/lang/fil.res" 1511
"../../../Engine/Content/Internationalization/icudt64l/lang/fil_PH.res" 1512
"../../../Engine/Content/Internationalization/icudt64l/region/fil_PH.res" 1513
"../../../Engine/Content/Internationalization/icudt64l/region/fil.res" 1514
"../../../Engine/Content/Internationalization/icudt64l/lang/fo.res" 1515
"../../../Engine/Content/Internationalization/icudt64l/region/fo.res" 1516
"../../../Engine/Content/Internationalization/icudt64l/lang/fr_BE.res" 1517
"../../../Engine/Content/Internationalization/icudt64l/region/fr_BE.res" 1518
"../../../Engine/Content/Internationalization/icudt64l/lang/fr_CA.res" 1519
"../../../Engine/Content/Internationalization/icudt64l/region/fr_CA.res" 1520
"../../../Engine/Content/Internationalization/icudt64l/lang/fr_CH.res" 1521
"../../../Engine/Content/Internationalization/icudt64l/lang/fur.res" 1522
"../../../Engine/Content/Internationalization/icudt64l/region/fur.res" 1523
"../../../Engine/Content/Internationalization/icudt64l/lang/fy.res" 1524
"../../../Engine/Content/Internationalization/icudt64l/region/fy.res" 1525
"../../../Engine/Content/Internationalization/icudt64l/lang/ga.res" 1526
"../../../Engine/Content/Internationalization/icudt64l/region/ga.res" 1527
"../../../Engine/Content/Internationalization/icudt64l/lang/gd.res" 1528
"../../../Engine/Content/Internationalization/icudt64l/region/gd.res" 1529
"../../../Engine/Content/Internationalization/icudt64l/lang/gl.res" 1530
"../../../Engine/Content/Internationalization/icudt64l/region/gl.res" 1531
"../../../Engine/Content/Internationalization/icudt64l/lang/gsw.res" 1532
"../../../Engine/Content/Internationalization/icudt64l/region/gsw.res" 1533
"../../../Engine/Content/Internationalization/icudt64l/lang/gu.res" 1534
"../../../Engine/Content/Internationalization/icudt64l/region/gu.res" 1535
"../../../Engine/Content/Internationalization/icudt64l/lang/guz.res" 1536
"../../../Engine/Content/Internationalization/icudt64l/region/guz.res" 1537
"../../../Engine/Content/Internationalization/icudt64l/lang/gv.res" 1538
"../../../Engine/Content/Internationalization/icudt64l/region/gv.res" 1539
"../../../Engine/Content/Internationalization/icudt64l/lang/ha.res" 1540
"../../../Engine/Content/Internationalization/icudt64l/region/ha.res" 1541
"../../../Engine/Content/Internationalization/icudt64l/lang/ha_NE.res" 1542
"../../../Engine/Content/Internationalization/icudt64l/region/ha_NE.res" 1543
"../../../Engine/Content/Internationalization/icudt64l/lang/haw.res" 1544
"../../../Engine/Content/Internationalization/icudt64l/region/haw.res" 1545
"../../../Engine/Content/Internationalization/icudt64l/lang/he.res" 1546
"../../../Engine/Content/Internationalization/icudt64l/lang/he_IL.res" 1547
"../../../Engine/Content/Internationalization/icudt64l/region/he_IL.res" 1548
"../../../Engine/Content/Internationalization/icudt64l/region/he.res" 1549
"../../../Engine/Content/Internationalization/icudt64l/lang/hi.res" 1550
"../../../Engine/Content/Internationalization/icudt64l/region/hi.res" 1551
"../../../Engine/Content/Internationalization/icudt64l/lang/hr.res" 1552
"../../../Engine/Content/Internationalization/icudt64l/region/hr.res" 1553
"../../../Engine/Content/Internationalization/icudt64l/lang/hsb.res" 1554
"../../../Engine/Content/Internationalization/icudt64l/region/hsb.res" 1555
"../../../Engine/Content/Internationalization/icudt64l/lang/hu.res" 1556
"../../../Engine/Content/Internationalization/icudt64l/region/hu.res" 1557
"../../../Engine/Content/Internationalization/icudt64l/lang/hy.res" 1558
"../../../Engine/Content/Internationalization/icudt64l/region/hy.res" 1559
"../../../Engine/Content/Internationalization/icudt64l/lang/ia.res" 1560
"../../../Engine/Content/Internationalization/icudt64l/region/ia.res" 1561
"../../../Engine/Content/Internationalization/icudt64l/lang/id.res" 1562
"../../../Engine/Content/Internationalization/icudt64l/lang/id_ID.res" 1563
"../../../Engine/Content/Internationalization/icudt64l/region/id_ID.res" 1564
"../../../Engine/Content/Internationalization/icudt64l/region/id.res" 1565
"../../../Engine/Content/Internationalization/icudt64l/lang/ig.res" 1566
"../../../Engine/Content/Internationalization/icudt64l/region/ig.res" 1567
"../../../Engine/Content/Internationalization/icudt64l/lang/ii.res" 1568
"../../../Engine/Content/Internationalization/icudt64l/region/ii.res" 1569
"../../../Engine/Content/Internationalization/icudt64l/lang/is.res" 1570
"../../../Engine/Content/Internationalization/icudt64l/region/is.res" 1571
"../../../Engine/Content/Internationalization/icudt64l/lang/it.res" 1572
"../../../Engine/Content/Internationalization/icudt64l/region/it.res" 1573
"../../../Engine/Content/Internationalization/icudt64l/lang/ja.res" 1574
"../../../Engine/Content/Internationalization/icudt64l/lang/ja_JP.res" 1575
"../../../Engine/Content/Internationalization/icudt64l/region/ja_JP.res" 1576
"../../../Engine/Content/Internationalization/icudt64l/region/ja.res" 1577
"../../../Engine/Content/Internationalization/icudt64l/lang/jgo.res" 1578
"../../../Engine/Content/Internationalization/icudt64l/region/jgo.res" 1579
"../../../Engine/Content/Internationalization/icudt64l/lang/jmc.res" 1580
"../../../Engine/Content/Internationalization/icudt64l/region/jmc.res" 1581
"../../../Engine/Content/Internationalization/icudt64l/lang/jv.res" 1582
"../../../Engine/Content/Internationalization/icudt64l/region/jv.res" 1583
"../../../Engine/Content/Internationalization/icudt64l/lang/ka.res" 1584
"../../../Engine/Content/Internationalization/icudt64l/region/ka.res" 1585
"../../../Engine/Content/Internationalization/icudt64l/lang/kab.res" 1586
"../../../Engine/Content/Internationalization/icudt64l/region/kab.res" 1587
"../../../Engine/Content/Internationalization/icudt64l/lang/kam.res" 1588
"../../../Engine/Content/Internationalization/icudt64l/region/kam.res" 1589
"../../../Engine/Content/Internationalization/icudt64l/lang/kde.res" 1590
"../../../Engine/Content/Internationalization/icudt64l/region/kde.res" 1591
"../../../Engine/Content/Internationalization/icudt64l/lang/kea.res" 1592
"../../../Engine/Content/Internationalization/icudt64l/region/kea.res" 1593
"../../../Engine/Content/Internationalization/icudt64l/lang/khq.res" 1594
"../../../Engine/Content/Internationalization/icudt64l/region/khq.res" 1595
"../../../Engine/Content/Internationalization/icudt64l/lang/ki.res" 1596
"../../../Engine/Content/Internationalization/icudt64l/region/ki.res" 1597
"../../../Engine/Content/Internationalization/icudt64l/lang/kk.res" 1598
"../../../Engine/Content/Internationalization/icudt64l/region/kk.res" 1599
"../../../Engine/Content/Internationalization/icudt64l/lang/kkj.res" 1600
"../../../Engine/Content/Internationalization/icudt64l/region/kkj.res" 1601
"../../../Engine/Content/Internationalization/icudt64l/lang/kl.res" 1602
"../../../Engine/Content/Internationalization/icudt64l/region/kl.res" 1603
"../../../Engine/Content/Internationalization/icudt64l/lang/kln.res" 1604
"../../../Engine/Content/Internationalization/icudt64l/region/kln.res" 1605
"../../../Engine/Content/Internationalization/icudt64l/lang/km.res" 1606
"../../../Engine/Content/Internationalization/icudt64l/region/km.res" 1607
"../../../Engine/Content/Internationalization/icudt64l/lang/kn.res" 1608
"../../../Engine/Content/Internationalization/icudt64l/region/kn.res" 1609
"../../../Engine/Content/Internationalization/icudt64l/lang/ko.res" 1610
"../../../Engine/Content/Internationalization/icudt64l/region/ko_KP.res" 1611
"../../../Engine/Content/Internationalization/icudt64l/region/ko.res" 1612
"../../../Engine/Content/Internationalization/icudt64l/lang/kok.res" 1613
"../../../Engine/Content/Internationalization/icudt64l/region/kok.res" 1614
"../../../Engine/Content/Internationalization/icudt64l/lang/ks.res" 1615
"../../../Engine/Content/Internationalization/icudt64l/region/ks.res" 1616
"../../../Engine/Content/Internationalization/icudt64l/lang/ksb.res" 1617
"../../../Engine/Content/Internationalization/icudt64l/region/ksb.res" 1618
"../../../Engine/Content/Internationalization/icudt64l/lang/ksf.res" 1619
"../../../Engine/Content/Internationalization/icudt64l/region/ksf.res" 1620
"../../../Engine/Content/Internationalization/icudt64l/lang/ksh.res" 1621
"../../../Engine/Content/Internationalization/icudt64l/region/ksh.res" 1622
"../../../Engine/Content/Internationalization/icudt64l/lang/ku.res" 1623
"../../../Engine/Content/Internationalization/icudt64l/region/ku.res" 1624
"../../../Engine/Content/Internationalization/icudt64l/lang/kw.res" 1625
"../../../Engine/Content/Internationalization/icudt64l/region/kw.res" 1626
"../../../Engine/Content/Internationalization/icudt64l/lang/ky.res" 1627
"../../../Engine/Content/Internationalization/icudt64l/region/ky.res" 1628
"../../../Engine/Content/Internationalization/icudt64l/lang/lag.res" 1629
"../../../Engine/Content/Internationalization/icudt64l/region/lag.res" 1630
"../../../Engine/Content/Internationalization/icudt64l/lang/lb.res" 1631
"../../../Engine/Content/Internationalization/icudt64l/region/lb.res" 1632
"../../../Engine/Content/Internationalization/icudt64l/lang/lg.res" 1633
"../../../Engine/Content/Internationalization/icudt64l/region/lg.res" 1634
"../../../Engine/Content/Internationalization/icudt64l/lang/lkt.res" 1635
"../../../Engine/Content/Internationalization/icudt64l/region/lkt.res" 1636
"../../../Engine/Content/Internationalization/icudt64l/lang/ln.res" 1637
"../../../Engine/Content/Internationalization/icudt64l/region/ln.res" 1638
"../../../Engine/Content/Internationalization/icudt64l/lang/lo.res" 1639
"../../../Engine/Content/Internationalization/icudt64l/region/lo.res" 1640
"../../../Engine/Content/Internationalization/icudt64l/lang/lrc.res" 1641
"../../../Engine/Content/Internationalization/icudt64l/region/lrc.res" 1642
"../../../Engine/Content/Internationalization/icudt64l/lang/lt.res" 1643
"../../../Engine/Content/Internationalization/icudt64l/region/lt.res" 1644
"../../../Engine/Content/Internationalization/icudt64l/lang/lu.res" 1645
"../../../Engine/Content/Internationalization/icudt64l/region/lu.res" 1646
"../../../Engine/Content/Internationalization/icudt64l/lang/luo.res" 1647
"../../../Engine/Content/Internationalization/icudt64l/region/luo.res" 1648
"../../../Engine/Content/Internationalization/icudt64l/lang/luy.res" 1649
"../../../Engine/Content/Internationalization/icudt64l/region/luy.res" 1650
"../../../Engine/Content/Internationalization/icudt64l/lang/lv.res" 1651
"../../../Engine/Content/Internationalization/icudt64l/region/lv.res" 1652
"../../../Engine/Content/Internationalization/icudt64l/lang/mas.res" 1653
"../../../Engine/Content/Internationalization/icudt64l/region/mas.res" 1654
"../../../Engine/Content/Internationalization/icudt64l/lang/mer.res" 1655
"../../../Engine/Content/Internationalization/icudt64l/region/mer.res" 1656
"../../../Engine/Content/Internationalization/icudt64l/lang/mfe.res" 1657
"../../../Engine/Content/Internationalization/icudt64l/region/mfe.res" 1658
"../../../Engine/Content/Internationalization/icudt64l/lang/mg.res" 1659
"../../../Engine/Content/Internationalization/icudt64l/region/mg.res" 1660
"../../../Engine/Content/Internationalization/icudt64l/lang/mgh.res" 1661
"../../../Engine/Content/Internationalization/icudt64l/region/mgh.res" 1662
"../../../Engine/Content/Internationalization/icudt64l/lang/mgo.res" 1663
"../../../Engine/Content/Internationalization/icudt64l/region/mgo.res" 1664
"../../../Engine/Content/Internationalization/icudt64l/lang/mi.res" 1665
"../../../Engine/Content/Internationalization/icudt64l/region/mi.res" 1666
"../../../Engine/Content/Internationalization/icudt64l/lang/mk.res" 1667
"../../../Engine/Content/Internationalization/icudt64l/region/mk.res" 1668
"../../../Engine/Content/Internationalization/icudt64l/lang/ml.res" 1669
"../../../Engine/Content/Internationalization/icudt64l/region/ml.res" 1670
"../../../Engine/Content/Internationalization/icudt64l/lang/mn.res" 1671
"../../../Engine/Content/Internationalization/icudt64l/region/mn.res" 1672
"../../../Engine/Content/Internationalization/icudt64l/lang/mr.res" 1673
"../../../Engine/Content/Internationalization/icudt64l/region/mr.res" 1674
"../../../Engine/Content/Internationalization/icudt64l/lang/ms.res" 1675
"../../../Engine/Content/Internationalization/icudt64l/region/ms.res" 1676
"../../../Engine/Content/Internationalization/icudt64l/lang/mt.res" 1677
"../../../Engine/Content/Internationalization/icudt64l/region/mt.res" 1678
"../../../Engine/Content/Internationalization/icudt64l/lang/mua.res" 1679
"../../../Engine/Content/Internationalization/icudt64l/region/mua.res" 1680
"../../../Engine/Content/Internationalization/icudt64l/lang/my.res" 1681
"../../../Engine/Content/Internationalization/icudt64l/region/my.res" 1682
"../../../Engine/Content/Internationalization/icudt64l/lang/mzn.res" 1683
"../../../Engine/Content/Internationalization/icudt64l/region/mzn.res" 1684
"../../../Engine/Content/Internationalization/icudt64l/lang/naq.res" 1685
"../../../Engine/Content/Internationalization/icudt64l/region/naq.res" 1686
"../../../Engine/Content/Internationalization/icudt64l/lang/nb.res" 1687
"../../../Engine/Content/Internationalization/icudt64l/lang/nb_NO.res" 1688
"../../../Engine/Content/Internationalization/icudt64l/region/nb_NO.res" 1689
"../../../Engine/Content/Internationalization/icudt64l/region/nb.res" 1690
"../../../Engine/Content/Internationalization/icudt64l/lang/nd.res" 1691
"../../../Engine/Content/Internationalization/icudt64l/region/nd.res" 1692
"../../../Engine/Content/Internationalization/icudt64l/lang/nds.res" 1693
"../../../Engine/Content/Internationalization/icudt64l/region/nds.res" 1694
"../../../Engine/Content/Internationalization/icudt64l/lang/ne.res" 1695
"../../../Engine/Content/Internationalization/icudt64l/region/ne.res" 1696
"../../../Engine/Content/Internationalization/icudt64l/lang/nl.res" 1697
"../../../Engine/Content/Internationalization/icudt64l/region/nl.res" 1698
"../../../Engine/Content/Internationalization/icudt64l/lang/nmg.res" 1699
"../../../Engine/Content/Internationalization/icudt64l/region/nmg.res" 1700
"../../../Engine/Content/Internationalization/icudt64l/lang/nn.res" 1701
"../../../Engine/Content/Internationalization/icudt64l/lang/nn_NO.res" 1702
"../../../Engine/Content/Internationalization/icudt64l/region/nn_NO.res" 1703
"../../../Engine/Content/Internationalization/icudt64l/region/nn.res" 1704
"../../../Engine/Content/Internationalization/icudt64l/lang/nnh.res" 1705
"../../../Engine/Content/Internationalization/icudt64l/region/nnh.res" 1706
"../../../Engine/Content/Internationalization/icudt64l/lang/nus.res" 1707
"../../../Engine/Content/Internationalization/icudt64l/region/nus.res" 1708
"../../../Engine/Content/Internationalization/icudt64l/lang/nyn.res" 1709
"../../../Engine/Content/Internationalization/icudt64l/region/nyn.res" 1710
"../../../Engine/Content/Internationalization/icudt64l/lang/om.res" 1711
"../../../Engine/Content/Internationalization/icudt64l/region/om.res" 1712
"../../../Engine/Content/Internationalization/icudt64l/lang/or.res" 1713
"../../../Engine/Content/Internationalization/icudt64l/region/or.res" 1714
"../../../Engine/Content/Internationalization/icudt64l/lang/os.res" 1715
"../../../Engine/Content/Internationalization/icudt64l/region/os.res" 1716
"../../../Engine/Content/Internationalization/icudt64l/lang/pa.res" 1717
"../../../Engine/Content/Internationalization/icudt64l/lang/pa_Arab.res" 1718
"../../../Engine/Content/Internationalization/icudt64l/lang/pa_PK.res" 1719
"../../../Engine/Content/Internationalization/icudt64l/lang/pa_Arab_PK.res" 1720
"../../../Engine/Content/Internationalization/icudt64l/region/pa_PK.res" 1721
"../../../Engine/Content/Internationalization/icudt64l/region/pa_Arab_PK.res" 1722
"../../../Engine/Content/Internationalization/icudt64l/region/pa_Arab.res" 1723
"../../../Engine/Content/Internationalization/icudt64l/lang/pa_Guru.res" 1724
"../../../Engine/Content/Internationalization/icudt64l/lang/pa_IN.res" 1725
"../../../Engine/Content/Internationalization/icudt64l/lang/pa_Guru_IN.res" 1726
"../../../Engine/Content/Internationalization/icudt64l/region/pa_IN.res" 1727
"../../../Engine/Content/Internationalization/icudt64l/region/pa_Guru_IN.res" 1728
"../../../Engine/Content/Internationalization/icudt64l/region/pa_Guru.res" 1729
"../../../Engine/Content/Internationalization/icudt64l/region/pa.res" 1730
"../../../Engine/Content/Internationalization/icudt64l/lang/pl.res" 1731
"../../../Engine/Content/Internationalization/icudt64l/region/pl.res" 1732
"../../../Engine/Content/Internationalization/icudt64l/lang/ps.res" 1733
"../../../Engine/Content/Internationalization/icudt64l/region/ps.res" 1734
"../../../Engine/Content/Internationalization/icudt64l/lang/ps_PK.res" 1735
"../../../Engine/Content/Internationalization/icudt64l/region/ps_PK.res" 1736
"../../../Engine/Content/Internationalization/icudt64l/lang/pt.res" 1737
"../../../Engine/Content/Internationalization/icudt64l/lang/pt_AO.res" 1738
"../../../Engine/Content/Internationalization/icudt64l/lang/pt_PT.res" 1739
"../../../Engine/Content/Internationalization/icudt64l/region/pt_AO.res" 1740
"../../../Engine/Content/Internationalization/icudt64l/region/pt_PT.res" 1741
"../../../Engine/Content/Internationalization/icudt64l/region/pt.res" 1742
"../../../Engine/Content/Internationalization/icudt64l/lang/pt_CH.res" 1743
"../../../Engine/Content/Internationalization/icudt64l/region/pt_CH.res" 1744
"../../../Engine/Content/Internationalization/icudt64l/lang/pt_CV.res" 1745
"../../../Engine/Content/Internationalization/icudt64l/region/pt_CV.res" 1746
"../../../Engine/Content/Internationalization/icudt64l/lang/pt_GQ.res" 1747
"../../../Engine/Content/Internationalization/icudt64l/region/pt_GQ.res" 1748
"../../../Engine/Content/Internationalization/icudt64l/lang/pt_GW.res" 1749
"../../../Engine/Content/Internationalization/icudt64l/region/pt_GW.res" 1750
"../../../Engine/Content/Internationalization/icudt64l/lang/pt_LU.res" 1751
"../../../Engine/Content/Internationalization/icudt64l/region/pt_LU.res" 1752
"../../../Engine/Content/Internationalization/icudt64l/lang/pt_MO.res" 1753
"../../../Engine/Content/Internationalization/icudt64l/region/pt_MO.res" 1754
"../../../Engine/Content/Internationalization/icudt64l/lang/pt_MZ.res" 1755
"../../../Engine/Content/Internationalization/icudt64l/region/pt_MZ.res" 1756
"../../../Engine/Content/Internationalization/icudt64l/lang/pt_ST.res" 1757
"../../../Engine/Content/Internationalization/icudt64l/region/pt_ST.res" 1758
"../../../Engine/Content/Internationalization/icudt64l/lang/pt_TL.res" 1759
"../../../Engine/Content/Internationalization/icudt64l/region/pt_TL.res" 1760
"../../../Engine/Content/Internationalization/icudt64l/lang/qu.res" 1761
"../../../Engine/Content/Internationalization/icudt64l/region/qu.res" 1762
"../../../Engine/Content/Internationalization/icudt64l/lang/rm.res" 1763
"../../../Engine/Content/Internationalization/icudt64l/region/rm.res" 1764
"../../../Engine/Content/Internationalization/icudt64l/lang/rn.res" 1765
"../../../Engine/Content/Internationalization/icudt64l/region/rn.res" 1766
"../../../Engine/Content/Internationalization/icudt64l/lang/ro.res" 1767
"../../../Engine/Content/Internationalization/icudt64l/lang/ro_MD.res" 1768
"../../../Engine/Content/Internationalization/icudt64l/region/ro_MD.res" 1769
"../../../Engine/Content/Internationalization/icudt64l/region/ro.res" 1770
"../../../Engine/Content/Internationalization/icudt64l/lang/rof.res" 1771
"../../../Engine/Content/Internationalization/icudt64l/region/rof.res" 1772
"../../../Engine/Content/Internationalization/icudt64l/lang/ru.res" 1773
"../../../Engine/Content/Internationalization/icudt64l/region/ru.res" 1774
"../../../Engine/Content/Internationalization/icudt64l/region/ru_UA.res" 1775
"../../../Engine/Content/Internationalization/icudt64l/lang/rw.res" 1776
"../../../Engine/Content/Internationalization/icudt64l/region/rw.res" 1777
"../../../Engine/Content/Internationalization/icudt64l/lang/rwk.res" 1778
"../../../Engine/Content/Internationalization/icudt64l/region/rwk.res" 1779
"../../../Engine/Content/Internationalization/icudt64l/lang/sah.res" 1780
"../../../Engine/Content/Internationalization/icudt64l/region/sah.res" 1781
"../../../Engine/Content/Internationalization/icudt64l/lang/saq.res" 1782
"../../../Engine/Content/Internationalization/icudt64l/region/saq.res" 1783
"../../../Engine/Content/Internationalization/icudt64l/lang/sbp.res" 1784
"../../../Engine/Content/Internationalization/icudt64l/region/sbp.res" 1785
"../../../Engine/Content/Internationalization/icudt64l/lang/sd.res" 1786
"../../../Engine/Content/Internationalization/icudt64l/region/sd.res" 1787
"../../../Engine/Content/Internationalization/icudt64l/lang/se.res" 1788
"../../../Engine/Content/Internationalization/icudt64l/lang/se_FI.res" 1789
"../../../Engine/Content/Internationalization/icudt64l/region/se_FI.res" 1790
"../../../Engine/Content/Internationalization/icudt64l/region/se.res" 1791
"../../../Engine/Content/Internationalization/icudt64l/lang/seh.res" 1792
"../../../Engine/Content/Internationalization/icudt64l/region/seh.res" 1793
"../../../Engine/Content/Internationalization/icudt64l/lang/ses.res" 1794
"../../../Engine/Content/Internationalization/icudt64l/region/ses.res" 1795
"../../../Engine/Content/Internationalization/icudt64l/lang/sg.res" 1796
"../../../Engine/Content/Internationalization/icudt64l/region/sg.res" 1797
"../../../Engine/Content/Internationalization/icudt64l/lang/shi.res" 1798
"../../../Engine/Content/Internationalization/icudt64l/lang/shi_Latn.res" 1799
"../../../Engine/Content/Internationalization/icudt64l/lang/shi_MA.res" 1800
"../../../Engine/Content/Internationalization/icudt64l/lang/shi_Tfng_MA.res" 1801
"../../../Engine/Content/Internationalization/icudt64l/lang/shi_Tfng.res" 1802
"../../../Engine/Content/Internationalization/icudt64l/region/shi_MA.res" 1803
"../../../Engine/Content/Internationalization/icudt64l/region/shi_Tfng_MA.res" 1804
"../../../Engine/Content/Internationalization/icudt64l/region/shi_Tfng.res" 1805
"../../../Engine/Content/Internationalization/icudt64l/region/shi.res" 1806
"../../../Engine/Content/Internationalization/icudt64l/region/shi_Latn.res" 1807
"../../../Engine/Content/Internationalization/icudt64l/lang/si.res" 1808
"../../../Engine/Content/Internationalization/icudt64l/region/si.res" 1809
"../../../Engine/Content/Internationalization/icudt64l/lang/sk.res" 1810
"../../../Engine/Content/Internationalization/icudt64l/region/sk.res" 1811
"../../../Engine/Content/Internationalization/icudt64l/lang/sl.res" 1812
"../../../Engine/Content/Internationalization/icudt64l/region/sl.res" 1813
"../../../Engine/Content/Internationalization/icudt64l/lang/smn.res" 1814
"../../../Engine/Content/Internationalization/icudt64l/region/smn.res" 1815
"../../../Engine/Content/Internationalization/icudt64l/lang/sn.res" 1816
"../../../Engine/Content/Internationalization/icudt64l/region/sn.res" 1817
"../../../Engine/Content/Internationalization/icudt64l/lang/so.res" 1818
"../../../Engine/Content/Internationalization/icudt64l/region/so.res" 1819
"../../../Engine/Content/Internationalization/icudt64l/lang/sq.res" 1820
"../../../Engine/Content/Internationalization/icudt64l/region/sq.res" 1821
"../../../Engine/Content/Internationalization/icudt64l/lang/sr.res" 1822
"../../../Engine/Content/Internationalization/icudt64l/lang/sr_Cyrl.res" 1823
"../../../Engine/Content/Internationalization/icudt64l/lang/sr_BA.res" 1824
"../../../Engine/Content/Internationalization/icudt64l/lang/sr_Cyrl_BA.res" 1825
"../../../Engine/Content/Internationalization/icudt64l/region/sr_BA.res" 1826
"../../../Engine/Content/Internationalization/icudt64l/region/sr_Cyrl_BA.res" 1827
"../../../Engine/Content/Internationalization/icudt64l/region/sr_Cyrl.res" 1828
"../../../Engine/Content/Internationalization/icudt64l/region/sr.res" 1829
"../../../Engine/Content/Internationalization/icudt64l/lang/sr_ME.res" 1830
"../../../Engine/Content/Internationalization/icudt64l/lang/sr_Latn_ME.res" 1831
"../../../Engine/Content/Internationalization/icudt64l/lang/sr_Latn.res" 1832
"../../../Engine/Content/Internationalization/icudt64l/region/sr_ME.res" 1833
"../../../Engine/Content/Internationalization/icudt64l/region/sr_Latn_ME.res" 1834
"../../../Engine/Content/Internationalization/icudt64l/region/sr_Latn.res" 1835
"../../../Engine/Content/Internationalization/icudt64l/lang/sr_Cyrl_ME.res" 1836
"../../../Engine/Content/Internationalization/icudt64l/region/sr_Cyrl_ME.res" 1837
"../../../Engine/Content/Internationalization/icudt64l/lang/sr_RS.res" 1838
"../../../Engine/Content/Internationalization/icudt64l/lang/sr_Cyrl_RS.res" 1839
"../../../Engine/Content/Internationalization/icudt64l/region/sr_RS.res" 1840
"../../../Engine/Content/Internationalization/icudt64l/region/sr_Cyrl_RS.res" 1841
"../../../Engine/Content/Internationalization/icudt64l/lang/sr_XK.res" 1842
"../../../Engine/Content/Internationalization/icudt64l/lang/sr_Cyrl_XK.res" 1843
"../../../Engine/Content/Internationalization/icudt64l/region/sr_XK.res" 1844
"../../../Engine/Content/Internationalization/icudt64l/region/sr_Cyrl_XK.res" 1845
"../../../Engine/Content/Internationalization/icudt64l/lang/sr_Latn_BA.res" 1846
"../../../Engine/Content/Internationalization/icudt64l/region/sr_Latn_BA.res" 1847
"../../../Engine/Content/Internationalization/icudt64l/lang/sr_Latn_RS.res" 1848
"../../../Engine/Content/Internationalization/icudt64l/region/sr_Latn_RS.res" 1849
"../../../Engine/Content/Internationalization/icudt64l/lang/sr_Latn_XK.res" 1850
"../../../Engine/Content/Internationalization/icudt64l/region/sr_Latn_XK.res" 1851
"../../../Engine/Content/Internationalization/icudt64l/lang/sv.res" 1852
"../../../Engine/Content/Internationalization/icudt64l/region/sv.res" 1853
"../../../Engine/Content/Internationalization/icudt64l/lang/sv_FI.res" 1854
"../../../Engine/Content/Internationalization/icudt64l/lang/sw.res" 1855
"../../../Engine/Content/Internationalization/icudt64l/lang/sw_CD.res" 1856
"../../../Engine/Content/Internationalization/icudt64l/region/sw_CD.res" 1857
"../../../Engine/Content/Internationalization/icudt64l/region/sw.res" 1858
"../../../Engine/Content/Internationalization/icudt64l/lang/sw_KE.res" 1859
"../../../Engine/Content/Internationalization/icudt64l/region/sw_KE.res" 1860
"../../../Engine/Content/Internationalization/icudt64l/lang/ta.res" 1861
"../../../Engine/Content/Internationalization/icudt64l/region/ta.res" 1862
"../../../Engine/Content/Internationalization/icudt64l/lang/te.res" 1863
"../../../Engine/Content/Internationalization/icudt64l/region/te.res" 1864
"../../../Engine/Content/Internationalization/icudt64l/lang/teo.res" 1865
"../../../Engine/Content/Internationalization/icudt64l/region/teo.res" 1866
"../../../Engine/Content/Internationalization/icudt64l/lang/tg.res" 1867
"../../../Engine/Content/Internationalization/icudt64l/region/tg.res" 1868
"../../../Engine/Content/Internationalization/icudt64l/lang/th.res" 1869
"../../../Engine/Content/Internationalization/icudt64l/lang/th_TH.res" 1870
"../../../Engine/Content/Internationalization/icudt64l/region/th_TH.res" 1871
"../../../Engine/Content/Internationalization/icudt64l/region/th.res" 1872
"../../../Engine/Content/Internationalization/icudt64l/lang/ti.res" 1873
"../../../Engine/Content/Internationalization/icudt64l/region/ti.res" 1874
"../../../Engine/Content/Internationalization/icudt64l/lang/tk.res" 1875
"../../../Engine/Content/Internationalization/icudt64l/region/tk.res" 1876
"../../../Engine/Content/Internationalization/icudt64l/lang/to.res" 1877
"../../../Engine/Content/Internationalization/icudt64l/region/to.res" 1878
"../../../Engine/Content/Internationalization/icudt64l/lang/tr.res" 1879
"../../../Engine/Content/Internationalization/icudt64l/region/tr.res" 1880
"../../../Engine/Content/Internationalization/icudt64l/lang/tt.res" 1881
"../../../Engine/Content/Internationalization/icudt64l/region/tt.res" 1882
"../../../Engine/Content/Internationalization/icudt64l/lang/twq.res" 1883
"../../../Engine/Content/Internationalization/icudt64l/region/twq.res" 1884
"../../../Engine/Content/Internationalization/icudt64l/lang/tzm.res" 1885
"../../../Engine/Content/Internationalization/icudt64l/region/tzm.res" 1886
"../../../Engine/Content/Internationalization/icudt64l/lang/ug.res" 1887
"../../../Engine/Content/Internationalization/icudt64l/region/ug.res" 1888
"../../../Engine/Content/Internationalization/icudt64l/lang/uk.res" 1889
"../../../Engine/Content/Internationalization/icudt64l/region/uk.res" 1890
"../../../Engine/Content/Internationalization/icudt64l/lang/ur.res" 1891
"../../../Engine/Content/Internationalization/icudt64l/lang/ur_IN.res" 1892
"../../../Engine/Content/Internationalization/icudt64l/region/ur_IN.res" 1893
"../../../Engine/Content/Internationalization/icudt64l/region/ur.res" 1894
"../../../Engine/Content/Internationalization/icudt64l/lang/uz.res" 1895
"../../../Engine/Content/Internationalization/icudt64l/lang/uz_Arab.res" 1896
"../../../Engine/Content/Internationalization/icudt64l/lang/uz_AF.res" 1897
"../../../Engine/Content/Internationalization/icudt64l/lang/uz_Arab_AF.res" 1898
"../../../Engine/Content/Internationalization/icudt64l/region/uz_AF.res" 1899
"../../../Engine/Content/Internationalization/icudt64l/region/uz_Arab_AF.res" 1900
"../../../Engine/Content/Internationalization/icudt64l/region/uz_Arab.res" 1901
"../../../Engine/Content/Internationalization/icudt64l/lang/uz_Cyrl.res" 1902
"../../../Engine/Content/Internationalization/icudt64l/lang/uz_UZ.res" 1903
"../../../Engine/Content/Internationalization/icudt64l/lang/uz_Latn_UZ.res" 1904
"../../../Engine/Content/Internationalization/icudt64l/lang/uz_Latn.res" 1905
"../../../Engine/Content/Internationalization/icudt64l/region/uz_UZ.res" 1906
"../../../Engine/Content/Internationalization/icudt64l/region/uz_Latn_UZ.res" 1907
"../../../Engine/Content/Internationalization/icudt64l/region/uz_Latn.res" 1908
"../../../Engine/Content/Internationalization/icudt64l/region/uz.res" 1909
"../../../Engine/Content/Internationalization/icudt64l/region/uz_Cyrl.res" 1910
"../../../Engine/Content/Internationalization/icudt64l/lang/vai.res" 1911
"../../../Engine/Content/Internationalization/icudt64l/lang/vai_Latn.res" 1912
"../../../Engine/Content/Internationalization/icudt64l/lang/vai_LR.res" 1913
"../../../Engine/Content/Internationalization/icudt64l/lang/vai_Vaii_LR.res" 1914
"../../../Engine/Content/Internationalization/icudt64l/lang/vai_Vaii.res" 1915
"../../../Engine/Content/Internationalization/icudt64l/region/vai_LR.res" 1916
"../../../Engine/Content/Internationalization/icudt64l/region/vai_Vaii_LR.res" 1917
"../../../Engine/Content/Internationalization/icudt64l/region/vai_Vaii.res" 1918
"../../../Engine/Content/Internationalization/icudt64l/region/vai.res" 1919
"../../../Engine/Content/Internationalization/icudt64l/region/vai_Latn.res" 1920
"../../../Engine/Content/Internationalization/icudt64l/lang/vi.res" 1921
"../../../Engine/Content/Internationalization/icudt64l/region/vi.res" 1922
"../../../Engine/Content/Internationalization/icudt64l/lang/vun.res" 1923
"../../../Engine/Content/Internationalization/icudt64l/region/vun.res" 1924
"../../../Engine/Content/Internationalization/icudt64l/lang/wae.res" 1925
"../../../Engine/Content/Internationalization/icudt64l/region/wae.res" 1926
"../../../Engine/Content/Internationalization/icudt64l/lang/wo.res" 1927
"../../../Engine/Content/Internationalization/icudt64l/region/wo.res" 1928
"../../../Engine/Content/Internationalization/icudt64l/lang/xh.res" 1929
"../../../Engine/Content/Internationalization/icudt64l/region/xh.res" 1930
"../../../Engine/Content/Internationalization/icudt64l/lang/xog.res" 1931
"../../../Engine/Content/Internationalization/icudt64l/region/xog.res" 1932
"../../../Engine/Content/Internationalization/icudt64l/lang/yav.res" 1933
"../../../Engine/Content/Internationalization/icudt64l/region/yav.res" 1934
"../../../Engine/Content/Internationalization/icudt64l/lang/yi.res" 1935
"../../../Engine/Content/Internationalization/icudt64l/region/yi.res" 1936
"../../../Engine/Content/Internationalization/icudt64l/lang/yo.res" 1937
"../../../Engine/Content/Internationalization/icudt64l/lang/yo_BJ.res" 1938
"../../../Engine/Content/Internationalization/icudt64l/region/yo_BJ.res" 1939
"../../../Engine/Content/Internationalization/icudt64l/region/yo.res" 1940
"../../../Engine/Content/Internationalization/icudt64l/lang/yue.res" 1941
"../../../Engine/Content/Internationalization/icudt64l/lang/yue_Hans.res" 1942
"../../../Engine/Content/Internationalization/icudt64l/lang/yue_CN.res" 1943
"../../../Engine/Content/Internationalization/icudt64l/lang/yue_Hans_CN.res" 1944
"../../../Engine/Content/Internationalization/icudt64l/region/yue_CN.res" 1945
"../../../Engine/Content/Internationalization/icudt64l/region/yue_Hans_CN.res" 1946
"../../../Engine/Content/Internationalization/icudt64l/region/yue_Hans.res" 1947
"../../../Engine/Content/Internationalization/icudt64l/lang/yue_Hant.res" 1948
"../../../Engine/Content/Internationalization/icudt64l/lang/yue_HK.res" 1949
"../../../Engine/Content/Internationalization/icudt64l/lang/yue_Hant_HK.res" 1950
"../../../Engine/Content/Internationalization/icudt64l/region/yue_HK.res" 1951
"../../../Engine/Content/Internationalization/icudt64l/region/yue_Hant_HK.res" 1952
"../../../Engine/Content/Internationalization/icudt64l/region/yue_Hant.res" 1953
"../../../Engine/Content/Internationalization/icudt64l/region/yue.res" 1954
"../../../Engine/Content/Internationalization/icudt64l/lang/zgh.res" 1955
"../../../Engine/Content/Internationalization/icudt64l/region/zgh.res" 1956
"../../../Engine/Content/Internationalization/icudt64l/lang/zh.res" 1957
"../../../Engine/Content/Internationalization/icudt64l/lang/zh_Hans.res" 1958
"../../../Engine/Content/Internationalization/icudt64l/lang/zh_CN.res" 1959
"../../../Engine/Content/Internationalization/icudt64l/lang/zh_Hans_CN.res" 1960
"../../../Engine/Content/Internationalization/icudt64l/region/zh_CN.res" 1961
"../../../Engine/Content/Internationalization/icudt64l/region/zh_Hans_CN.res" 1962
"../../../Engine/Content/Internationalization/icudt64l/region/zh_Hans.res" 1963
"../../../Engine/Content/Internationalization/icudt64l/region/zh.res" 1964
"../../../Engine/Content/Internationalization/icudt64l/lang/zh_HK.res" 1965
"../../../Engine/Content/Internationalization/icudt64l/lang/zh_Hant_HK.res" 1966
"../../../Engine/Content/Internationalization/icudt64l/lang/zh_Hant.res" 1967
"../../../Engine/Content/Internationalization/icudt64l/region/zh_HK.res" 1968
"../../../Engine/Content/Internationalization/icudt64l/region/zh_Hant_HK.res" 1969
"../../../Engine/Content/Internationalization/icudt64l/region/zh_Hant.res" 1970
"../../../Engine/Content/Internationalization/icudt64l/lang/zh_MO.res" 1971
"../../../Engine/Content/Internationalization/icudt64l/lang/zh_Hant_MO.res" 1972
"../../../Engine/Content/Internationalization/icudt64l/region/zh_MO.res" 1973
"../../../Engine/Content/Internationalization/icudt64l/region/zh_Hant_MO.res" 1974
"../../../Engine/Content/Internationalization/icudt64l/lang/zh_SG.res" 1975
"../../../Engine/Content/Internationalization/icudt64l/lang/zh_Hans_SG.res" 1976
"../../../Engine/Content/Internationalization/icudt64l/region/zh_SG.res" 1977
"../../../Engine/Content/Internationalization/icudt64l/region/zh_Hans_SG.res" 1978
"../../../Engine/Content/Internationalization/icudt64l/lang/zh_TW.res" 1979
"../../../Engine/Content/Internationalization/icudt64l/lang/zh_Hant_TW.res" 1980
"../../../Engine/Content/Internationalization/icudt64l/region/zh_TW.res" 1981
"../../../Engine/Content/Internationalization/icudt64l/region/zh_Hant_TW.res" 1982
"../../../Engine/Content/Internationalization/icudt64l/lang/zu.res" 1983
"../../../Engine/Content/Internationalization/icudt64l/region/zu.res" 1984
"../../../Engine/Content/Internationalization/icudt64l/lang/no.res" 1985
"../../../Engine/Content/Internationalization/icudt64l/lang/tl.res" 1986
"../../../Engine/Config/Android/DataDrivenPlatformInfo.ini" 1987
"../../../Engine/Config/IOS/DataDrivenPlatformInfo.ini" 1988
"../../../Engine/Config/Linux/DataDrivenPlatformInfo.ini" 1989
"../../../Engine/Config/Mac/DataDrivenPlatformInfo.ini" 1990
"../../../Engine/Config/TVOS/DataDrivenPlatformInfo.ini" 1991
"../../../Engine/Config/Unix/DataDrivenPlatformInfo.ini" 1992
"../../../Engine/Config/VulkanPC/DataDrivenPlatformInfo.ini" 1993
"../../../Engine/Config/Windows/DataDrivenPlatformInfo.ini" 1994
"../../../Engine/Platforms/VisionOS/Config/DataDrivenPlatformInfo.ini" 1995
"../../../Engine/Content/Renderer/TessellationTable.bin" 1996
"../../../Engine/DerivedDataCache/Compressed.ddp" 1997
"C:/Users/PC/AppData/Local/UnrealEngine/5.7/Saved/Zen/zen.version" 1998
"C:/Users/PC/AppData/Local/UnrealEngine/Common/Zen/Install/zen.version" 1999
"C:/Users/PC/AppData/Local/UnrealEngine/Common/Zen/Install/zenserver.runcontext" 2000
"C:/Users/PC/AppData/Local/UnrealEngine/Common/DerivedDataCache/TestData/0/TestData_4kb.dat" 2001
"C:/Users/PC/AppData/Local/UnrealEngine/Common/DerivedDataCache/TestData/1/TestData_4kb.dat" 2002
"C:/Users/PC/AppData/Local/UnrealEngine/Common/DerivedDataCache/TestData/0/TestData_8kb.dat" 2003
"C:/Users/PC/AppData/Local/UnrealEngine/Common/DerivedDataCache/TestData/1/TestData_8kb.dat" 2004
"C:/Users/PC/AppData/Local/UnrealEngine/Common/DerivedDataCache/TestData/0/TestData_16kb.dat" 2005
"C:/Users/PC/AppData/Local/UnrealEngine/Common/DerivedDataCache/TestData/1/TestData_16kb.dat" 2006
"C:/Users/PC/AppData/Local/UnrealEngine/Common/DerivedDataCache/TestData/0/TestData_64kb.dat" 2007
"C:/Users/PC/AppData/Local/UnrealEngine/Common/DerivedDataCache/TestData/1/TestData_64kb.dat" 2008
"C:/Users/PC/AppData/Local/UnrealEngine/Common/DerivedDataCache/TestData/0/TestData_128kb.dat" 2009
"C:/Users/PC/AppData/Local/UnrealEngine/Common/DerivedDataCache/TestData/1/TestData_128kb.dat" 2010
"C:/Users/PC/AppData/Local/UnrealEngine/Common/DerivedDataCache/TestData/0/TestData_256kb.dat" 2011
"C:/Users/PC/AppData/Local/UnrealEngine/Common/DerivedDataCache/TestData/1/TestData_256kb.dat" 2012
"C:/Users/PC/AppData/Roaming/Unreal Engine/UnrealBuildTool/BuildConfiguration.xml" 2013
"../../../../../GitHub/KeepPushing/Intermediate/ShaderAutogen/PCD3D_SM6/AutogenShaderHeaders.ush" 2014
"../../../Engine/Shaders/Private/HairStrands/HairStrandsVertexFactory.ush" 2015
"../../../Engine/Shaders/Private/VertexFactoryCommon.ush" 2016
"../../../Engine/Shaders/Private/Common.ush" 2017
"../../../Engine/Shaders/Public/Platform.ush" 2018
"../../../Engine/Shaders/Public/FP16Math.ush" 2019
"../../../Engine/Shaders/Public/Platform/D3D/D3DCommon.ush" 2020
"../../../Engine/Shaders/Shared/HLSLReservedSpaces.h" 2021
"../../../Engine/Shaders/Public/BindlessResources.ush" 2022
"../../../Engine/Shaders/Public/Platform/D3D/PlatformBindlessResources.ush" 2023
"../../../Engine/Shaders/Shared/RayTracingBuiltInResources.h" 2024
"../../../Engine/Shaders/Shared/RayTracingDefinitions.h" 2025
"../../../Engine/Shaders/Shared/MaterialCacheDefinitions.h" 2026
"../../../Engine/Shaders/Shared/HLSLTypeAliases.h" 2027
"../../../Engine/Shaders/Public/IndirectVirtualTexture.ush" 2028
"../../../Engine/Shaders/Shared/IndirectVirtualTextureDefinitions.h" 2029
"../../../Engine/Shaders/Public/OverloadMacros.ush" 2030
"../../../Engine/Shaders/Public/ShaderVersion.ush" 2031
"../../../Engine/Shaders/Shared/ThirdParty/NVIDIA/nvHLSLExtns.h" 2032
"../../../Engine/Shaders/Shared/ThirdParty/NVIDIA/nvHLSLExtnsInternal.h" 2033
"../../../Engine/Shaders/Shared/ThirdParty/NVIDIA/nvShaderExtnEnums.h" 2034
"../../../Engine/Shaders/Private/PackUnpack.ush" 2035
"../../../Engine/Shaders/Private/GeneratedUniformBufferTypes.ush" 2036
"../../../Engine/Shaders/Private/Nanite/NanitePackedNaniteView.ush" 2037
"../../../Engine/Shaders/Private/HairStrands/HairStrandsVisibilityCommonStruct.ush" 2038
"../../../Engine/Shaders/Private/HairStrands/HairStrandsVoxelPageCommonStruct.ush" 2039
"../../../Engine/Shaders/Private/HairStrands/HairStrandsDeepShadowCommonStruct.ush" 2040
"../../../Engine/Shaders/Shared/LightSceneData.h" 2041
"../../../Engine/Shaders/Private/LargeWorldCoordinates.ush" 2042
"../../../Engine/Shaders/Private/DoubleFloat.ush" 2043
"../../../Engine/Shaders/Private/RandomPCG.ush" 2044
"../../../Engine/Shaders/Private/DoubleFloatOperations.ush" 2045
"../../../Engine/Shaders/Private/DoubleFloatVectorDefinition.ush" 2046
"../../../Engine/Shaders/Private/LWCOperations.ush" 2047
"../../../Engine/Shaders/Shared/LightViewData.h" 2048
"../../../Engine/Shaders/Shared/RayTracingTypes.h" 2049
"../../../Engine/Shaders/Shared/HLSLStaticAssert.h" 2050
"../../../Engine/Shaders/Private/CommonViewUniformBuffer.ush" 2051
"../../../Engine/Shaders/Private/InstancedStereo.ush" 2052
"../../../Engine/Shaders/Private/Definitions.usf" 2053
"../../../Engine/Shaders/Private/AssertionMacros.ush" 2054
"../../../Engine/Shaders/Private/FastMath.ush" 2055
"../../../Engine/Shaders/Private/FastMathThirdParty.ush" 2056
"../../../Engine/Shaders/Private/Random.ush" 2057
"../../../Engine/Shaders/Private/RandomInterleavedGradientNoise.ush" 2058
"../../../Engine/Shaders/Private/SceneData.ush" 2059
"../../../Engine/Shaders/Private/OctahedralCommon.ush" 2060
"../../../Engine/Shaders/Private/WaveOpUtil.ush" 2061
"../../../Engine/Shaders/Private/ByteBuffer.ush" 2062
"../../../Engine/Shaders/Shared/SceneDefinitions.h" 2063
"../../../Engine/Shaders/Private/SceneDataMobileLoader.ush" 2064
"../../../Engine/Shaders/Private/LocalVertexFactoryCommon.ush" 2065
"../../../Engine/Shaders/Private/HairStrands/HairStrandsVisibilityCommon.ush" 2066
"../../../Engine/Shaders/Shared/HairStrandsDefinitions.h" 2067
"../../../Engine/Shaders/Private/HairStrands/HairStrandsVertexFactoryCommon.ush" 2068
"../../../Engine/Shaders/Private/HairStrands/HairStrandsPack.ush" 2069
"../../../Engine/Shaders/Private/HairStrands/HairStrandsAttributeCommon.ush" 2070
"../../../Engine/Shaders/Private/HairStrands/HairStrandsAttributeTemplate.ush" 2071
"../../../Engine/Shaders/Private/VertexFactoryDefaultInterface.ush" 2072
"../../../Engine/Shaders/Private/HairStrands/HairCardsVertexFactory.ush" 2073
"../../../Engine/Shaders/Private/HairStrands/HairCardsAttributeCommon.ush" 2074
"../../../Engine/Shaders/Private/RayTracing/RayTracingCommon.ush" 2075
"../../../Engine/Shaders/Private/ShadingCommon.ush" 2076
"../../../Engine/Shaders/Shared/RayTracingPayloadType.h" 2077
"../../../Engine/Shaders/Private/RayTracing/RayTracingRayCone.ush" 2078
"../../../Engine/Shaders/Private/Substrate/Substrate.ush" 2079
"../../../Engine/Shaders/Private/ShadingEnergyConservation.ush" 2080
"../../../Engine/Shaders/Private/ShadingEnergyConservationTemplate.ush" 2081
"../../../Engine/Shaders/Private/BRDF.ush" 2082
"../../../Engine/Shaders/Private/ColorSpace.ush" 2083
"../../../Engine/Shaders/Private/DeferredShadingCommon.ush" 2084
"../../../Engine/Shaders/Private/LightAccumulator.ush" 2085
"../../../Engine/Shaders/Private/SceneTexturesCommon.ush" 2086
"../../../Engine/Shaders/Private/MonteCarlo.ush" 2087
"../../../Engine/Shaders/Private/GBufferHelpers.ush" 2088
"../../../Engine/Shaders/Private/SceneTextureParameters.ush" 2089
"C:/Users/PC/Documents/GitHub/KeepPushing/Intermediate/ShaderAutogen/PCD3D_SM6/AutogenShaderHeaders.ush" 2090
"../../../Engine/Shaders/Private/ParticipatingMediaCommon.ush" 2091
"../../../Engine/Shaders/Private/ThinFilmBSDF.ush" 2092
"../../../Engine/Shaders/Private/MortonCode.ush" 2093
"../../../Engine/Shaders/Private/SubsurfaceProfileCommon.ush" 2094
"../../../Engine/Shaders/Private/BurleyNormalizedSSSCommon.ush" 2095
"../../../Engine/Shaders/Private/GammaCorrectionCommon.ush" 2096
"../../../Engine/Shaders/Shared/SubstrateDefinitions.h" 2097
"../../../Engine/Shaders/Private/Substrate/SubstrateStatisticalOperators.ush" 2098
"../../../Engine/Shaders/Private/Substrate/SubstrateSubsurface.ush" 2099
"../../../Engine/Shaders/Private/TransmissionCommon.ush" 2100
"../../../Engine/Shaders/Private/Substrate/SubstrateExportCommon.ush" 2101
"../../../Engine/Shaders/Private/SpecularProfileCommon.ush" 2102
"../../../Engine/Shaders/Private/RayTracing/RayTracingCommonMetal.ush" 2103
"../../../Engine/Shaders/Private/PositionReconstructionCommon.ush" 2104
"../../../Engine/Shaders/Private/RayTracing/TraceRayInline.ush" 2105
"../../../Engine/Shaders/Private/RayTracing/TraceRayInlineCommon.ush" 2106
"../../../Engine/Shaders/Private/RayTracing/TraceRayInlineVulkan.ush" 2107
"../../../Engine/Shaders/Private/RayTracing/TraceRayInlineMetal.ush" 2108
"../../../Engine/Shaders/Private/RayTracing/RayTracingHitGroupCommon.ush" 2109
"../../../Engine/Shaders/Private/Nanite/NaniteRayTrace.ush" 2110
"../../../Engine/Shaders/Private/Nanite/NaniteDataDecode.ush" 2111
"../../../Engine/Shaders/Private/BitPacking.ush" 2112
"../../../Engine/Shaders/Private/BitStreamReaderImplementation.ush" 2113
"../../../Engine/Shaders/Private/BoneTransform.ush" 2114
"../../../Engine/Shaders/Private/Quaternion.ush" 2115
"../../../Engine/Shaders/Private/Skinning/SkinningDataDecode.ush" 2116
"../../../Engine/Shaders/Private/GpuSkinCommon.ush" 2117
"../../../Engine/Shaders/Shared/SkinningDefinitions.h" 2118
"../../../Engine/Shaders/Shared/NaniteDefinitions.h" 2119
"../../../Engine/Shaders/Private/Nanite/NaniteAttributeDecode.ush" 2120
"../../../Engine/Shaders/Private/Barycentrics.ush" 2121
"../../../Engine/Shaders/Private/DualNumber.ush" 2122
"../../../Engine/Shaders/Shared/ThirdParty/RayTriangleIntersection.h" 2123
"../../../Engine/Shaders/Private/Nanite/NaniteVertexFetch.ush" 2124
"../../../Engine/Shaders/Private/ViewData.ush" 2125
"../../../Engine/Shaders/Shared/ViewDefinitions.h" 2126
"../../../Engine/Shaders/Private/Nanite/NaniteSceneCommon.ush" 2127
"../../../Engine/Shaders/Private/RayTracing/TraceRayInlineD3D12.ush" 2128
"../../../Engine/Plugins/FX/Niagara/Shaders/Private/NiagaraSpriteVertexFactory.ush" 2129
"../../../Engine/Shaders/Private/ParticleVertexFactoryCommon.ush" 2130
"../../../Engine/Plugins/FX/Niagara/Shaders/Private/NiagaraVFCommon.usf" 2131
"../../../Engine/Plugins/FX/Niagara/Shaders/Private/NiagaraVFParticleAccess.usf" 2132
"../../../Engine/Plugins/FX/Niagara/Shaders/Private/NiagaraParticleAccess.ush" 2133
"../../../Engine/Plugins/FX/Niagara/Shaders/Private/NiagaraRibbonVertexFactory.ush" 2134
"../../../Engine/Plugins/FX/Niagara/Shaders/Private/NiagaraMeshVertexFactory.ush" 2135
"../../../Engine/Plugins/FX/Niagara/Shaders/Private/NiagaraCommon.ush" 2136
"../../../Engine/Plugins/FX/Niagara/Shaders/Private/NiagaraMeshParticleUtils.ush" 2137
"../../../Engine/Shaders/Private/VectorFieldVisualizationVertexFactory.ush" 2138
"../../../Engine/Shaders/Private/Nanite/NaniteVertexFactory.ush" 2139
"../../../Engine/Shaders/Private/LightmapData.ush" 2140
"../../../Engine/Shaders/Private/SplineMeshCommon.ush" 2141
"../../../Engine/Shaders/Shared/SplineMeshShaderParams.h" 2142
"../../../Engine/Shaders/Private/ShaderPrint.ush" 2143
"../../../Engine/Shaders/Private/ShaderPrintCommon.ush" 2144
"../../../Engine/Shaders/Private/MiniFontCommon.ush" 2145
"../../../Engine/Shaders/Private/SGGX.ush" 2146
"../../../Engine/Shaders/Private/MaterialCache/MaterialCacheCommon.ush" 2147
"../../../Engine/Shaders/Private/Nanite/NaniteVertexDeformation.ush" 2148
"../../../Engine/Shaders/Private/Matrices.ush" 2149
"../../../Engine/Shaders/Private/ParticleSpriteVertexFactory.ush" 2150
"../../../Engine/Shaders/Private/ParticleGPUSpriteVertexFactory.ush" 2151
"../../../Engine/Shaders/Private/ParticleSimulationCommon.ush" 2152
"../../../Engine/Shaders/Private/ParticleBeamTrailVertexFactory.ush" 2153
"../../../Engine/Shaders/Private/MeshParticleVertexFactory.ush" 2154
"../../../Engine/Shaders/Private/LocalVertexFactory.ush" 2155
"../../../Engine/Shaders/Private/GpuSkinVertexFactory.ush" 2156
"../../../Engine/Shaders/Private/GeometryCollectionVertexFactory.ush" 2157
"../../../Engine/Shaders/Private/GeometryCacheVertexFactory.ush" 2158
"../../../Engine/Shaders/Private/LandscapeVertexFactory.ush" 2159
"../../../Engine/Plugins/Experimental/NFORDenoise/Shaders/NFORDenoise.usf" 2160
"../../../Engine/Shaders/Private/ScreenPass.ush" 2161
"../../../Engine/Plugins/Experimental/NFORDenoise/Shaders/NFORRegressionCommon.ush" 2162
"../../../Engine/Plugins/Experimental/NFORDenoise/Shaders/NFORRegression.ush" 2163
"../../../Engine/Plugins/Media/WmfMedia/Shaders/Private/MediaHardwareVideoDecoding.usf" 2164
"../../../Engine/Shaders/Private/ColorUtils.ush" 2165
"../../../Engine/Plugins/Media/ImgMedia/Shaders/Private/ExrSwizzler.usf" 2166
"../../../Engine/Plugins/NNE/NNEDenoiser/Shaders/NNEDenoiserShadersTransferFunctionOidn.usf" 2167
"../../../Engine/Plugins/NNE/NNEDenoiser/Shaders/NNEDenoiserShadersMappedCopy.usf" 2168
"../../../Engine/Plugins/NNE/NNEDenoiser/Shaders/NNEDenoiserShadersDefaultIOProcess.usf" 2169
"../../../Engine/Plugins/NNE/NNEDenoiser/Shaders/NNEDenoiserShadersAutoExposureReduceFinal.usf" 2170
"../../../Engine/Plugins/NNE/NNEDenoiser/Shaders/NNEDenoiserShadersAutoExposureReduce.usf" 2171
"../../../Engine/Plugins/NNE/NNEDenoiser/Shaders/NNEDenoiserShadersAutoExposureDownsample.usf" 2172
"../../../Engine/Plugins/Compositing/CompositeCore/Shaders/Private/CompositeCoreMerge.usf" 2173
"../../../Engine/Shaders/Private/LensDistortion.ush" 2174
"../../../Engine/Plugins/Compositing/CompositeCore/Shaders/Private/CompositeCoreBlending.ush" 2175
"../../../Engine/Plugins/Compositing/CompositeCore/Shaders/Private/CompositeCoreDisplayTransform.usf" 2176
"../../../Engine/Plugins/Compositing/CompositeCore/Shaders/Private/CompositeCoreDilate.usf" 2177
"../../../Engine/Plugins/Runtime/ComputeFramework/Shaders/Private/ComputeKernel.usf" 2178
"../../../Engine/Plugins/Runtime/ComputeFramework/Shaders/Private/ComputeKernelCommon.ush" 2179
"../../../Engine/Plugins/Enterprise/GLTFExporter/Shaders/Private/SimpleTexture2DPS.usf" 2180
"../../../Engine/Shaders/Private/SimpleElementNormalMapPixelShader.usf" 2181
"../../../Engine/Plugins/Runtime/HairStrands/Shaders/Private/NiagaraCopyVelocityGrid.usf" 2182
"../../../Engine/Plugins/Runtime/HairStrands/Shaders/Private/NiagaraClearVelocityGrid.usf" 2183
"../../../Engine/Plugins/Runtime/HairStrands/Shaders/Private/NiagaraClearPressureGrid.usf" 2184
"../../../Engine/Plugins/Runtime/HairStrands/Shaders/Private/NiagaraInterpolateGroomGuides.usf" 2185
"../../../Engine/Plugins/Runtime/HairStrands/Shaders/Private/NiagaraGroomInterpolationUtils.ush" 2186
"../../../Engine/Plugins/FX/Niagara/Shaders/Private/NiagaraQuaternionUtils.ush" 2187
"../../../Engine/Shaders/Private/HairStrands/HairStrandsMesh.usf" 2188
"../../../Engine/Shaders/Private/HairStrands/HairStrandsBindingCommon.ush" 2189
"../../../Engine/Shaders/Private/HairStrands/HairStrandsFollicleMask.usf" 2190
"../../../Engine/Shaders/Private/HairStrands/HairStrandsSkinUpdate.usf" 2191
"../../../Engine/Shaders/Private/HairStrands/HairStrandsClusterCulling.usf" 2192
"../../../Engine/Shaders/Private/ColorMap.ush" 2193
"../../../Engine/Shaders/Private/HairStrands/HairStrandsAABBCommon.ush" 2194
"../../../Engine/Shaders/Private/HairStrands/HairStrandsClusterCommon.ush" 2195
"../../../Engine/Shaders/Private/ThreadGroupPrefixSum.ush" 2196
"../../../Engine/Shaders/Private/HairStrands/HairStrandsRaytracingGeometry.usf" 2197
"../../../Engine/Shaders/Private/HairStrands/HairStrandsTangent.usf" 2198
"../../../Engine/Shaders/Private/HairStrands/HairCardsDeformation.usf" 2199
"../../../Engine/Shaders/Private/HairStrands/HairStrandsInterpolation.usf" 2200
"../../../Engine/Shaders/Private/HairStrands/HairStrandsGuideDeform.usf" 2201
"../../../Engine/Shaders/Private/HairStrands/HairStrandsTexturesGeneration.usf" 2202
"../../../Engine/Shaders/Private/HairStrands/HairCardsTextureCommon.ush" 2203
"../../../Engine/Shaders/Private/HairStrands/HairStrandsTranscode.usf" 2204
"../../../Engine/Shaders/Private/HairStrands/HairStrandsDebug.usf" 2205
"../../../Engine/Shaders/Private/HairShadingCommon.ush" 2206
"../../../Engine/Shaders/Private/PostProcessCommon.ush" 2207
"../../../Engine/Shaders/Private/ShadingModels.ush" 2208
"../../../Engine/Shaders/Private/CapsuleLight.ush" 2209
"../../../Engine/Shaders/Private/RectLight.ush" 2210
"../../../Engine/Shaders/Private/LightData.ush" 2211
"../../../Engine/Shaders/Shared/LightDefinitions.h" 2212
"../../../Engine/Shaders/Private/AreaLightCommon.ush" 2213
"../../../Engine/Shaders/Private/HairBsdf.ush" 2214
"../../../Engine/Shaders/Private/PathTracing/Utilities/PathTracingRandomSequence.ush" 2215
"../../../Engine/Shaders/Private/MobileGGX.ush" 2216
"../../../Engine/Shaders/Private/HairStrands/HairStrandsCommon.ush" 2217
"../../../Engine/Shaders/Private/HairStrands/HairStrandsEnvironmentLightingCommon.ush" 2218
"../../../Engine/Shaders/Private/HairStrands/HairStrandsDeepTransmittanceCommon.ush" 2219
"../../../Engine/Shaders/Private/HairStrands/HairStrandsDeepTransmittanceDualScattering.ush" 2220
"../../../Engine/Shaders/Private/HairStrands/HairStrandsDeepShadowCommon.ush" 2221
"../../../Engine/Shaders/Private/HairStrands/HairStrandsDebugCommonStruct.ush" 2222
"../../../Engine/Plugins/FX/Niagara/Shaders/Private/NiagaraVertexFactoryExport.usf" 2223
"../../../Engine/Shaders/Private/ComputeShaderUtils.ush" 2224
"../../../Engine/Shaders/Private/MaterialTemplate.ush" 2225
"../../../Engine/Shaders/Private/WorldSpaceMath.ush" 2226
"../../../Engine/Shaders/Private/EyeAdaptationCommon.ush" 2227
"../../../Engine/Shaders/Private/SobolRandom.ush" 2228
"../../../Engine/Shaders/Private/DepthOfFieldCommon.ush" 2229
"../../../Engine/Shaders/Private/CircleDOFCommon.ush" 2230
"../../../Engine/Shaders/Private/DistanceField/GlobalDistanceFieldShared.ush" 2231
"../../../Engine/Shaders/Private/PhysicsFieldSampler.ush" 2232
"../../../Engine/Shaders/Private/PhysicsFieldShared.ush" 2233
"../../../Engine/Shaders/Private/SparseVolumeTexture/SparseVolumeTextureCommon.ush" 2234
"../../../Engine/Shaders/Shared/EnvironmentComponentsFlags.h" 2235
"../../../Engine/Shaders/Private/MeshPaintTextureCommon.ush" 2236
"../../../Engine/Shaders/Private/VirtualTextureMaterial.ush" 2237
"../../../Engine/Shaders/Private/MaterialCache/MaterialCacheMaterialCommon.ush" 2238
"../../../Engine/Shaders/Private/Quantization.ush" 2239
"../../../Engine/Shaders/Private/SpeedTreeCommon.ush" 2240
"../../../Engine/Shaders/Private/VirtualTextureCommon.ush" 2241
"../../../Engine/Shaders/Public/IndirectVirtualTextureCommon.ush" 2242
"../../../Engine/Shaders/Private/MaterialTexture.ush" 2243
"../../../Engine/Shaders/Private/MinMaterialTexCoords.ush" 2244
"../../../Engine/Shaders/Private/SkyAtmosphereCommon.ush" 2245
"../../../Engine/Shaders/Private/SingleLayerWaterCommon.ush" 2246
"../../../Engine/Shaders/Private/TextureSampling.ush" 2247
"../../../Engine/Shaders/Private/PaniniProjection.ush" 2248
"../../../Engine/Shaders/Private/DBufferNormalReprojection.ush" 2249
"../../../Engine/Shaders/Public/SubstratePublic.ush" 2250
"../../../Engine/Shaders/Private/Substrate/SubstrateRead.ush" 2251
"../../../Engine/Shaders/Private/Substrate/SubstrateTree.ush" 2252
"../../../Engine/Shaders/Private/Substrate/SubstrateEvaluation.ush" 2253
"../../../Engine/Shaders/Private/Substrate/Glint/GlintThirdParty.ush" 2254
"../../../Engine/Shaders/Private/BlueNoise.ush" 2255
"../../../Engine/Shaders/Private/SHCommon.ush" 2256
"../../../Engine/Shaders/Private/ShadingModelsSampling.ush" 2257
"../../../Engine/Shaders/Private/HairStrands/HairBsdfSample.ush" 2258
"../../../Engine/Shaders/Private/Substrate/SubstrateLegacyConversion.ush" 2259
"../../../Engine/Shaders/Private/DBufferDecalShared.ush" 2260
"../../../Engine/Plugins/FX/Niagara/Shaders/Private/NiagaraSortKeyGen.usf" 2261
"../../../Engine/Plugins/FX/Niagara/Shaders/Private/NiagaraGPURayTracingTransforms.usf" 2262
"../../../Engine/Plugins/FX/Niagara/Shaders/Private/NiagaraDrawIndirectArgsGen.usf" 2263
"../../../Engine/Plugins/FX/Niagara/Shaders/Private/NiagaraDispatchIndirectArgsGen.usf" 2264
"../../../Engine/Plugins/FX/Niagara/Shaders/Private/Stateless/NiagaraStatelessSimulationDefault.usf" 2265
"../../../Engine/Plugins/FX/Niagara/Shaders/Private/Stateless/NiagaraStatelessCommon.ush" 2266
"../../../Engine/Plugins/FX/Niagara/Shaders/Shared/NiagaraStatelessDefinitions.h" 2267
"../../../Engine/Plugins/FX/Niagara/Shaders/Shared/NiagaraStatelessBuiltDistribution.h" 2268
"../../../Engine/Plugins/FX/Niagara/Shaders/Private/Stateless/NiagaraStatelessDistribution.ush" 2269
"../../../Engine/Plugins/FX/Niagara/Shaders/Private/Stateless/Template/GenerateCS_PreModules.ush" 2270
"../../../Engine/Plugins/FX/Niagara/Shaders/Private/Stateless/Modules/NiagaraStatelessModule_CalculateAccurateVelocity.ush" 2271
"../../../Engine/Plugins/FX/Niagara/Shaders/Private/Stateless/Modules/NiagaraStatelessModule_CameraOffset.ush" 2272
"../../../Engine/Plugins/FX/Niagara/Shaders/Private/Stateless/Modules/NiagaraStatelessModule_DynamicMaterialParameters.ush" 2273
"../../../Engine/Plugins/FX/Niagara/Shaders/Private/Stateless/Modules/NiagaraStatelessModule_InitializeParticle.ush" 2274
"../../../Engine/Plugins/FX/Niagara/Shaders/Private/Stateless/Modules/NiagaraStatelessModule_InitialMeshOrientation.ush" 2275
"../../../Engine/Plugins/FX/Niagara/Shaders/Private/Stateless/Modules/NiagaraStatelessModule_MeshIndex.ush" 2276
"../../../Engine/Plugins/FX/Niagara/Shaders/Private/Stateless/Modules/NiagaraStatelessModule_MeshRotationRate.ush" 2277
"../../../Engine/Plugins/FX/Niagara/Shaders/Private/Stateless/Modules/NiagaraStatelessModule_RotateAroundPoint.ush" 2278
"../../../Engine/Plugins/FX/Niagara/Shaders/Private/Stateless/Modules/NiagaraStatelessModule_ShapeLocation.ush" 2279
"../../../Engine/Plugins/FX/Niagara/Shaders/Private/Stateless/Modules/NiagaraStatelessModule_ScaleColor.ush" 2280
"../../../Engine/Plugins/FX/Niagara/Shaders/Private/Stateless/Modules/NiagaraStatelessModule_ScaleRibbonWidth.ush" 2281
"../../../Engine/Plugins/FX/Niagara/Shaders/Private/Stateless/Modules/NiagaraStatelessModule_ScaleSpriteSize.ush" 2282
"../../../Engine/Plugins/FX/Niagara/Shaders/Private/Stateless/Modules/NiagaraStatelessModule_ScaleSpriteSizeBySpeed.ush" 2283
"../../../Engine/Plugins/FX/Niagara/Shaders/Private/Stateless/Modules/NiagaraStatelessModule_ScaleMeshSize.ush" 2284
"../../../Engine/Plugins/FX/Niagara/Shaders/Private/Stateless/Modules/NiagaraStatelessModule_ScaleMeshSizebySpeed.ush" 2285
"../../../Engine/Plugins/FX/Niagara/Shaders/Private/Stateless/Modules/NiagaraStatelessModule_SolveVelocitiesAndForces.ush" 2286
"../../../Engine/Plugins/FX/Niagara/Shaders/Private/Stateless/Modules/NiagaraStatelessModule_SpriteFacingAndAlignment.ush" 2287
"../../../Engine/Plugins/FX/Niagara/Shaders/Private/Stateless/Modules/NiagaraStatelessModule_SpriteRotationRate.ush" 2288
"../../../Engine/Plugins/FX/Niagara/Shaders/Private/Stateless/Modules/NiagaraStatelessModule_SubUVAnimation.ush" 2289
"../../../Engine/Plugins/FX/Niagara/Shaders/Private/Stateless/Template/GenerateCS_PostModules.ush" 2290
"../../../Engine/Plugins/FX/Niagara/Shaders/Private/NiagaraBlendSVTsToDenseBuffer.usf" 2291
"../../../Engine/Plugins/FX/Niagara/Shaders/Private/NiagaraSVTToDenseBuffer.usf" 2292
"../../../Engine/Plugins/FX/Niagara/Shaders/Private/NiagaraFillIntBuffer.usf" 2293
"../../../Engine/Plugins/FX/Niagara/Shaders/Private/NiagaraComputeFreeIDs.usf" 2294
"../../../Engine/Plugins/FX/Niagara/Shaders/Private/NiagaraInitFreeIDBuffer.usf" 2295
"../../../Engine/Plugins/FX/Niagara/Shaders/Private/NiagaraEmitterInstanceShader.usf" 2296
"../../../Engine/Plugins/FX/Niagara/Shaders/Private/NiagaraShaderVersion.ush" 2297
"../../../Engine/Plugins/FX/Niagara/Shaders/Private/NiagaraPhysicsCommon.ush" 2298
"../../../Engine/Plugins/FX/Niagara/Shaders/Private/Ribbons/NiagaraRibbonAggregationApply.usf" 2299
"../../../Engine/Plugins/FX/Niagara/Shaders/Private/Ribbons/NiagaraRibbonCommon.ush" 2300
"../../../Engine/Plugins/FX/Niagara/Shaders/Shared/NiagaraRibbonShared.h" 2301
"../../../Engine/Plugins/FX/Niagara/Shaders/Private/Ribbons/NiagaraRibbonAggregationStep.usf" 2302
"../../../Engine/Plugins/FX/Niagara/Shaders/Private/Ribbons/NiagaraRibbonGenerateIndices.usf" 2303
"../../../Engine/Plugins/FX/Niagara/Shaders/Private/Ribbons/NiagaraRibbonInitializeIndices.usf" 2304
"../../../Engine/Plugins/FX/Niagara/Shaders/Private/Ribbons/NiagaraRibbonRibbonUVParamCalculation.usf" 2305
"../../../Engine/Plugins/FX/Niagara/Shaders/Private/Ribbons/NiagaraRibbonVertexReductionFinalization.usf" 2306
"../../../Engine/Plugins/FX/Niagara/Shaders/Private/Ribbons/NiagaraRibbonVertexReductionInitialization.usf" 2307
"../../../Engine/Plugins/FX/Niagara/Shaders/Private/Ribbons/NiagaraRibbonSortParticles.usf" 2308
"../../../Engine/Plugins/FX/Niagara/Shaders/Private/NiagaraLWCHelper.usf" 2309
"../../../Engine/Plugins/FX/Niagara/Shaders/Private/NiagaraUpdateMeshGPUSceneInstances.usf" 2310
"../../../Engine/Shaders/Private/GPUScene/GPUSceneWriter.ush" 2311
"../../../Engine/Plugins/FX/Niagara/Shaders/Private/NiagaraGenerateMips.usf" 2312
"../../../Engine/Plugins/FX/Niagara/Shaders/Private/NiagaraDebugDraw.usf" 2313
"../../../Engine/Plugins/FX/Niagara/Shaders/Private/NiagaraDebugDraw.ush" 2314
"../../../Engine/Plugins/FX/Niagara/Shaders/Private/NiagaraVisualizeTexture.usf" 2315
"../../../Engine/Plugins/FX/Niagara/Shaders/Private/NiagaraClearCounts.usf" 2316
"../../../Engine/Plugins/FX/Niagara/Shaders/Private/NiagaraBatchedElements.usf" 2317
"../../../Engine/Plugins/FX/Niagara/Shaders/Private/NiagaraRayTracingShaders.usf" 2318
"../../../Engine/Plugins/FX/Niagara/Shaders/Private/NiagaraAsyncGpuTraceCommon.ush" 2319
"../../../Engine/Shaders/Private/HashTable.ush" 2320
"../../../Engine/Shaders/Private/Hash.ush" 2321
"../../../Engine/Shaders/Private/RayTracing/VFXTraceRay.ush" 2322
"../../../Engine/Plugins/FX/Niagara/Shaders/Private/NiagaraRayMarchingShaders.usf" 2323
"../../../Engine/Plugins/FX/Niagara/Shaders/Private/NiagaraRayTraceCollisionGroupShaders.usf" 2324
"../../../Engine/Plugins/FX/Niagara/Shaders/Private/NiagaraAsyncGpuTraceUtils.usf" 2325
"../../../Engine/Shaders/Private/VirtualTextureAdapter.usf" 2326
"../../../Engine/Shaders/Private/BlockCompressionCommon.ush" 2327
"../../../Engine/Shaders/Private/BCCompressionCommon.ush" 2328
"../../../Engine/Shaders/Private/TranslucentLightingShaders.usf" 2329
"../../../Engine/Shaders/Private/TranslucencyVolumeInjectionCommon.ush" 2330
"../../../Engine/Shaders/Private/CubemapCommon.ush" 2331
"../../../Engine/Shaders/Private/VectorFieldCompositeShaders.usf" 2332
"../../../Engine/Shaders/Private/UpdateTextureShaders.usf" 2333
"../../../Engine/Shaders/Private/StereoLayerShader.usf" 2334
"../../../Engine/Shaders/Private/SparseVolumeTexture/UpdateSparseVolumeTexture.usf" 2335
"../../../Engine/Shaders/Private/MorphTargets.usf" 2336
"../../../Engine/Shaders/Private/SimpleElementColorChannelMaskPixelShader.usf" 2337
"../../../Engine/Shaders/Private/SimpleElementHitProxyPixelShader.usf" 2338
"../../../Engine/Shaders/Private/SimpleElementPixelShader.usf" 2339
"../../../Engine/Shaders/Private/IESLightProfilesCommon.ush" 2340
"../../../Engine/Shaders/Private/SimpleElementVertexShader.usf" 2341
"../../../Engine/Shaders/Private/ScreenPixelShaderOES.usf" 2342
"../../../Engine/Shaders/Private/ScreenVertexShader.usf" 2343
"../../../Engine/Shaders/Private/ScreenPixelShader.usf" 2344
"../../../Engine/Shaders/Private/SSProfilePreIntegratedMobile.usf" 2345
"../../../Engine/Shaders/Private/SpecularProfile.usf" 2346
"../../../Engine/Shaders/Private/Nanite/NaniteStreaming.usf" 2347
"../../../Engine/Shaders/Private/Nanite/NaniteStreaming.ush" 2348
"../../../Engine/Shaders/Private/VolumetricLightmapStreaming.usf" 2349
"../../../Engine/Shaders/Private/PhysicsFieldReset.usf" 2350
"../../../Engine/Shaders/Private/PhysicsFieldBuilder.usf" 2351
"../../../Engine/Shaders/Private/PhysicsFieldEval.ush" 2352
"../../../Engine/Shaders/Private/ParticleSortKeyGen.usf" 2353
"../../../Engine/Shaders/Private/ParticleBoundsShader.usf" 2354
"../../../Engine/Shaders/Private/ParticleSimVisualizeShader.usf" 2355
"../../../Engine/Shaders/Private/ParticleInjectionShader.usf" 2356
"../../../Engine/Shaders/Private/ParticleSimulationShader.usf" 2357
"../../../Engine/Shaders/Private/ParticleCurveInjectionShader.usf" 2358
"../../../Engine/Shaders/Private/Nanite/NaniteTranscode.usf" 2359
"../../../Engine/Shaders/Private/Nanite/NaniteScatterUpdates.usf" 2360
"../../../Engine/Shaders/Private/CopyUIntBuffer.usf" 2361
"../../../Engine/Shaders/Private/RadixSortShaders.usf" 2362
"../../../Engine/Shaders/Private/RecomputeTangentsPerVertexPass.usf" 2363
"../../../Engine/Shaders/Private/RecomputeTangentsCommon.ush" 2364
"../../../Engine/Shaders/Private/RecomputeTangentsPerTrianglePass.usf" 2365
"../../../Engine/Shaders/Private/DynamicMeshBounds.usf" 2366
"../../../Engine/Shaders/Private/GpuSkinCacheComputeShader.usf" 2367
"../../../Engine/Shaders/Private/DynamicMeshBounds.ush" 2368
"../../../Engine/Shaders/Private/HeightFieldAtlasManagement.usf" 2369
"../../../Engine/Shaders/Private/Landscape/LandscapeEditLayersUtils.usf" 2370
"../../../Engine/Shaders/Private/Landscape/LandscapeCommon.ush" 2371
"../../../Engine/Shaders/Private/Landscape/LandscapeEditLayersWeightmaps.usf" 2372
"../../../Engine/Shaders/Private/Landscape/LandscapeEditLayersHeightmaps.usf" 2373
"../../../Engine/Shaders/Private/LandscapeLayersPS.usf" 2374
"../../../Engine/Shaders/Private/LandscapePhysicalMaterial.usf" 2375
"../../../Engine/Shaders/Private/LandscapeGrassWeight.usf" 2376
"../../../Engine/Shaders/Private/Landscape/LandscapeCulling.usf" 2377
"../../../Engine/Shaders/Private/Nanite/NaniteHZBCull.ush" 2378
"../../../Engine/Shaders/Private/HZB.ush" 2379
"../../../Engine/Shaders/Private/Landscape/LandscapeMergeTexturesPS.usf" 2380
"../../../Engine/Shaders/Private/WideCustomResolveShaders.usf" 2381
"../../../Engine/Shaders/Private/WideCustomResolve_Wide.ush" 2382
"../../../Engine/Shaders/Private/WideCustomResolve_Wider.ush" 2383
"../../../Engine/Shaders/Private/WideCustomResolve_Widest.ush" 2384
"../../../Engine/Shaders/Private/WaterInfoTextureBlur.usf" 2385
"../../../Engine/Shaders/Private/WaterInfoTextureMerge.usf" 2386
"../../../Engine/Shaders/Private/PageTableUpdate.usf" 2387
"../../../Engine/Shaders/Private/VirtualTextureCompress.usf" 2388
"../../../Engine/Shaders/Private/ASTCCompressionCommon.ush" 2389
"../../../Engine/Shaders/Private/IntegerSequenceEncoding.ush" 2390
"../../../Engine/Shaders/Private/ETCCompressionCommon.ush" 2391
"../../../Engine/Shaders/Private/VirtualTextureMaterial.usf" 2392
"../../../Engine/Shaders/Private/PixelShaderOutputCommon.ush" 2393
"../../../Engine/Shaders/Private/ShaderOutputCommon.ush" 2394
"../../../Engine/Shaders/Private/VolumetricRenderTarget.usf" 2395
"../../../Engine/Shaders/Private/HeightFogCommon.ush" 2396
"../../../Engine/Shaders/Private/LocalFogVolumes/LocalFogVolumeCommon.ush" 2397
"../../../Engine/Shaders/Private/ReflectionEnvironmentShared.ush" 2398
"../../../Engine/Shaders/Private/VolumetricFogVoxelization.usf" 2399
"../../../Engine/Shaders/Private/VolumetricCloudMaterialPixelCommon.ush" 2400
"../../../Engine/Shaders/Private/VolumetricFogLightFunction.usf" 2401
"../../../Engine/Shaders/Private/LightFunctionCommon.ush" 2402
"../../../Engine/Shaders/Private/VolumetricFog.usf" 2403
"../../../Engine/Shaders/Private/DeferredLightingCommon.ush" 2404
"../../../Engine/Shaders/Private/DynamicLightingCommon.ush" 2405
"../../../Engine/Shaders/Private/CapsuleLightIntegrate.ush" 2406
"../../../Engine/Shaders/Private/CapsuleLightSampling.ush" 2407
"../../../Engine/Shaders/Private/RectLightIntegrate.ush" 2408
"../../../Engine/Shaders/Private/ScreenSpaceShadowRayCast.ush" 2409
"../../../Engine/Shaders/Private/LightFunctionAtlas/LightFunctionAtlasCommon.usf" 2410
"../../../Engine/Shaders/Private/LightGridCommon.ush" 2411
"../../../Engine/Shaders/Private/DistanceFieldAOShared.ush" 2412
"../../../Engine/Shaders/Private/IntersectionUtils.ush" 2413
"../../../Engine/Shaders/Private/VolumeLightingCommon.ush" 2414
"../../../Engine/Shaders/Private/ShadowProjectionCommon.ush" 2415
"../../../Engine/Shaders/Private/ShadowFilteringCommon.ush" 2416
"../../../Engine/Shaders/Private/PixelQuadMessagePassing.ush" 2417
"../../../Engine/Shaders/Private/VolumeLightingCommonSampling.ush" 2418
"../../../Engine/Shaders/Private/VolumetricLightmapShared.ush" 2419
"../../../Engine/Shaders/Private/ForwardShadowingCommon.ush" 2420
"../../../Engine/Shaders/Private/LightDataUniforms.ush" 2421
"../../../Engine/Shaders/Private/Lumen/LumenTranslucencyVolumeShared.ush" 2422
"../../../Engine/Shaders/Private/Lumen/LumenRadianceCacheInterpolation.ush" 2423
"../../../Engine/Shaders/Private/VirtualShadowMaps/VirtualShadowMapProjectionCommon.ush" 2424
"../../../Engine/Shaders/Private/VirtualShadowMaps/VirtualShadowMapPageAccessCommon.ush" 2425
"../../../Engine/Shaders/Shared/VirtualShadowMapDefinitions.h" 2426
"../../../Engine/Shaders/Shared/HLSLMathAliases.h" 2427
"../../../Engine/Shaders/Private/VirtualShadowMaps/VirtualShadowMapHandle.ush" 2428
"../../../Engine/Shaders/Private/VirtualShadowMaps/VirtualShadowMapProjectionStructs.ush" 2429
"../../../Engine/Shaders/Private/DiaphragmDOF/DOFCommon.ush" 2430
"../../../Engine/Shaders/Private/VolumetricCloudCommon.ush" 2431
"../../../Engine/Shaders/Private/VolumetricCloud.usf" 2432
"../../../Engine/Shaders/Private/VisualizeVolumetricLightmap.usf" 2433
"../../../Engine/Shaders/Private/VirtualShadowMaps/VirtualShadowMapProjectionComposite.usf" 2434
"../../../Engine/Shaders/Private/LightShaderParameters.ush" 2435
"../../../Engine/Shaders/Private/VirtualShadowMaps/VirtualShadowMapMaskBitsCommon.ush" 2436
"../../../Engine/Shaders/Private/VirtualShadowMaps/VirtualShadowMapLightGrid.ush" 2437
"../../../Engine/Shaders/Private/VirtualShadowMaps/VirtualShadowMapProjection.usf" 2438
"../../../Engine/Shaders/Private/Visualization.ush" 2439
"../../../Engine/Shaders/Private/VirtualShadowMaps/VirtualShadowMapProjectionFilter.ush" 2440
"../../../Engine/Shaders/Private/VirtualShadowMaps/VirtualShadowMapProjectionDirectional.ush" 2441
"../../../Engine/Shaders/Private/VirtualShadowMaps/VirtualShadowMapSMRTCommon.ush" 2442
"../../../Engine/Shaders/Private/VirtualShadowMaps/VirtualShadowMapSMRTTemplate.ush" 2443
"../../../Engine/Shaders/Private/VirtualShadowMaps/VirtualShadowMapProjectionSpot.ush" 2444
"../../../Engine/Shaders/Private/VirtualShadowMaps/VirtualShadowMapTransmissionCommon.ush" 2445
"../../../Engine/Shaders/Private/VirtualShadowMaps/VirtualShadowMapScreenRayTrace.ush" 2446
"../../../Engine/Shaders/Private/VirtualShadowMaps/VirtualShadowMapStats.ush" 2447
"../../../Engine/Shaders/Private/HairStrands/HairStrandsVoxelPageCommon.ush" 2448
"../../../Engine/Shaders/Private/HairStrands/HairStrandsVoxelPageTraversal.ush" 2449
"../../../Engine/Shaders/Private/VirtualShadowMaps/VirtualShadowMapCacheGPUInvalidation.usf" 2450
"../../../Engine/Shaders/Private/VirtualShadowMaps/VirtualShadowMapPageCacheCommon.ush" 2451
"../../../Engine/Shaders/Private/VirtualShadowMaps/VirtualShadowMapCacheInvalidation.ush" 2452
"../../../Engine/Shaders/Private/VirtualShadowMaps/VirtualShadowMapPageOverlap.ush" 2453
"../../../Engine/Shaders/Private/ScreenSpaceDenoise/SSDDefinitions.ush" 2454
"../../../Engine/Shaders/Private/InstanceCulling/InstanceCullingLoadBalancer.ush" 2455
"../../../Engine/Shaders/Private/VirtualShadowMaps/VirtualShadowMapCacheLoadBalancer.usf" 2456
"../../../Engine/Shaders/Private/VirtualShadowMaps/VirtualShadowMapCopyStats.usf" 2457
"../../../Engine/Shaders/Private/VirtualShadowMaps/VirtualShadowMapShadowCasterBounds.usf" 2458
"../../../Engine/Shaders/Private/VirtualShadowMaps/VirtualShadowMapVisualize.ush" 2459
"../../../Engine/Shaders/Private/VirtualShadowMaps/VirtualShadowMapShadowCasterColor.usf" 2460
"../../../Engine/Shaders/Private/VirtualShadowMaps/VirtualShadowMapDebug.usf" 2461
"../../../Engine/Shaders/Private/VirtualShadowMaps/Desaturate.usf" 2462
"../../../Engine/Shaders/Private/VirtualShadowMaps/VirtualShadowMapPhysicalPageManagement.usf" 2463
"../../../Engine/Shaders/Private/ReductionCommon.ush" 2464
"../../../Engine/Shaders/Private/GPUMessaging.ush" 2465
"../../../Engine/Shaders/Private/VirtualShadowMaps/VirtualShadowMapPerPageDispatch.ush" 2466
"../../../Engine/Shaders/Private/VirtualShadowMaps/VirtualShadowMapComputeExplicitChunkDrawsViewMask.usf" 2467
"../../../Engine/Shaders/Shared/SceneCullingDefinitions.h" 2468
"../../../Engine/Shaders/Private/VirtualShadowMaps/VirtualShadowMapCompactViews.usf" 2469
"../../../Engine/Shaders/Private/VirtualShadowMaps/VirtualShadowMapBuildPerPageDrawCommands.usf" 2470
"../../../Engine/Shaders/Private/Nanite/NaniteCullingCommon.ush" 2471
"../../../Engine/Shaders/Private/Nanite/NaniteCulling.ush" 2472
"../../../Engine/Shaders/Private/Nanite/NaniteHierarchyTraversalCommon.ush" 2473
"../../../Engine/Shaders/Private/InstanceCulling/InstanceCullingCommon.ush" 2474
"../../../Engine/Shaders/Shared/InstanceCullingDefinitions.h" 2475
"../../../Engine/Shaders/Private/VirtualShadowMaps/VirtualShadowMapPrintStats.usf" 2476
"../../../Engine/Shaders/Private/VirtualShadowMaps/VirtualShadowMapPageManagement.usf" 2477
"../../../Engine/Shaders/Private/VirtualShadowMaps/VirtualShadowMapPageMarking.usf" 2478
"../../../Engine/Shaders/Private/VirtualShadowMaps/VirtualShadowMapPageMarking.ush" 2479
"../../../Engine/Shaders/Shared/SingleLayerWaterDefinitions.h" 2480
"../../../Engine/Shaders/Private/HairStrands/HairStrandsTileCommon.ush" 2481
"../../../Engine/Shaders/Private/Froxel/Froxel.ush" 2482
"../../../Engine/Shaders/Shared/FroxelDefinitions.h" 2483
"../../../Engine/Shaders/Private/VirtualShadowMaps/VirtualShadowMapThrottle.usf" 2484
"../../../Engine/Shaders/Private/VelocityUpdate.usf" 2485
"../../../Engine/Shaders/Private/VelocityCommon.ush" 2486
"../../../Engine/Shaders/Private/VelocityShader.usf" 2487
"../../../Engine/Shaders/Private/VariableRateShading/VRSShadingRatePreview.usf" 2488
"../../../Engine/Shaders/Private/VariableRateShading/VRSShadingRateCommon.ush" 2489
"../../../Engine/Shaders/Private/VariableRateShading/VRSShadingRateCombine.usf" 2490
"../../../Engine/Shaders/Private/VariableRateShading/VRSShadingRateFoveated.usf" 2491
"../../../Engine/Shaders/Private/VariableRateShading/VRSShadingRateReproject.usf" 2492
"../../../Engine/Shaders/Private/VariableRateShading/VRSShadingRateCalculate.usf" 2493
"../../../Engine/Shaders/Private/TranslucencyUpsampling.usf" 2494
"../../../Engine/Shaders/Private/ComposeSeparateTranslucency.usf" 2495
"../../../Engine/Shaders/Private/SeparateTranslucency.ush" 2496
"../../../Engine/Shaders/Private/TranslucencyVolumeVisualize.usf" 2497
"../../../Engine/Shaders/Private/TranslucencyVolumeCommon.ush" 2498
"../../../Engine/Shaders/Private/TranslucentLightInjectionShaders.usf" 2499
"../../../Engine/Shaders/Private/HeterogeneousVolumes/HeterogeneousVolumesAdaptiveVolumetricShadowMapSampling.ush" 2500
"../../../Engine/Shaders/Private/HeterogeneousVolumes/HeterogeneousVolumesAdaptiveVolumetricShadowMapUtils.ush" 2501
"../../../Engine/Shaders/Private/HeterogeneousVolumes/HeterogeneousVolumesBeerShadowMapUtils.ush" 2502
"../../../Engine/Shaders/Private/TranslucentShadowDepthShaders.usf" 2503
"../../../Engine/Shaders/Private/ShadowDepthCommon.ush" 2504
"../../../Engine/Shaders/Private/RayTracing/RayTracingTest.usf" 2505
"../../../Engine/Shaders/Private/PostprocessSubsurfaceTile.usf" 2506
"../../../Engine/Shaders/Private/PostProcessSubsurfaceCommon.ush" 2507
"../../../Engine/Shaders/Private/Substrate/SubstrateVisualize.usf" 2508
"../../../Engine/Shaders/Private/Substrate/SubstrateTile.ush" 2509
"../../../Engine/Shaders/Shared/SubstrateVisualizeDefinitions.h" 2510
"../../../Engine/Shaders/Private/Substrate/SubstrateVisualizeCommon.ush" 2511
"../../../Engine/Shaders/Private/SkyLightingDiffuseShared.ush" 2512
"../../../Engine/Shaders/Private/SkyLightingShared.ush" 2513
"../../../Engine/Shaders/Private/ClearCoatCommon.ush" 2514
"../../../Engine/Shaders/Private/ReflectionEnvironmentComposite.ush" 2515
"../../../Engine/Shaders/Private/Substrate/SubstrateLightingCommon.ush" 2516
"../../../Engine/Shaders/Private/Substrate/SubstrateRoughRefraction.usf" 2517
"../../../Engine/Shaders/Private/PathTracing/Material/PathTracingFresnel.ush" 2518
"../../../Engine/Shaders/Private/PathTracing/Material/PathTracingGlossy.ush" 2519
"../../../Engine/Shaders/Private/Substrate/SubstrateMaterialSampling.usf" 2520
"../../../Engine/Shaders/Private/Substrate/SubstrateMaterialSampling.ush" 2521
"../../../Engine/Shaders/Private/Lumen/LumenPosition.ush" 2522
"../../../Engine/Shaders/Private/Substrate/SubstrateTile.usf" 2523
"../../../Engine/Shaders/Private/Substrate/SubstrateMaterialClassification.usf" 2524
"../../../Engine/Shaders/Private/Substrate/SubstrateDBuffer.usf" 2525
"../../../Engine/Shaders/Private/StochasticLighting/StochasticLightingTileClassification.usf" 2526
"../../../Engine/Shaders/Private/Lumen/LumenMaterial.ush" 2527
"../../../Engine/Shaders/Private/HairStrands/HairStrandsVisibilityUtils.ush" 2528
"../../../Engine/Shaders/Private/Lumen/LumenReflectionCommon.ush" 2529
"../../../Engine/Shaders/Private/Lumen/LumenReflectionsCombine.ush" 2530
"../../../Engine/Shaders/Private/Lumen/LumenScreenProbeTileClassication.ush" 2531
"../../../Engine/Shaders/Private/MegaLights/MegaLightsTileClassification.ush" 2532
"../../../Engine/Shaders/Private/StochasticLighting/StochasticLightingUpsample.ush" 2533
"../../../Engine/Shaders/Private/StochasticLighting/StochasticLightingCommon.ush" 2534
"../../../Engine/Shaders/Private/SplineMeshSceneTexture.usf" 2535
"../../../Engine/Shaders/Private/SparseVolumeTexture/VisualizeSparseVolumeTexture.usf" 2536
"../../../Engine/Shaders/Private/SkyAtmosphere.usf" 2537
"../../../Engine/Shaders/Private/Nanite/NaniteSkinningUpdateViewData.usf" 2538
"../../../Engine/Shaders/Private/SceneCulling/SceneCulling.ush" 2539
"../../../Engine/Shaders/Private/Skinning/TransformProviders.usf" 2540
"../../../Engine/Shaders/Private/Skinning/SkinnedMeshDebug.usf" 2541
"../../../Engine/Shaders/Private/Skinning/AnimBankEval.usf" 2542
"../../../Engine/Shaders/Private/SingleLayerWaterComposite.usf" 2543
"../../../Engine/Shaders/Private/Froxel/FroxelBuild.ush" 2544
"../../../Engine/Shaders/Private/SingleLayerWaterRefractionCulling.usf" 2545
"../../../Engine/Shaders/Private/ScreenSpaceShadows.usf" 2546
"../../../Engine/Shaders/Private/bend_sss_gpu.ush" 2547
"../../../Engine/Shaders/Private/ShadowFactorsUpsampleCommon.ush" 2548
"../../../Engine/Shaders/Private/FirstPersonSelfShadow.usf" 2549
"../../../Engine/Shaders/Private/HZBTracing.ush" 2550
"../../../Engine/Shaders/Private/LateZDummyPS.usf" 2551
"../../../Engine/Shaders/Private/ShadowProjectionVertexShader.usf" 2552
"../../../Engine/Shaders/Private/ShadowProjectionPixelShader.usf" 2553
"../../../Engine/Shaders/Private/MobileLightingCommon.ush" 2554
"../../../Engine/Shaders/Private/PlanarReflectionShared.ush" 2555
"../../../Engine/Shaders/Private/MobileSSR.ush" 2556
"../../../Engine/Shaders/Private/SSRT/SSRTRayCast.ush" 2557
"../../../Engine/Shaders/Private/ShadowPercentageCloserFiltering.ush" 2558
"../../../Engine/Shaders/Private/TransmissionThickness.ush" 2559
"../../../Engine/Shaders/Private/CopyShadowMaps.usf" 2560
"../../../Engine/Shaders/Private/ShadowDepthPixelShader.usf" 2561
"../../../Engine/Shaders/Private/ShadowDepthVertexShader.usf" 2562
"../../../Engine/Shaders/Private/ShadingEnergyConservationTable.usf" 2563
"../../../Engine/Shaders/Shared/PathTracingDefinitions.h" 2564
"../../../Engine/Shaders/Private/ShadingFurnaceTest.usf" 2565
"../../../Engine/Shaders/Private/Substrate/SubstrateDeferredLighting.ush" 2566
"../../../Engine/Shaders/Private/ShaderPrintDraw.usf" 2567
"../../../Engine/Shaders/Private/ShaderPrintDrawPrimitive.usf" 2568
"../../../Engine/Shaders/Private/DefaultSSRTiles.usf" 2569
"../../../Engine/Shaders/Private/ScreenSpaceReflectionTileCommons.ush" 2570
"../../../Engine/Shaders/Private/SSRT/SSRTDiffuseIndirect.usf" 2571
"../../../Engine/Shaders/Private/SSRT/SSRTTileClassificationBuffer.ush" 2572
"../../../Engine/Shaders/Private/SSRT/SSRTReflections.usf" 2573
"../../../Engine/Shaders/Private/ScreenSpaceDenoise/SSDPublic.ush" 2574
"../../../Engine/Shaders/Private/SSRT/SSRTTileClassification.usf" 2575
"../../../Engine/Shaders/Private/SSRT/SSRTPrevFrameReduction.usf" 2576
"../../../Engine/Shaders/Private/ScreenSpaceDenoise/SSDComposeHarmonics.usf" 2577
"../../../Engine/Shaders/Private/ScreenSpaceDenoise/SSDPublicHarmonics.ush" 2578
"../../../Engine/Shaders/Private/ScreenSpaceDenoise/SSDSignalFramework.ush" 2579
"../../../Engine/Shaders/Private/ScreenSpaceDenoise/SSDCommon.ush" 2580
"../../../Engine/Shaders/Private/SphericalGaussian.ush" 2581
"../../../Engine/Shaders/Public/WaveBroadcastIntrinsics.ush" 2582
"../../../Engine/Shaders/Private/ScreenSpaceDenoise/SSDMetadata.ush" 2583
"../../../Engine/Shaders/Private/ScreenSpaceDenoise/SSDSignalCore.ush" 2584
"../../../Engine/Shaders/Private/ScreenSpaceDenoise/DenoisingCommon.ush" 2585
"../../../Engine/Shaders/Private/ScreenSpaceDenoise/SSDSignalArray.ush" 2586
"../../../Engine/Shaders/Private/ScreenSpaceDenoise/SSDSignalBufferEncoding.ush" 2587
"../../../Engine/Shaders/Private/ScreenSpaceDenoise/SSDPublicBufferEncoding.ush" 2588
"../../../Engine/Shaders/Private/Lumen/LumenBufferEncoding.ush" 2589
"../../../Engine/Shaders/Private/ScreenSpaceDenoise/SSDTemporalAccumulation.usf" 2590
"../../../Engine/Shaders/Private/ScreenSpaceDenoise/SSDSpatialKernel.ush" 2591
"../../../Engine/Shaders/Private/ScreenSpaceDenoise/SSDSignalAccumulatorArray.ush" 2592
"../../../Engine/Shaders/Private/ScreenSpaceDenoise/SSDSignalAccumulator.ush" 2593
"../../../Engine/Shaders/Private/ScreenSpaceDenoise/SSDSignalCompression.ush" 2594
"../../../Engine/Shaders/Private/ScreenSpaceDenoise/SSDSpatialAccumulation.usf" 2595
"../../../Engine/Shaders/Private/ScreenSpaceDenoise/SSDInjest.usf" 2596
"../../../Engine/Shaders/Private/ScreenSpaceDenoise/SSDCompressMetadata.usf" 2597
"../../../Engine/Shaders/Private/DownsampleDepthPixelShader.usf" 2598
"../../../Engine/Shaders/Private/ScreenPass.usf" 2599
"../../../Engine/Shaders/Private/HZB.usf" 2600
"../../../Engine/Shaders/Private/OcclusionFeedbackShaders.usf" 2601
"../../../Engine/Shaders/Private/HZBOcclusion.usf" 2602
"../../../Engine/Shaders/Private/OcclusionQueryPixelShader.usf" 2603
"../../../Engine/Shaders/Private/OcclusionQueryVertexShader.usf" 2604
"../../../Engine/Shaders/Private/HitProxyCopy.usf" 2605
"../../../Engine/Shaders/Private/HitProxyPixelShader.usf" 2606
"../../../Engine/Shaders/Private/HitProxyVertexShader.usf" 2607
"../../../Engine/Shaders/Private/SceneCulling/SceneCullingDebugRender.usf" 2608
"../../../Engine/Shaders/Private/SceneCulling/SceneCullingBuildExplicitBounds.usf" 2609
"../../../Engine/Shaders/Private/SceneCapturePixelShader.usf" 2610
"../../../Engine/Shaders/Private/RendererUtils.usf" 2611
"../../../Engine/Shaders/Private/RTWriteMaskDecode.usf" 2612
"../../../Engine/Shaders/Private/ReflectionEnvironmentShaders.usf" 2613
"../../../Engine/Shaders/Private/RectLightAtlas.usf" 2614
"../../../Engine/Shaders/Private/RayTracing/TraceRayInlineStatistics.usf" 2615
"../../../Engine/Shaders/Private/RayTracing/CompositeSkyLightPS.usf" 2616
"../../../Engine/Shaders/Private/RayTracing/GenerateSkyLightVisibilityRaysCS.usf" 2617
"../../../Engine/Shaders/Private/RayTracing/RayTracingSkyLightCommon.ush" 2618
"../../../Engine/Shaders/Private/RayTracing/SkyLightVisibilityRaysData.ush" 2619
"../../../Engine/Shaders/Private/Raytracing/RaytracingSkylightRGS.usf" 2620
"../../../Engine/Shaders/Private/HairStrands/HairStrandsRaytracing.ush" 2621
"../../../Engine/Shaders/Private/Raytracing/RayTracingSkyLightEvaluation.ush" 2622
"../../../Engine/Shaders/Private/Raytracing/RayTracingDeferredShadingCommon.ush" 2623
"../../../Engine/Shaders/Private/RayTracing/RayTracingOcclusionRGS.usf" 2624
"../../../Engine/Shaders/Private/RayTracing/RayTracingDirectionalLight.ush" 2625
"../../../Engine/Shaders/Private/RayTracing/RayTracingRectLight.ush" 2626
"../../../Engine/Shaders/Private/RayTracing/RayTracingSphereLight.ush" 2627
"../../../Engine/Shaders/Private/RayTracing/RayTracingCapsuleLight.ush" 2628
"../../../Engine/Shaders/Private/Raytracing/RayTracingFeedback.usf" 2629
"../../../Engine/Shaders/Shared/RayTracingDebugTypes.h" 2630
"../../../Engine/Shaders/Private/RayTracing/RayTracingPrimaryRays.usf" 2631
"../../../Engine/Shaders/Private/RayTracing/RayTracingLightingCommon.ush" 2632
"../../../Engine/Shaders/Private/RayTracing/RayTracingLightCullingCommon.ush" 2633
"../../../Engine/Shaders/Private/RayTracing/RayTracingMaterialDefaultHitShaders.usf" 2634
"../../../Engine/Shaders/Private/RayTracing/RayTracingMaterialHitShaders.usf" 2635
"../../../Engine/Shaders/Private/RayTracing/RayTracingShaderUtils.ush" 2636
"../../../Engine/Shaders/Private/RayTracing/RayTracingCalcInterpolants.ush" 2637
"../../../Engine/Shaders/Private/LightmapCommon.ush" 2638
"../../../Engine/Shaders/Private/Lumen/LumenHardwareRayTracingPayloadCommon.ush" 2639
"../../../Engine/Shaders/Shared/LumenDefinitions.h" 2640
"../../../Engine/Shaders/Private/Substrate/SubstrateExport.ush" 2641
"../../../Engine/Shaders/Private/RayTracing/RayTracingLightingMS.usf" 2642
"../../../Engine/Shaders/Private/Lumen/LumenDiffuseColorBoost.ush" 2643
"../../../Engine/Shaders/Private/RayTracing/RayTracingLightFunctionCommon.ush" 2644
"../../../Engine/Shaders/Private/RayTracing/RayTracingBuildLightGrid.usf" 2645
"../../../Engine/Shaders/Private/Raytracing/RayTracingInstanceBufferUtil.usf" 2646
"../../../Engine/Shaders/Private/RayTracing/RayTracingDynamicMesh.usf" 2647
"../../../Engine/Shaders/Private/RayTracing/RayTracingDefaultDecalHitShader.usf" 2648
"../../../Engine/Shaders/Private/RayTracing/RayTracingDecalMaterialShader.usf" 2649
"../../../Engine/Shaders/Private/PathTracing/PathTracingShaderUtils.ush" 2650
"../../../Engine/Shaders/Private/PathTracing/PathTracingCommon.ush" 2651
"../../../Engine/Shaders/Private/PathTracing/Material/PathTracingMaterialCommon.ush" 2652
"../../../Engine/Shaders/Private/PathTracing/Utilities/PathTracingRIS.ush" 2653
"../../../Engine/Shaders/Private/RayTracing/RayTracingBuildDecalGrid.usf" 2654
"../../../Engine/Shaders/Private/RayTracing/RayTracingDebugHitStatsUtils.usf" 2655
"../../../Engine/Shaders/Private/RayTracing/RayTracingDebugInstanceOverlap.usf" 2656
"../../../Engine/Shaders/Private/RayTracing/RayTracingDebugPicking.usf" 2657
"../../../Engine/Shaders/Private/RayTracing/RayTracingDebugUtils.ush" 2658
"../../../Engine/Shaders/Private/RayTracing/RayTracingDebugTraversal.usf" 2659
"../../../Engine/Shaders/Private/RayTracing/RayTracingDeferredMaterials.ush" 2660
"../../../Engine/Shaders/Shared/ThirdParty/AMD/ags_shader_intrinsics_dx12.h" 2661
"../../../Engine/Shaders/Shared/RayTracingDebugDefinitions.h" 2662
"../../../Engine/Shaders/Private/RayTracing/RayTracingDebugHitStatsCHS.usf" 2663
"../../../Engine/Shaders/Private/RayTracing/RayTracingDebugHitStats.usf" 2664
"../../../Engine/Shaders/Private/RayTracing/RayTracingDebugMS.usf" 2665
"../../../Engine/Shaders/Private/RayTracing/RayTracingDebugCHS.usf" 2666
"../../../Engine/Shaders/Private/RayTracing/RayTracingDebug.usf" 2667
"../../../Engine/Shaders/Private/RayTracing/RayTracingBuiltInShaders.usf" 2668
"../../../Engine/Shaders/Private/RayTracing/RayTracingBarycentrics.usf" 2669
"../../../Engine/Shaders/Private/RayTracing/RayTracingAmbientOcclusionRGS.usf" 2670
"../../../Engine/Shaders/Private/VisualizeShadingModels.usf" 2671
"../../../Engine/Shaders/Private/MotionBlur/VisualizeMotionVectors.usf" 2672
"../../../Engine/Shaders/Private/TemporalSuperResolution/TSRVisualize.usf" 2673
"../../../Engine/Shaders/Private/TemporalSuperResolution/TSRColorSpace.ush" 2674
"../../../Engine/Shaders/Private/TemporalSuperResolution/TSRCommon.ush" 2675
"../../../Engine/Shaders/Public/DualPixelVectorization.ush" 2676
"../../../Engine/Shaders/Private/TemporalSuperResolution/TSRReprojectionField.ush" 2677
"../../../Engine/Shaders/Private/TemporalSuperResolution/TSRResolveHistory.usf" 2678
"../../../Engine/Shaders/Private/TemporalSuperResolution/TSRConvolutionNetwork.ush" 2679
"../../../Engine/Shaders/Private/TemporalSuperResolution/TSRKernels.ush" 2680
"../../../Engine/Shaders/Public/LaneVectorization.ush" 2681
"../../../Engine/Shaders/Private/TemporalSuperResolution/TSRUpdateHistory.usf" 2682
"../../../Engine/Shaders/Private/TemporalSuperResolution/TSRSpatialAntiAliasing.ush" 2683
"../../../Engine/Shaders/Private/TemporalSuperResolution/TSRSpatialAntiAliasing.usf" 2684
"../../../Engine/Shaders/Private/TemporalSuperResolution/TSRRejectShading.usf" 2685
"../../../Engine/Shaders/Private/TemporalSuperResolution/TSRShadingAnalysis.ush" 2686
"../../../Engine/Shaders/Private/TemporalSuperResolution/TSRConvolutionNetworkPass.ush" 2687
"../../../Engine/Shaders/Private/TemporalSuperResolution/TSRDecimateHistory.usf" 2688
"../../../Engine/Shaders/Private/TemporalSuperResolution/TSRDepthVelocityAnalysis.ush" 2689
"../../../Engine/Shaders/Private/TemporalSuperResolution/TSRClosestOccluder.ush" 2690
"../../../Engine/Shaders/Private/TemporalSuperResolution/TSRWeightRelaxation.usf" 2691
"../../../Engine/Shaders/Private/TemporalSuperResolution/TSRThinGeometryCommon.ush" 2692
"../../../Engine/Shaders/Private/TemporalSuperResolution/TSRDetectThinGeometry.usf" 2693
"../../../Engine/Shaders/Private/TemporalSuperResolution/TSRDilateVelocity.usf" 2694
"../../../Engine/Shaders/Private/MotionBlur/MotionBlurVelocityFlatten.ush" 2695
"../../../Engine/Shaders/Private/MotionBlur/MotionBlurCommon.ush" 2696
"../../../Engine/Shaders/Private/TemporalSuperResolution/TSRClearPrevTextures.usf" 2697
"../../../Engine/Shaders/Private/TemporalSuperResolution/TSRMeasureCoverage.usf" 2698
"../../../Engine/Shaders/Private/TemporalSuperResolution/TSRMeasureFlickeringLuma.usf" 2699
"../../../Engine/Shaders/Private/TemporalAA.usf" 2700
"../../../Engine/Shaders/Private/SMAA/SMAADebugVisualization.usf" 2701
"../../../Engine/Shaders/Private/SMAA/SMAACommon.ush" 2702
"../../../Engine/Shaders/Private/SMAA/SMAA.ush" 2703
"../../../Engine/Shaders/Private/SMAA/SMAANeighborhoodBlendingShader.usf" 2704
"../../../Engine/Shaders/Private/SMAA/SMAABlendingWeightCalculationShader.usf" 2705
"../../../Engine/Shaders/Private/SMAA/SMAAEdgeDetectionShader.usf" 2706
"../../../Engine/Shaders/Private/FilterPixelShader.usf" 2707
"../../../Engine/Shaders/Private/FilterVertexShader.usf" 2708
"../../../Engine/Shaders/Private/VisualizeVirtualTexture.usf" 2709
"../../../Engine/Shaders/Private/PostProcessVisualizeBuffer.usf" 2710
"../../../Engine/Shaders/Private/PostProcessVisualizeLocalExposure.usf" 2711
"../../../Engine/Shaders/Private/PostProcessHistogramCommon.ush" 2712
"../../../Engine/Shaders/Private/TonemapCommon.ush" 2713
"../../../Engine/Shaders/Private/ACES/ACESCommon.ush" 2714
"../../../Engine/Shaders/Private/ACES/ACESOutputTransform.ush" 2715
"../../../Engine/Shaders/Private/ACES/ACESUtilities.ush" 2716
"../../../Engine/Shaders/Private/ACES/ACESTonescale.ush" 2717
"../../../Engine/Shaders/Private/ACES/ACESDisplayEncoding.ush" 2718
"../../../Engine/Shaders/Private/ACES/ACES_v1.3.ush" 2719
"../../../Engine/Shaders/Private/PostProcessVisualizeLevelInstance.usf" 2720
"../../../Engine/Shaders/Private/PostProcessVisualizeHDR.usf" 2721
"../../../Engine/Shaders/Private/ShaderComplexityApplyPixelShader.usf" 2722
"../../../Engine/Shaders/Private/QuadOverdraw.ush" 2723
"../../../Engine/Shaders/Private/PostProcessUpscale.usf" 2724
"../../../Engine/Shaders/Private/PostProcessTonemap.usf" 2725
"../../../Engine/Shaders/Private/PostProcessing/FilmGrainPackConstants.usf" 2726
"../../../Engine/Shaders/Private/PostProcessing/FilmGrainReduce.usf" 2727
"../../../Engine/Shaders/Private/PostProcessTestImage.usf" 2728
"../../../Engine/Shaders/Private/PostProcessSubsurface.usf" 2729
"../../../Engine/Shaders/Private/SeparableSSS.ush" 2730
"../../../Engine/Shaders/Private/SubsurfaceBurleyNormalized.ush" 2731
"../../../Engine/Shaders/Private/PostProcessSelectionOutline.usf" 2732
"../../../Engine/Shaders/Private/MotionBlur/MotionBlurVisualize.usf" 2733
"../../../Engine/Shaders/Private/MotionBlur/MotionBlurApply.usf" 2734
"../../../Engine/Shaders/Private/MotionBlur/MotionBlurFilterTileClassify.usf" 2735
"../../../Engine/Shaders/Private/MotionBlur/MotionBlurTileScatter.usf" 2736
"../../../Engine/Shaders/Private/MotionBlur/MotionBlurTileGather.usf" 2737
"../../../Engine/Shaders/Private/MotionBlur/MotionBlurVelocityFlatten.usf" 2738
"../../../Engine/Shaders/Private/PostProcessMobile.usf" 2739
"../../../Engine/Shaders/Private/PostProcessMitchellNetravali.usf" 2740
"../../../Engine/Shaders/Private/PostProcessMaterialShaders.usf" 2741
"../../../Engine/Shaders/Private/NeuralPostProcessCommon.usf" 2742
"../../../Engine/Shaders/Private/PostProcessLocalExposure.usf" 2743
"../../../Engine/Shaders/Private/PostProcessLensFlares.usf" 2744
"../../../Engine/Shaders/Private/PostProcessGBufferHints.usf" 2745
"../../../Engine/Shaders/Private/PostProcessHMD.usf" 2746
"../../../Engine/Shaders/Private/Histogram.usf" 2747
"../../../Engine/Shaders/Private/PostProcessExposureMaterial.ush" 2748
"../../../Engine/Shaders/Private/PostProcessHistogramReduce.usf" 2749
"../../../Engine/Shaders/Private/PostProcessHistogram.usf" 2750
"../../../Engine/Shaders/Private/Bloom/BloomFinalizeApplyConstants.usf" 2751
"../../../Engine/Shaders/Private/Bloom/BloomCommon.ush" 2752
"../../../Engine/Shaders/Private/Bloom/BloomResizeKernel.usf" 2753
"../../../Engine/Shaders/Private/Bloom/BloomDownsampleKernel.usf" 2754
"../../../Engine/Shaders/Private/Bloom/BloomClampKernel.usf" 2755
"../../../Engine/Shaders/Private/Bloom/BloomPackKernelConstants.usf" 2756
"../../../Engine/Shaders/Private/Bloom/BloomSumScatterDispersionEnergy.usf" 2757
"../../../Engine/Shaders/Private/Bloom/BloomReduceKernelSurvey.usf" 2758
"../../../Engine/Shaders/Private/Bloom/BloomSurveyKernelCenterEnergy.usf" 2759
"../../../Engine/Shaders/Private/Bloom/BloomSurveyMaxScatterDispersion.usf" 2760
"../../../Engine/Shaders/Private/Bloom/BloomFindKernelCenter.usf" 2761
"../../../Engine/Shaders/Private/PostProcessEyeAdaptation.usf" 2762
"../../../Engine/Shaders/Private/PostProcessEyeAdaptationUtils.usf" 2763
"../../../Engine/Shaders/Private/PostProcessDownsample.usf" 2764
"../../../Engine/Shaders/Private/PostProcessDOF.usf" 2765
"../../../Engine/Shaders/Private/PostProcessDeviceEncodingOnly.usf" 2766
"../../../Engine/Shaders/Private/PostProcessCompositePrimitives.usf" 2767
"../../../Engine/Shaders/Private/PostProcessCombineLUTs.usf" 2768
"../../../Engine/Shaders/Private/PostProcessVisualizeDOF.usf" 2769
"../../../Engine/Shaders/Private/PostProcessBloom.usf" 2770
"../../../Engine/Shaders/Private/PostProcessAmbientOcclusionMobile.usf" 2771
"../../../Engine/Shaders/Private/PostProcessAmbientOcclusionCommon.ush" 2772
"../../../Engine/Shaders/Private/FXAAShader.usf" 2773
"../../../Engine/Shaders/Private/Fxaa3_11.ush" 2774
"../../../Engine/Shaders/Private/PaniniProjection.usf" 2775
"../../../Engine/Shaders/Private/DiaphragmDOF/DOFRecombine.usf" 2776
"../../../Engine/Shaders/Private/DiaphragmDOF/DOFHybridScatterPixelShader.usf" 2777
"../../../Engine/Shaders/Private/DiaphragmDOF/DOFHybridScatterCommon.ush" 2778
"../../../Engine/Shaders/Private/DiaphragmDOF/DOFVignetteCommon.ush" 2779
"../../../Engine/Shaders/Private/DiaphragmDOF/DOFHybridScatterVertexShader.usf" 2780
"../../../Engine/Shaders/Private/DiaphragmDOF/DOFPostfiltering.usf" 2781
"../../../Engine/Shaders/Private/DiaphragmDOF/DOFGatherTileSuggest.ush" 2782
"../../../Engine/Shaders/Private/DiaphragmDOF/DOFCocTileCommon.ush" 2783
"../../../Engine/Shaders/Private/DiaphragmDOF/DOFGatherPass.usf" 2784
"../../../Engine/Shaders/Private/DiaphragmDOF/DOFGatherCommon.ush" 2785
"../../../Engine/Shaders/Private/DiaphragmDOF/DOFGatherAccumulator.ush" 2786
"../../../Engine/Shaders/Private/DiaphragmDOF/DOFGatherKernel.ush" 2787
"../../../Engine/Shaders/Private/DiaphragmDOF/DOFBokehLUT.usf" 2788
"../../../Engine/Shaders/Private/DiaphragmDOF/DOFHybridScatterCompilation.usf" 2789
"../../../Engine/Shaders/Private/DiaphragmDOF/DOFReduce.usf" 2790
"../../../Engine/Shaders/Private/DiaphragmDOF/DOFDownsample.ush" 2791
"../../../Engine/Shaders/Private/DiaphragmDOF/DOFHybridScatterCompilation.ush" 2792
"../../../Engine/Shaders/Private/DiaphragmDOF/DOFDownsample.usf" 2793
"../../../Engine/Shaders/Private/DiaphragmDOF/DOFCocTileDilate.usf" 2794
"../../../Engine/Shaders/Private/DiaphragmDOF/DOFCocTileFlatten.usf" 2795
"../../../Engine/Shaders/Private/DiaphragmDOF/DOFSetup.usf" 2796
"../../../Engine/Shaders/Private/Tools/DebugAlphaChannel.usf" 2797
"../../../Engine/Shaders/Private/PostProcessAlphaInvert.usf" 2798
"../../../Engine/Shaders/Private/PlanarReflectionShaders.usf" 2799
"../../../Engine/Shaders/Private/PhysicsFieldVisualizer.usf" 2800
"../../../Engine/Shaders/Private/PathTracing/PathTracingSpatialTemporalDenoising.usf" 2801
"../../../Engine/Shaders/Private/ColorDifference.ush" 2802
"../../../Engine/Shaders/Private/PathTracing/PathTracingCompositingPixelShader.usf" 2803
"../../../Engine/Shaders/Private/PathTracing/PathTracingAdaptiveUtils.ush" 2804
"../../../Engine/Shaders/Private/PathTracing/PathTracingDefaultHitShader.usf" 2805
"../../../Engine/Shaders/Private/PathTracing/PathTracingGPULightmassMaterialHitShader.usf" 2806
"../../../Engine/Shaders/Private/PathTracing/PathTracingMaterialHitShader.usf" 2807
"../../../Engine/Shaders/Private/PathTracing/Material/PathTracingSubstrateCommon.ush" 2808
"../../../Engine/Shaders/Private/PathTracing/PathTracingLightingMissShader.usf" 2809
"../../../Engine/Shaders/Private/PathTracing/PathTracingMissShader.usf" 2810
"../../../Engine/Shaders/Private/PathTracing/PathTracingAdaptiveStart.usf" 2811
"../../../Engine/Shaders/Private/PathTracing/PathTracingBuildAdaptiveError.usf" 2812
"../../../Engine/Shaders/Private/PathTracing/PathTracingVolumetricCloudMaterialShader.usf" 2813
"../../../Engine/Shaders/Private/PathTracing/Volume/PathTracingCloudsMaterialCommon.ush" 2814
"../../../Engine/Shaders/Private/PathTracing/Volume/PathTracingVolumeCommon.ush" 2815
"../../../Engine/Shaders/Private/PathTracing/Volume/PathTracingCloudsCommon.ush" 2816
"../../../Engine/Shaders/Private/PathTracing/Volume/PathTracingFog.ush" 2817
"../../../Engine/Shaders/Private/PathTracing/Volume/PathTracingAtmosphere.ush" 2818
"../../../Engine/Shaders/Private/PathTracing/Volume/PathTracingAtmosphereCommon.ush" 2819
"../../../Engine/Shaders/Private/PathTracing/Volume/PathTracingVolumeSampling.ush" 2820
"../../../Engine/Shaders/Private/PathTracing/PathTracingBuildCloudAccelerationMap.usf" 2821
"../../../Engine/Shaders/Private/PathTracing/PathTracingBuildAtmosphereLUT.usf" 2822
"../../../Engine/Shaders/Private/PathTracing/PathTracingSwizzleScanlines.usf" 2823
"../../../Engine/Shaders/Private/PathTracing/PathTracingInitExtinctionCoefficient.usf" 2824
"../../../Engine/Shaders/Private/PathTracing/PathTracingCopyDepth.usf" 2825
"../../../Engine/Shaders/Private/PathTracing/PathTracingDebug.usf" 2826
"../../../Engine/Shaders/Private/RayTracing/RayTracingDecalGrid.ush" 2827
"../../../Engine/Shaders/Private/PathTracing/Material/PathTracingMaterialSampling.ush" 2828
"../../../Engine/Shaders/Private/PathTracing/Material/PathTracingLambert.ush" 2829
"../../../Engine/Shaders/Private/PathTracing/Material/PathTracingSubstrate.ush" 2830
"../../../Engine/Shaders/Private/PathTracing/Material/PathTracingSubstrateFoliage.ush" 2831
"../../../Engine/Shaders/Private/PathTracing/Material/PathTracingSubstrateSolidGlass.ush" 2832
"../../../Engine/Shaders/Private/PathTracing/Material/PathTracingSubstrateThinGlass.ush" 2833
"../../../Engine/Shaders/Private/PathTracing/Material/PathTracingSolidGlass.ush" 2834
"../../../Engine/Shaders/Private/PathTracing/Material/PathTracingEnergyConservation.ush" 2835
"../../../Engine/Shaders/Private/PathTracing/Material/PathTracingThinGlass.ush" 2836
"../../../Engine/Shaders/Private/PathTracing/Material/PathTracingDefaultLit.ush" 2837
"../../../Engine/Shaders/Private/PathTracing/Material/PathTracingClearCoat.ush" 2838
"../../../Engine/Shaders/Private/PathTracing/Material/PathTracingTwoSidedFoliage.ush" 2839
"../../../Engine/Shaders/Private/PathTracing/Material/PathTracingCloth.ush" 2840
"../../../Engine/Shaders/Private/PathTracing/Material/PathTracingSubsurfaceProfile.ush" 2841
"../../../Engine/Shaders/Private/PathTracing/Material/PathTracingEye.ush" 2842
"../../../Engine/Shaders/Private/PathTracing/Material/PathTracingHair.ush" 2843
"../../../Engine/Shaders/Private/PathTracing/Material/PathTracingMedium.ush" 2844
"../../../Engine/Shaders/Private/PathTracing/Light/PathTracingLightSampling.ush" 2845
"../../../Engine/Shaders/Private/PathTracing/Light/PathTracingLightCommon.ush" 2846
"../../../Engine/Shaders/Private/PathTracing/Light/PathTracingDirectionalLight.ush" 2847
"../../../Engine/Shaders/Private/PathTracing/Light/PathTracingPointLight.ush" 2848
"../../../Engine/Shaders/Private/PathTracing/Light/PathTracingCapsuleLight.ush" 2849
"../../../Engine/Shaders/Private/PathTracing/Light/PathTracingRectLight.ush" 2850
"../../../Engine/Shaders/Private/PathTracing/Light/PathTracingSkyLight.ush" 2851
"../../../Engine/Shaders/Private/PathTracing/Light/PathTracingLightGrid.ush" 2852
"../../../Engine/Shaders/Private/PathTracing/PathTracing.usf" 2853
"../../../Engine/Shaders/Private/PathTracing/PathTracingCore.ush" 2854
"../../../Engine/Shaders/Private/HeterogeneousVolumes/HeterogeneousVolumesVoxelGridTypes.ush" 2855
"../../../Engine/Shaders/Private/PathTracing/Volume/PathTracingVolume.ush" 2856
"../../../Engine/Shaders/Private/PathTracing/Volume/PathTracingClouds.ush" 2857
"../../../Engine/Shaders/Private/PathTracing/Volume/PathTracingHeterogeneousVolumes.ush" 2858
"../../../Engine/Shaders/Private/HeterogeneousVolumes/HeterogeneousVolumesTracingUtils.ush" 2859
"../../../Engine/Shaders/Private/HeterogeneousVolumes/HeterogeneousVolumesVoxelGridTraversal.ush" 2860
"../../../Engine/Shaders/Private/HeterogeneousVolumes/HeterogeneousVolumesVoxelGridUtils.ush" 2861
"../../../Engine/Shaders/Private/HeterogeneousVolumes/HeterogeneousVolumesFrustumVoxelGridUtils.ush" 2862
"../../../Engine/Shaders/Private/PathTracing/PathTracingBuildLightGrid.usf" 2863
"../../../Engine/Shaders/Private/PathTracing/PathTracingSkylightMISCompensation.usf" 2864
"../../../Engine/Shaders/Private/PathTracing/PathTracingSkylightPrepare.usf" 2865
"../../../Engine/Shaders/Private/OIT/OITSorting.usf" 2866
"../../../Engine/Shaders/Private/OITCombine.usf" 2867
"../../../Engine/Shaders/Private/OITCommon.ush" 2868
"../../../Engine/Shaders/Private/Nanite/Voxel/RasterizeBricks.usf" 2869
"../../../Engine/Shaders/Private/Nanite/Voxel/Brick.ush" 2870
"../../../Engine/Shaders/Private/Nanite/Voxel/Voxel.ush" 2871
"../../../Engine/Shaders/Private/Nanite/Voxel/ScatterBricks.usf" 2872
"../../../Engine/Shaders/Private/Nanite/Voxel/TileBricks.usf" 2873
"../../../Engine/Shaders/Private/Nanite/Voxel/AutoVoxel.usf" 2874
"../../../Engine/Shaders/Private/Nanite/NaniteDebugViews.usf" 2875
"../../../Engine/Shaders/Private/Nanite/NaniteEditorCommon.ush" 2876
"../../../Engine/Shaders/Private/BinarySearch.ush" 2877
"../../../Engine/Shaders/Private/Nanite/NaniteDepthDecode.usf" 2878
"../../../Engine/Shaders/Private/HTileEncoding.ush" 2879
"../../../Engine/Shaders/Private/Nanite/NaniteVisualize.usf" 2880
"../../../Engine/Shaders/Private/Nanite/NaniteStreamOut.usf" 2881
"../../../Engine/Shaders/Private/Nanite/NaniteHierarchyTraversal.ush" 2882
"../../../Engine/Shaders/Private/Nanite/NaniteShadeBinning.usf" 2883
"../../../Engine/Shaders/Private/Nanite/NaniteShadeCommon.ush" 2884
"../../../Engine/Shaders/Private/Nanite/NaniteFastClear.usf" 2885
"../../../Engine/Shaders/Private/Nanite/NaniteRayTracing.usf" 2886
"../../../Engine/Shaders/Private/Nanite/NaniteExportGBuffer.usf" 2887
"../../../Engine/Shaders/Private/Nanite/NaniteClusterCulling.usf" 2888
"../../../Engine/Shaders/Private/Nanite/NanitePrintStats.usf" 2889
"../../../Engine/Shaders/Private/Nanite/NaniteRasterizer.usf" 2890
"../../../Engine/Shaders/Private/Nanite/NaniteRasterizationCommon.ush" 2891
"../../../Engine/Shaders/Private/Nanite/NaniteRasterizer.ush" 2892
"../../../Engine/Shaders/Private/Nanite/NaniteWritePixel.ush" 2893
"../../../Engine/Shaders/Private/Nanite/NaniteTessellation.ush" 2894
"../../../Engine/Shaders/Private/WorkDistribution.ush" 2895
"../../../Engine/Shaders/Private/Nanite/NaniteDice.ush" 2896
"../../../Engine/Shaders/Private/ShaderBundleWorkGraphCommon.ush" 2897
"../../../Engine/Shaders/Public/RootConstants.ush" 2898
"../../../Engine/Shaders/Public/Platform/D3D/D3DRootConstants.ush" 2899
"../../../Engine/Shaders/Private/Nanite/NaniteSplit.usf" 2900
"../../../Engine/Shaders/Private/Nanite/NaniteRasterBinning.usf" 2901
"../../../Engine/Shaders/Private/Nanite/NaniteInstanceCulling.usf" 2902
"../../../Engine/Shaders/Private/Nanite/NaniteImposter.ush" 2903
"../../../Engine/Shaders/Private/Nanite/NaniteInstanceHierarchyCulling.usf" 2904
"../../../Engine/Shaders/Private/WorkGroupLoadBalancer.ush" 2905
"../../../Engine/Shaders/Private/Nanite/NanitePrimitiveFilter.usf" 2906
"../../../Engine/Shaders/Private/Nanite/NaniteRasterClear.usf" 2907
"../../../Engine/Shaders/Private/Nanite/NaniteDepthExport.usf" 2908
"../../../Engine/Shaders/Private/Nanite/NaniteEmitShadow.usf" 2909
"../../../Engine/Shaders/Private/MobileDeferredUtils.usf" 2910
"../../../Engine/Shaders/Private/MobileLocalLightsBuffer.usf" 2911
"../../../Engine/Shaders/Private/MobileFog.usf" 2912
"../../../Engine/Shaders/Private/DistortApplyScreenPS.usf" 2913
"../../../Engine/Shaders/Private/MobileDeferredShading.usf" 2914
"../../../Engine/Shaders/Private/MobileBasePassPixelShader.usf" 2915
"../../../Engine/Shaders/Private/MobileBasePassCommon.ush" 2916
"../../../Engine/Shaders/Private/BasePassCommon.ush" 2917
"../../../Engine/Shaders/Private/ShadingModelsMaterial.ush" 2918
"../../../Engine/Shaders/Private/ThinTranslucentCommon.ush" 2919
"../../../Engine/Shaders/Private/SingleLayerWaterShading.ush" 2920
"../../../Engine/Shaders/Private/DistortionCommon.ush" 2921
"../../../Engine/Shaders/Private/Substrate/SubstrateMobileForwardLighting.ush" 2922
"../../../Engine/Shaders/Private/MobileBasePassVertexShader.usf" 2923
"../../../Engine/Shaders/Private/MeshEdges.usf" 2924
"../../../Engine/Shaders/Private/MegaLights/MegaLightsSampling.usf" 2925
"../../../Engine/Shaders/Shared/MegaLightsDefinitions.h" 2926
"../../../Engine/Shaders/Private/MegaLights/MegaLightsShading.ush" 2927
"../../../Engine/Shaders/Private/MegaLights/MegaLights.ush" 2928
"../../../Engine/Shaders/Private/MegaLights/MegaLightsMaterial.ush" 2929
"../../../Engine/Shaders/Private/MegaLights/MegaLightsRayTracing.ush" 2930
"../../../Engine/Shaders/Private/MegaLights/MegaLightsSampling.ush" 2931
"../../../Engine/Shaders/Private/MegaLights/MegaLightsVolumeSampling.usf" 2932
"../../../Engine/Shaders/Private/MegaLights/MegaLightsVolume.ush" 2933
"../../../Engine/Shaders/Private/MegaLights/MegaLights.usf" 2934
"../../../Engine/Shaders/Private/HairStrands/HairStrandsScreenTracing.ush" 2935
"../../../Engine/Shaders/Private/MegaLights/MegaLightsFilterVisibleLightHash.usf" 2936
"../../../Engine/Shaders/Private/MegaLights/MegaLightsShading.usf" 2937
"../../../Engine/Shaders/Private/Lumen/LumenReflectionDenoiserCommon.ush" 2938
"../../../Engine/Shaders/Private/MegaLights/MegaLightsVisibleLightHash.usf" 2939
"../../../Engine/Shaders/Private/MegaLights/MegaLightsVolumeShading.usf" 2940
"../../../Engine/Shaders/Private/MegaLights/MegaLightsVSMMarking.usf" 2941
"../../../Engine/Shaders/Private/MegaLights/MegaLightsVSMTracing.usf" 2942
"../../../Engine/Shaders/Private/MegaLights/MegaLightsRayTracing.usf" 2943
"../../../Engine/Shaders/Private/DistanceField/GlobalDistanceFieldUtils.ush" 2944
"../../../Engine/Shaders/Private/Lumen/LumenScreenTracing.ush" 2945
"../../../Engine/Shaders/Private/MegaLights/MegaLightsVolumeRayTracing.usf" 2946
"../../../Engine/Shaders/Private/MegaLights/MegaLightsVolumeHardwareRayTracing.usf" 2947
"../../../Engine/Shaders/Private/Lumen/LumenHardwareRayTracingCommon.ush" 2948
"../../../Engine/Shaders/Private/RayTracing/RayTracingReflectionEnvironment.ush" 2949
"../../../Engine/Shaders/Private/Lumen/LumenHardwareRayTracingPlatformCommon.ush" 2950
"../../../Engine/Shaders/Private/Lumen/LumenTracingCommon.ush" 2951
"../../../Engine/Shaders/Private/Lumen/SurfaceCache/LumenSurfaceCacheSampling.ush" 2952
"../../../Engine/Shaders/Private/Lumen/SurfaceCache/LumenSurfaceCache.ush" 2953
"../../../Engine/Shaders/Private/Lumen/LumenCardCommon.ush" 2954
"../../../Engine/Shaders/Private/Lumen/LumenCardTileShadowDownsampleFactor.ush" 2955
"../../../Engine/Shaders/Private/MegaLights/MegaLightsHardwareRayTracing.usf" 2956
"../../../Engine/Shaders/Private/MegaLights/MegaLightsDebug.usf" 2957
"../../../Engine/Shaders/Private/MegaLights/MegaLightsDenoiserSpatial.usf" 2958
"../../../Engine/Shaders/Private/MegaLights/MegaLightsDenoiserTemporal.usf" 2959
"../../../Engine/Shaders/Private/MaterialCache/MaterialCacheABufferPages.usf" 2960
"../../../Engine/Shaders/Private/MaterialCache/MaterialCacheShade.usf" 2961
"../../../Engine/Shaders/Private/MaterialCache/MaterialCacheShadeCommon.ush" 2962
"../../../Engine/Shaders/Private/MaterialCache/MaterialCacheUnwrapNaniteShade.usf" 2963
"../../../Engine/Shaders/Private/MaterialCache/MaterialCacheUnwrapPixelShader.usf" 2964
"../../../Engine/Shaders/Private/MaterialCache/MaterialCacheUnwrapVertexShader.usf" 2965
"../../../Engine/Shaders/Private/Lumen/LumenVisualizeRadianceCache.usf" 2966
"../../../Engine/Shaders/Private/Lumen/LumenRadianceCacheCommon.ush" 2967
"../../../Engine/Shaders/Private/Lumen/LumenVisualizeHardwareRayTracing.usf" 2968
"../../../Engine/Shaders/Private/Lumen/LumenVisualize.ush" 2969
"../../../Engine/Shaders/Private/Lumen/LumenHairTracing.ush" 2970
"../../../Engine/Shaders/Private/Lumen/LumenVisualize.usf" 2971
"../../../Engine/Shaders/Private/Lumen/LumenSoftwareRayTracing.ush" 2972
"../../../Engine/Shaders/Private/DistanceField/GlobalDistanceFieldObjectGrid.ush" 2973
"../../../Engine/Shaders/Private/DistanceFieldLightingShared.ush" 2974
"../../../Engine/Shaders/Private/Lumen/LumenVisualizeTraces.ush" 2975
"../../../Engine/Shaders/Private/Lumen/LumenTranslucencyVolumeLighting.usf" 2976
"../../../Engine/Shaders/Private/Lumen/LumenRadianceCacheMarkCommon.ush" 2977
"../../../Engine/Shaders/Private/Lumen/LumenTranslucencyVolumeLightingShared.ush" 2978
"../../../Engine/Shaders/Private/Lumen/LumenScreenProbeCommon.ush" 2979
"../../../Engine/Shaders/Private/RayTracing/RayGenUtils.ush" 2980
"../../../Engine/Shaders/Private/Lumen/LumenRadianceCacheTracingCommon.ush" 2981
"../../../Engine/Shaders/Private/Lumen/LumenTranslucencyVolumeHardwareRayTracing.usf" 2982
"../../../Engine/Shaders/Private/Lumen/LumenTranslucencyRadianceCacheMarkShaders.usf" 2983
"../../../Engine/Shaders/Private/Lumen/SurfaceCache/LumenSurfaceCache.usf" 2984
"../../../Engine/Shaders/Private/Lumen/LumenVirtualTextureCommon.ush" 2985
"../../../Engine/Shaders/Private/Lumen/LumenShortRangeAOHardwareRayTracing.usf" 2986
"../../../Engine/Shaders/Private/Lumen/LumenScreenSpaceBentNormal.ush" 2987
"../../../Engine/Shaders/Private/Lumen/LumenScreenSpaceBentNormal.usf" 2988
"../../../Engine/Shaders/Private/Lumen/LumenScreenProbeTracing.usf" 2989
"../../../Engine/Shaders/Private/Lumen/LumenScreenProbeTracingCommon.ush" 2990
"../../../Engine/Shaders/Private/Lumen/LumenFloatQuantization.ush" 2991
"../../../Engine/Shaders/Private/Lumen/LumenScreenProbeImportanceSampling.usf" 2992
"../../../Engine/Shaders/Private/Lumen/LumenScreenProbeImportanceSamplingShared.ush" 2993
"../../../Engine/Shaders/Private/Lumen/LumenScreenProbeHardwareRayTracing.usf" 2994
"../../../Engine/Shaders/Private/Lumen/LumenScreenProbeDebug.usf" 2995
"../../../Engine/Shaders/Private/Lumen/LumenScreenProbeGather.usf" 2996
"../../../Engine/Shaders/Private/Lumen/LumenScreenProbeGatherTemporal.usf" 2997
"../../../Engine/Shaders/Private/Lumen/LumenScreenProbeFiltering.usf" 2998
"../../../Engine/Shaders/Private/Lumen/LumenSceneLighting.usf" 2999
"../../../Engine/Shaders/Private/Lumen/LumenCardTile.ush" 3000
"../../../Engine/Shaders/Private/Lumen/LumenSceneLighting.ush" 3001
"../../../Engine/Shaders/Private/Lumen/Radiosity/LumenRadiosity.ush" 3002
"../../../Engine/Shaders/Private/Lumen/LumenSceneLightingDebug.usf" 3003
"../../../Engine/Shaders/Private/Lumen/LumenScene.usf" 3004
"../../../Engine/Shaders/Private/Lumen/LumenSceneDirectLightingHardwareRayTracing.usf" 3005
"../../../Engine/Shaders/Private/Lumen/LumenSceneDirectLightingStochastic.ush" 3006
"../../../Engine/Shaders/Private/Lumen/LumenSceneDirectLighting.ush" 3007
"../../../Engine/Shaders/Private/Lumen/LumenSceneDebugHardwareRayTracing.usf" 3008
"../../../Engine/Shaders/Private/Lumen/LumenSceneDirectLightingStochastic.usf" 3009
"../../../Engine/Shaders/Private/Lumen/LumenSceneDirectLightingSoftwareRayTracing.usf" 3010
"../../../Engine/Shaders/Private/DistanceFieldShadowingShared.ush" 3011
"../../../Engine/Shaders/Private/Lumen/LumenSceneDirectLightingPerLightShadowCommon.ush" 3012
"../../../Engine/Shaders/Private/Lumen/LumenSceneDirectLightingShadowMask.usf" 3013
"../../../Engine/Shaders/Private/Lumen/LumenSceneDirectLighting.usf" 3014
"../../../Engine/Shaders/Private/Lumen/LumenSceneDirectLightingCulling.usf" 3015
"../../../Engine/Shaders/Private/Lumen/LumenCardComputeShader.usf" 3016
"../../../Engine/Shaders/Private/Lumen/LumenCardBasePass.ush" 3017
"../../../Engine/Shaders/Private/Lumen/LumenCardPixelShader.usf" 3018
"../../../Engine/Shaders/Private/Lumen/LumenCardVertexShader.usf" 3019
"../../../Engine/Shaders/Private/Lumen/LumenReSTIRGather.usf" 3020
"../../../Engine/Shaders/Private/Lumen/LumenReflectionTracing.usf" 3021
"../../../Engine/Shaders/Private/Lumen/LumenReflectionDenoiserSpatial.usf" 3022
"../../../Engine/Shaders/Private/Lumen/LumenReflectionDenoiserClear.usf" 3023
"../../../Engine/Shaders/Private/Lumen/LumenReflectionDenoiserTemporal.usf" 3024
"../../../Engine/Shaders/Private/Lumen/LumenReflectionResolve.usf" 3025
"../../../Engine/Shaders/Private/Lumen/LumenReflections.usf" 3026
"../../../Engine/Shaders/Private/Lumen/RayTracedTranslucency.usf" 3027
"../../../Engine/Shaders/Private/Lumen/LumenReflectionHardwareRayTracing.usf" 3028
"../../../Engine/Shaders/Private/Lumen/Radiosity/LumenVisualizeRadiosityProbes.usf" 3029
"../../../Engine/Shaders/Private/Lumen/Radiosity/LumenRadiosity.usf" 3030
"../../../Engine/Shaders/Private/Lumen/Radiosity/LumenRadiosityHardwareRayTracing.usf" 3031
"../../../Engine/Shaders/Private/Lumen/Radiosity/LumenRadiosityCulling.usf" 3032
"../../../Engine/Shaders/Private/Lumen/LumenRadianceCacheHardwareRayTracing.usf" 3033
"../../../Engine/Shaders/Private/Lumen/LumenRadianceCache.usf" 3034
"../../../Engine/Shaders/Private/Lumen/LumenRadianceCacheUpdate.ush" 3035
"../../../Engine/Shaders/Private/Lumen/LumenRadianceCacheDebug.usf" 3036
"../../../Engine/Shaders/Private/Lumen/LumenRadianceCacheUpdate.usf" 3037
"../../../Engine/Shaders/Private/Lumen/LumenMeshSDFCulling.usf" 3038
"../../../Engine/Shaders/Private/HybridIndirectLighting.ush" 3039
"../../../Engine/Shaders/Private/MeshDistanceFieldCommon.ush" 3040
"../../../Engine/Shaders/Private/Lumen/LumenIrradianceFieldGather.usf" 3041
"../../../Engine/Shaders/Private/Lumen/LumenHardwareRayTracingMaterials.usf" 3042
"../../../Engine/Shaders/Private/Lumen/LumenFrontLayerTranslucency.usf" 3043
"../../../Engine/Shaders/Private/LocalFogVolumes/LocalFogVolumeSplat.usf" 3044
"../../../Engine/Shaders/Private/LocalFogVolumes/LocalFogVolumeTiledCulling.usf" 3045
"../../../Engine/Shaders/Private/LightShaftShader.usf" 3046
"../../../Engine/Shaders/Private/StationaryLightOverlapShaders.usf" 3047
"../../../Engine/Shaders/Private/DeferredLightPixelShaders.usf" 3048
"../../../Engine/Shaders/Private/DeferredLightVertexShaders.usf" 3049
"../../../Engine/Shaders/Private/LightMapDensityShader.usf" 3050
"../../../Engine/Shaders/Private/LightGridInjection.usf" 3051
"../../../Engine/Shaders/Shared/LightGridDefinitions.h" 3052
"../../../Engine/Shaders/Private/LightFunctionPixelShader.usf" 3053
"../../../Engine/Shaders/Private/LightFunctionVertexShader.usf" 3054
"../../../Engine/Shaders/Private/LightFunctionAtlas/LightFunctionAtlasRender.usf" 3055
"../../../Engine/Shaders/Private/InstanceCulling/InstanceCullingOcclusionQuery.usf" 3056
"../../../Engine/Shaders/Private/InstanceCulling/InstanceCullingSetup.ush" 3057
"../../../Engine/Shaders/Private/InstanceCulling/BuildInstanceDrawCommands.usf" 3058
"../../../Engine/Shaders/Private/InstanceCulling/InstanceCompactionCommon.ush" 3059
"../../../Engine/Shaders/Private/SceneDataMobileWriter.ush" 3060
"../../../Engine/Shaders/Private/InstanceCulling/CompactVisibleInstances.usf" 3061
"../../../Engine/Shaders/Private/ReflectionEnvironmentPixelShader.usf" 3062
"../../../Engine/Shaders/Private/AmbientCubemapComposite.usf" 3063
"../../../Engine/Shaders/Private/DiffuseIndirectComposite.usf" 3064
"../../../Engine/Shaders/Private/IESAtlas.usf" 3065
"../../../Engine/Shaders/Private/HeterogeneousVolumes/HeterogeneousVolumesVisualizeCascades.usf" 3066
"../../../Engine/Shaders/Private/HeterogeneousVolumes/HeterogeneousVolumesVoxelGridShadows.usf" 3067
"../../../Engine/Shaders/Private/HeterogeneousVolumes/HeterogeneousVolumesStochasticFiltering.ush" 3068
"../../../Engine/Shaders/Private/HeterogeneousVolumes/HeterogeneousVolumesVoxelGridRenderingUtils.ush" 3069
"../../../Engine/Shaders/Private/HeterogeneousVolumes/HeterogeneousVolumesLightingUtils.ush" 3070
"../../../Engine/Shaders/Private/HeterogeneousVolumes/HeterogeneousVolumesRayMarchingUtils.ush" 3071
"../../../Engine/Shaders/Private/HeterogeneousVolumes/HeterogeneousVolumesRayMarchingTypes.ush" 3072
"../../../Engine/Shaders/Private/HeterogeneousVolumes/HeterogeneousVolumesTransmittanceVolumeUtils.ush" 3073
"../../../Engine/Shaders/Private/HeterogeneousVolumes/HeterogeneousVolumesAdaptiveVolumetricShadowMapSampler.ush" 3074
"../../../Engine/Shaders/Private/HeterogeneousVolumes/HeterogeneousVolumesVoxelGridRendering.usf" 3075
"../../../Engine/Shaders/Private/HeterogeneousVolumes/HeterogeneousVolumesVoxelGridPipeline.usf" 3076
"../../../Engine/Shaders/Private/HeterogeneousVolumes/HeterogeneousVolumesMaterialBakingPipeline.usf" 3077
"../../../Engine/Shaders/Private/HeterogeneousVolumes/HeterogeneousVolumesLiveShadingUtils.ush" 3078
"../../../Engine/Shaders/Private/HeterogeneousVolumes/HeterogeneousVolumesFrustumVoxelGrid.usf" 3079
"../../../Engine/Shaders/Private/HeterogeneousVolumes/HeterogeneousVolumesSparseVoxelPipeline.usf" 3080
"../../../Engine/Shaders/Private/HeterogeneousVolumes/HeterogeneousVolumesSparseVoxelUtils.ush" 3081
"../../../Engine/Shaders/Private/HeterogeneousVolumes/HeterogeneousVolumesSparseVoxelUniformBufferUtils.ush" 3082
"../../../Engine/Shaders/Private/HeterogeneousVolumes/HeterogeneousVolumesPreshadingPipeline.usf" 3083
"../../../Engine/Shaders/Private/HeterogeneousVolumes/HeterogeneousVolumesShadowMask.usf" 3084
"../../../Engine/Shaders/Private/HeterogeneousVolumes/HeterogeneousVolumesLiveShadingShadows.usf" 3085
"../../../Engine/Shaders/Private/HeterogeneousVolumes/HeterogeneousVolumesLiveShadingGlobalPipeline.usf" 3086
"../../../Engine/Shaders/Private/HeterogeneousVolumes/HeterogeneousVolumesLiveShadingPipeline.usf" 3087
"../../../Engine/Shaders/Private/HeterogeneousVolumes/HeterogeneousVolumesHardwareRayTracing.usf" 3088
"../../../Engine/Shaders/Private/HeterogeneousVolumes/HeterogeneousVolumesAmbientOcclusionPipeline.usf" 3089
"../../../Engine/Shaders/Private/HeterogeneousVolumes/HeterogeneousVolumesComposite.usf" 3090
"../../../Engine/Shaders/Private/HdrCustomResolveShaders.usf" 3091
"../../../Engine/Shaders/Private/HairStrands/RenderCurveRaster.usf" 3092
"../../../Engine/Shaders/Shared/RenderCurveDefinitions.h" 3093
"../../../Engine/Shaders/Private/HairStrands/HairStrandsVoxelRasterCompute.usf" 3094
"../../../Engine/Shaders/Private/HairStrands/HairStrandsHitProxy.usf" 3095
"../../../Engine/Shaders/Private/HairStrands/HairStrandsVisibilityRasterComputeNaive.usf" 3096
"../../../Engine/Shaders/Private/HairStrands/HairStrandsVisibilityRasterHW.usf" 3097
"../../../Engine/Shaders/Private/HairStrands/HairStrandsVisibilityRasterCompute.usf" 3098
"../../../Engine/Shaders/Private/HairStrands/HairStrandsVisibilityRasterClassification.usf" 3099
"../../../Engine/Shaders/Private/HairStrands/HairStrandsCoverage.usf" 3100
"../../../Engine/Shaders/Private/HairStrands/HairStrandsVisibilityDepthPS.usf" 3101
"../../../Engine/Shaders/Private/HairStrands/HairStrandsVisibilityTransmittanceDepthPS.usf" 3102
"../../../Engine/Shaders/Private/HairStrands/HairStrandsVisibilityFillOpaqueDepthPS.usf" 3103
"../../../Engine/Shaders/Private/HairStrands/HairStrandsVisibilityCompactionComputeRaster.usf" 3104
"../../../Engine/Shaders/Private/HairStrands/HairStrandsVisibilityCompaction.usf" 3105
"../../../Engine/Shaders/Private/HairStrands/HairStrandsVisibilityCopyIndirectArg.usf" 3106
"../../../Engine/Shaders/Private/HairStrands/HairStrandsVisibilityClearPS.usf" 3107
"../../../Engine/Shaders/Private/HairStrands/HairStrandsVisibilityPS.usf" 3108
"../../../Engine/Shaders/Private/HairStrands/HairStrandsVisibilityVS.usf" 3109
"../../../Engine/Shaders/Private/HairStrands/HairStrandsVelocity.usf" 3110
"../../../Engine/Shaders/Private/HairStrands/HairStrandsVisibilityComputeSampleCoverage.usf" 3111
"../../../Engine/Shaders/Private/HairStrands/HairStrandsMaterialPS.usf" 3112
"../../../Engine/Shaders/Private/HairStrands/HairStrandsMaterialCommon.ush" 3113
"../../../Engine/Shaders/Private/HairStrands/HairStrandsMaterialVS.usf" 3114
"../../../Engine/Shaders/Private/HairStrands/HairStrandsLightSample.usf" 3115
"../../../Engine/Shaders/Private/HairStrands/HairStrandsDeepShadowMask.usf" 3116
"../../../Engine/Shaders/Private/HairStrands/HairStrandsDeepTransmittanceMask.usf" 3117
"../../../Engine/Shaders/Private/HairStrands/HairStrandsVisibilityTile.usf" 3118
"../../../Engine/Shaders/Private/HairStrands/HairStrandsDeepShadowPS.usf" 3119
"../../../Engine/Shaders/Private/HairStrands/HairStrandsDeepShadowVS.usf" 3120
"../../../Engine/Shaders/Private/HairStrands/HairStrandsAABB.usf" 3121
"../../../Engine/Shaders/Private/HairStrands/HairStrandsLUT.usf" 3122
"../../../Engine/Shaders/Private/HairStrands/HairStrandsForwardRaster.usf" 3123
"../../../Engine/Shaders/Private/HairStrands/HairStrandsForwardCulling.usf" 3124
"../../../Engine/Shaders/Private/HairStrands/HairStrandsEnvironmentLighting.usf" 3125
"../../../Engine/Shaders/Private/HairStrands/HairStrandsEnvironmentAO.usf" 3126
"../../../Engine/Shaders/Private/HairStrands/HairStrandsDeepShadowAllocation.usf" 3127
"../../../Engine/Shaders/Private/HairStrands/HairStrandsVoxelDebug.usf" 3128
"../../../Engine/Shaders/Private/HairStrands/HairStrandsComposition.usf" 3129
"../../../Engine/Shaders/Private/HairStrands/HairStrandsGBufferCommon.ush" 3130
"../../../Engine/Shaders/Private/GPUScene/GPUSceneDataManagement.usf" 3131
"../../../Engine/Shaders/Private/GPUSceneDebugRender.usf" 3132
"../../../Engine/Shaders/Private/GPUFeedbackCompaction.usf" 3133
"../../../Engine/Shaders/Private/GPUFastFourierTransform.usf" 3134
"../../../Engine/Shaders/Private/GPUFastFourierTransform2DCore.ush" 3135
"../../../Engine/Shaders/Private/GPUFastFourierTransformCore.ush" 3136
"../../../Engine/Shaders/Private/GPUBenchmark.usf" 3137
"../../../Engine/Shaders/Private/DistanceField/GlobalDistanceFieldDebug.usf" 3138
"../../../Engine/Shaders/Private/DistanceField/GlobalDistanceFieldUpdate.ush" 3139
"../../../Engine/Shaders/Private/DistanceField/GlobalDistanceFieldMip.usf" 3140
"../../../Engine/Shaders/Private/DistanceField/GlobalDistanceField.usf" 3141
"../../../Engine/Shaders/Private/DistanceField/GlobalDistanceFieldCompositeObjects.usf" 3142
"../../../Engine/Shaders/Private/DistanceField/GlobalDistanceFieldHeightfields.usf" 3143
"../../../Engine/Shaders/Private/HeightfieldLightingShared.ush" 3144
"../../../Engine/Shaders/Private/GenerateConservativeDepth.usf" 3145
"../../../Engine/Shaders/Private/HeightFogPixelShader.usf" 3146
"../../../Engine/Shaders/Private/HeightFogVertexShader.usf" 3147
"../../../Engine/Shaders/Private/DistortFiltering.usf" 3148
"../../../Engine/Shaders/Private/DistortAccumulatePS.usf" 3149
"../../../Engine/Shaders/Private/DistortAccumulateVS.usf" 3150
"../../../Engine/Shaders/Private/DistanceFieldVisualization.usf" 3151
"../../../Engine/Shaders/Private/DistanceFieldStreaming.usf" 3152
"../../../Engine/Shaders/Private/DistanceFieldShadowing.usf" 3153
"../../../Engine/Shaders/Private/DistanceFieldScreenGridLighting.usf" 3154
"../../../Engine/Shaders/Private/DistanceFieldObjectCulling.usf" 3155
"../../../Engine/Shaders/Private/DistanceFieldLightingPost.usf" 3156
"../../../Engine/Shaders/Private/DitheredTransitionStencil.usf" 3157
"../../../Engine/Shaders/Private/CopyDepthTexture.usf" 3158
"../../../Engine/Shaders/Private/CopyDepthTextureCS.usf" 3159
"../../../Engine/Shaders/Private/DeferredDecal.usf" 3160
"../../../Engine/Shaders/Private/DecalCommon.ush" 3161
"../../../Engine/Shaders/Private/DebugViewModeVertexShader.usf" 3162
"../../../Engine/Shaders/Private/DebugViewModeCommon.ush" 3163
"../../../Engine/Shaders/Private/DebugViewModePixelShader.usf" 3164
"../../../Engine/Shaders/Private/DebugProbes.usf" 3165
"../../../Engine/Shaders/Private/MeshDecals.usf" 3166
"../../../Engine/Shaders/Private/PostProcessAmbientOcclusion.usf" 3167
"../../../Engine/Shaders/Private/ClusteredDeferredShadingPixelShader.usf" 3168
"../../../Engine/Shaders/Private/ClusteredDeferredShadingVertexShader.usf" 3169
"../../../Engine/Shaders/Private/CapsuleShadowShaders.usf" 3170
"../../../Engine/Shaders/Private/BasePassPixelShader.usf" 3171
"../../../Engine/Shaders/Private/ForwardLightingCommon.ush" 3172
"../../../Engine/Shaders/Private/Substrate/SubstrateForwardLighting.ush" 3173
"../../../Engine/Shaders/Private/ComputeShaderOutputCommon.ush" 3174
"../../../Engine/Shaders/Private/BasePassVertexShader.usf" 3175
"../../../Engine/Shaders/Private/BasePassVertexCommon.ush" 3176
"../../../Engine/Shaders/Private/SimpleElementVolumeTexturePreviewPixelShader.usf" 3177
"../../../Engine/Shaders/Private/SimpleElementTexture2DPreviewPixelShader.usf" 3178
"../../../Engine/Shaders/Private/meshpaintdilatepixelshader.usf" 3179
"../../../Engine/Shaders/Private/meshpaintdilatevertexshader.usf" 3180
"../../../Engine/Shaders/Private/MeshPaintPixelShader.usf" 3181
"../../../Engine/Shaders/Private/MeshPaintVertexShader.usf" 3182
"../../../Engine/Shaders/Private/SlateElementPixelShader.usf" 3183
"../../../Engine/Shaders/Private/SlateShaderCommon.ush" 3184
"../../../Engine/Shaders/Private/SlateMaskingShader.usf" 3185
"../../../Engine/Shaders/Private/SlateVertexShader.usf" 3186
"../../../Engine/Shaders/Private/CompositeUIPixelShader.usf" 3187
"../../../Engine/Shaders/Private/ColorDeficiency.ush" 3188
"../../../Engine/Shaders/Private/SlatePostProcessColorDeficiencyPixelShader.usf" 3189
"../../../Engine/Shaders/Private/SlatePostProcessPixelShader.usf" 3190
"../../../Engine/Shaders/Private/Tools/VisualizeTexture.usf" 3191
"../../../Engine/Shaders/Private/UpdateDescriptorHandle.usf" 3192
"../../../Engine/Shaders/Private/ByteBuffer.usf" 3193
"../../../Engine/Shaders/Private/ShaderBundleWorkGraphDispatch.usf" 3194
"../../../Engine/Shaders/Private/ShaderBundleDispatch.usf" 3195
"../../../Engine/Shaders/Private/ResolveVertexShader.usf" 3196
"../../../Engine/Shaders/Private/ResolvePixelShader.usf" 3197
"../../../Engine/Shaders/Private/Tools/SetupIndirectArgs.usf" 3198
"../../../Engine/Shaders/Private/ClearReplacementShaders.usf" 3199
"../../../Engine/Shaders/Private/Tools/DrawTexture.usf" 3200
"../../../Engine/Shaders/Private/RayTracing/RayTracingValidation.usf" 3201
"../../../Engine/Shaders/Private/RenderGraphUtilities.usf" 3202
"../../../Engine/Shaders/Private/OneColorShader.usf" 3203
"../../../Engine/Shaders/Private/OculusShaders.usf" 3204
"../../../Engine/Shaders/Private/MediaShaders.usf" 3205
"../../../Engine/Shaders/Private/GPUMessaging.usf" 3206
"../../../Engine/Shaders/Private/Tools/GPUDebugCrashUtils.usf" 3207
"../../../Engine/Shaders/Private/NullPixelShader.usf" 3208
"../../../Engine/Shaders/Private/ComputeGenerateMips.usf" 3209
"../../../Engine/Shaders/Private/Tools/DumpTexture.usf" 3210
"../../../Engine/Shaders/Private/CopyTextureShaders.usf" 3211
"../../../Engine/Shaders/Private/Tools/FullscreenVertexShader.usf" 3212
"../../../Engine/Shaders/Private/RayTracing/RayTracingDispatchDesc.usf" 3213
"../../../Engine/Shaders/Private/Bink.usf" 3214
"../../../Engine/Shaders/Private/DepthOnlyPixelShader.usf" 3215
"../../../Engine/Shaders/Private/PositionOnlyDepthVertexShader.usf" 3216
"../../../Engine/Shaders/Private/DepthOnlyVertexShader.usf" 3217
"../../../Engine/Shaders/Private/AnisotropyPassShader.usf" 3218
"C:/Users/PC/Documents/GitHub/KeepPushing/Content/Menus/MainMenu/UIs/LeaderBoard.uasset" 3219
"C:/Users/PC/Documents/GitHub/KeepPushing/Content/Menus/MainMenu/UIs/MainMenu.uasset" 3220
"/Engine/EngineResources/WhiteSquareTexture" 3221
"../../../Engine/Content/EngineResources/WhiteSquareTexture.uasset" 3222
"/Engine/EngineResources/GradientTexture0" 3223
"../../../Engine/Content/EngineResources/GradientTexture0.uasset" 3224
"/Engine/EngineResources/Black" 3225
"../../../Engine/Content/EngineResources/Black.uasset" 3226
"/Engine/EditorResources/S_Actor" 3227
"../../../Engine/Content/EditorResources/S_Actor.uasset" 3228
"/Engine/EngineFonts/RobotoDistanceField" 3229
"../../../Engine/Content/EngineFonts/RobotoDistanceField.uasset" 3230
"/Engine/EngineMaterials/DefaultTextMaterialOpaque" 3231
"../../../Engine/Content/EngineMaterials/DefaultTextMaterialOpaque.uasset" 3232
"/Engine/Functions/Engine_MaterialFunctions01/Shading/PowerToRoughness" 3233
"../../../Engine/Content/Functions/Engine_MaterialFunctions01/Shading/PowerToRoughness.uasset" 3234
"/Engine/Functions/Engine_MaterialFunctions01/Shading/ConvertFromDiffSpec" 3235
"../../../Engine/Content/Functions/Engine_MaterialFunctions01/Shading/ConvertFromDiffSpec.uasset" 3236
"/Engine/EngineMaterials/WorldGridMaterial" 3237
"../../../Engine/Content/EngineMaterials/WorldGridMaterial.uasset" 3238
"../../../Engine/Content/Functions/Engine_MaterialFunctions01/Opacity/CameraDepthFade.uasset" 3239
"../../../Engine/Content/EngineMaterials/T_Default_Material_Grid_M.uasset" 3240
"../../../Engine/Content/EngineMaterials/T_Default_Material_Grid_N.uasset" 3241
"/Engine/EngineMaterials/DefaultDeferredDecalMaterial" 3242
"../../../Engine/Content/EngineMaterials/DefaultDeferredDecalMaterial.uasset" 3243
"../../../Engine/Content/EngineMaterials/DefaultDiffuse.uasset" 3244
"/Engine/EngineMaterials/DefaultLightFunctionMaterial" 3245
"../../../Engine/Content/EngineMaterials/DefaultLightFunctionMaterial.uasset" 3246
"/Engine/EngineMaterials/DefaultPostProcessMaterial" 3247
"../../../Engine/Content/EngineMaterials/DefaultPostProcessMaterial.uasset" 3248
"../../../Engine/Content/Functions/Engine_MaterialFunctions02/Utility/BreakOutFloat2Components.uasset" 3249
"/Engine/EditorResources/S_Trigger" 3250
"../../../Engine/Content/EditorResources/S_Trigger.uasset" 3251
"/Engine/EditorResources/S_BoxReflectionCapture" 3252
"../../../Engine/Content/EditorResources/S_BoxReflectionCapture.uasset" 3253
"/Engine/EngineResources/DefaultTexture" 3254
"../../../Engine/Content/EngineResources/DefaultTexture.uasset" 3255
"/Engine/EditorResources/S_TriggerBox" 3256
"../../../Engine/Content/EditorResources/S_TriggerBox.uasset" 3257
"/Engine/EditorResources/S_TriggerCapsule" 3258
"../../../Engine/Content/EditorResources/S_TriggerCapsule.uasset" 3259
"/Engine/EditorResources/S_TriggerSphere" 3260
"../../../Engine/Content/EditorResources/S_TriggerSphere.uasset" 3261
"/Engine/EngineMeshes/Sphere" 3262
"../../../Engine/Content/EngineMeshes/Sphere.uasset" 3263
"/Engine/EngineDamageTypes/DmgTypeBP_Environmental" 3264
"../../../Engine/Content/EngineDamageTypes/DmgTypeBP_Environmental.uasset" 3265
"/Engine/EngineResources/DefaultTextureCube" 3266
"../../../Engine/Content/EngineResources/DefaultTextureCube.uasset" 3267
"/Engine/EngineResources/DefaultVolumeTexture" 3268
"../../../Engine/Content/EngineResources/DefaultVolumeTexture.uasset" 3269
"../../../Engine/Content/EngineResources/DefaultVolumeTexture2D.uasset" 3270
"../../../../../GitHub/KeepPushing/Content/Localization/Game/Game.csv" 3271
"/Engine/EditorResources/S_Solver" 3272
"../../../Engine/Content/EditorResources/S_Solver.uasset" 3273
"/Engine/EngineDebugMaterials/VolumeToRender" 3274
"../../../Engine/Content/EngineDebugMaterials/VolumeToRender.uasset" 3275
"/Engine/EngineDebugMaterials/M_VolumeRenderSphereTracePP" 3276
"../../../Engine/Content/EngineDebugMaterials/M_VolumeRenderSphereTracePP.uasset" 3277
"../../../Engine/Content/Functions/Engine_MaterialFunctions02/Utility/CameraDirectionVector.uasset" 3278
"/Engine/EditorMeshes/Camera/SM_CraneRig_Base" 3279
"../../../Engine/Content/EditorMeshes/Camera/SM_CraneRig_Base.uasset" 3280
"../../../Engine/Content/EditorMaterials/Camera/MI_CineMat_Rig.uasset" 3281
"../../../Engine/Content/EditorMaterials/Camera/CineMat.uasset" 3282
"/Engine/EditorMeshes/Camera/SM_CraneRig_Arm" 3283
"../../../Engine/Content/EditorMeshes/Camera/SM_CraneRig_Arm.uasset" 3284
"/Engine/EditorMeshes/Camera/SM_CraneRig_Mount" 3285
"../../../Engine/Content/EditorMeshes/Camera/SM_CraneRig_Mount.uasset" 3286
"/Engine/EditorMeshes/Camera/SM_CraneRig_Body" 3287
"../../../Engine/Content/EditorMeshes/Camera/SM_CraneRig_Body.uasset" 3288
"/Engine/EditorMeshes/Camera/SM_RailRig_Track" 3289
"../../../Engine/Content/EditorMeshes/Camera/SM_RailRig_Track.uasset" 3290
"/Engine/EditorMeshes/Camera/SM_RailRig_Mount" 3291
"../../../Engine/Content/EditorMeshes/Camera/SM_RailRig_Mount.uasset" 3292
"/Engine/EditorLandscapeResources/SplineEditorMesh" 3293
"../../../Engine/Content/EditorLandscapeResources/SplineEditorMesh.uasset" 3294
"../../../Engine/Content/EditorLandscapeResources/SplineEditorMeshMat.uasset" 3295
"/HairStrands/Materials/HairDebugMaterial" 3296
"../../Plugins/Runtime/HairStrands/Content/Materials/HairDebugMaterial.uasset" 3297
"../../../Engine/Content/Functions/Engine_MaterialFunctions02/Utility/MakeFloat2.uasset" 3298
"../../../Engine/Content/Functions/Engine_MaterialFunctions02/Utility/MakeFloat3.uasset" 3299
"../../../Engine/Content/EngineMaterials/HairColorMap.uasset" 3300
"../../../Engine/Content/EngineMaterials/HairDebugColor.uasset" 3301
"../../Plugins/Runtime/HairStrands/Content/Materials/HairGroupColors.uasset" 3302
"/HairStrands/Materials/HairDefaultMaterial" 3303
"../../Plugins/Runtime/HairStrands/Content/Materials/HairDefaultMaterial.uasset" 3304
"/HairStrands/Materials/HairCardsDefaultMaterial" 3305
"../../Plugins/Runtime/HairStrands/Content/Materials/HairCardsDefaultMaterial.uasset" 3306
"/HairStrands/Materials/HairMeshesDefaultMaterial" 3307
"../../Plugins/Runtime/HairStrands/Content/Materials/HairMeshesDefaultMaterial.uasset" 3308
"/Engine/EngineMaterials/Widget3DPassThrough_Translucent" 3309
"../../../Engine/Content/EngineMaterials/Widget3DPassThrough_Translucent.uasset" 3310
"../../../Engine/Content/EngineMaterials/Widget3DPassThrough.uasset" 3311
"/Engine/EngineMaterials/Widget3DPassThrough_Translucent_OneSided" 3312
"../../../Engine/Content/EngineMaterials/Widget3DPassThrough_Translucent_OneSided.uasset" 3313
"/Engine/EngineMaterials/Widget3DPassThrough_Opaque" 3314
"../../../Engine/Content/EngineMaterials/Widget3DPassThrough_Opaque.uasset" 3315
"/Engine/EngineMaterials/Widget3DPassThrough_Opaque_OneSided" 3316
"../../../Engine/Content/EngineMaterials/Widget3DPassThrough_Opaque_OneSided.uasset" 3317
"/Engine/EngineMaterials/Widget3DPassThrough_Masked" 3318
"../../../Engine/Content/EngineMaterials/Widget3DPassThrough_Masked.uasset" 3319
"/Engine/EngineMaterials/Widget3DPassThrough_Masked_OneSided" 3320
"../../../Engine/Content/EngineMaterials/Widget3DPassThrough_Masked_OneSided.uasset" 3321
"/Engine/VREditor/ViewportInteractionAssetContainerData" 3322
"../../../Engine/Content/VREditor/ViewportInteractionAssetContainerData.uasset" 3323
"../../../Engine/Content/VREditor/SnapGrid/SnapGridMaterial.uasset" 3324
"../../../Engine/Content/VREditor/TransformGizmo/TransformGizmoMaterial_Inst.uasset" 3325
"../../../Engine/Content/VREditor/TransformGizmo/TranslucentTransformGizmoMaterial_Inst.uasset" 3326
"../../../Engine/Content/VREditor/SnapGrid/SnapGridPlaneMesh.uasset" 3327
"../../../Engine/Content/VREditor/Sounds/UI/Drop_Item_From_ContentBrowser.uasset" 3328
"../../../Engine/Content/VREditor/Sounds/UI/Gizmo_Handle_Clicked.uasset" 3329
"../../../Engine/Content/VREditor/Sounds/UI/Object_PickUp.uasset" 3330
"../../../Engine/Content/VREditor/Sounds/UI/Object_Snaps_To_Another_Actor.uasset" 3331
"../../../Engine/Content/VREditor/Sounds/UI/Object_Snaps_To_Grid.uasset" 3332
"../../../Engine/Content/VREditor/Sounds/UI/Scaling_Down.uasset" 3333
"../../../Engine/Content/VREditor/Sounds/UI/Scaling_Up.uasset" 3334
"../../../Engine/Content/VREditor/Sounds/UI/Selection_Changes.uasset" 3335
"../../../Engine/Content/VREditor/TransformGizmo/PlaneTranslationHandle.uasset" 3336
"../../../Engine/Content/VREditor/TransformGizmo/RotationHandleFull.uasset" 3337
"../../../Engine/Content/VREditor/TransformGizmo/RotationHandleIndicator.uasset" 3338
"../../../Engine/Content/VREditor/TransformGizmo/RotationHandleQuarter.uasset" 3339
"../../../Engine/Content/VREditor/TransformGizmo/StartRotationHandleIndicator.uasset" 3340
"../../../Engine/Content/VREditor/TransformGizmo/TransformGizmoFreeRotation.uasset" 3341
"../../../Engine/Content/VREditor/TransformGizmo/TranslateArrowHandle.uasset" 3342
"../../../Engine/Content/VREditor/TransformGizmo/UniformScaleHandle.uasset" 3343
"../../../Engine/Content/Functions/Engine_MaterialFunctions02/Math/Transform3x3Matrix.uasset" 3344
"../../../Engine/Content/Functions/Engine_MaterialFunctions02/SplitComponents.uasset" 3345
"../../../Engine/Content/VREditor/TransformGizmo/TransformGizmoMaterial.uasset" 3346
"../../../Engine/Content/VREditor/TransformGizmo/TranslucentTransformGizmoMaterial.uasset" 3347
"../../../Engine/Content/Functions/Engine_MaterialFunctions02/Utility/BreakOutFloat3Components.uasset" 3348
"../../../Engine/Content/VREditor/LaserPointer/VR_LaserPower_01.uasset" 3349
"/Engine/VREditor/TransformGizmo/BoundingBoxCorner" 3350
"../../../Engine/Content/VREditor/TransformGizmo/BoundingBoxCorner.uasset" 3351
"/Engine/VREditor/TransformGizmo/BoundingBoxEdge" 3352
"../../../Engine/Content/VREditor/TransformGizmo/BoundingBoxEdge.uasset" 3353
"/Engine/ArtTools/RenderToTexture/Meshes/S_1_Unit_Plane" 3354
"../../../Engine/Content/ArtTools/RenderToTexture/Meshes/S_1_Unit_Plane.uasset" 3355
"/Engine/EngineDebugMaterials/M_SimpleUnlitTranslucent" 3356
"../../../Engine/Content/EngineDebugMaterials/M_SimpleUnlitTranslucent.uasset" 3357
"/Engine/EngineFonts/Roboto" 3358
"../../../Engine/Content/EngineFonts/Roboto.uasset" 3359
"../../../Engine/Content/EngineFonts/Faces/DroidSansFallback.uasset" 3360
"../../../Engine/Content/EngineFonts/Faces/RobotoBold.uasset" 3361
"../../../Engine/Content/EngineFonts/Faces/RobotoBoldItalic.uasset" 3362
"../../../Engine/Content/EngineFonts/Faces/RobotoItalic.uasset" 3363
"../../../Engine/Content/EngineFonts/Faces/RobotoLight.uasset" 3364
"../../../Engine/Content/EngineFonts/Faces/RobotoRegular.uasset" 3365
"/Engine/EditorMaterials/ParticleSystems/PSysThumbnail_NoImage" 3366
"../../../Engine/Content/EditorMaterials/ParticleSystems/PSysThumbnail_NoImage.uasset" 3367
"/Engine/EditorMaterials/ParticleSystems/PSysThumbnail_OOD" 3368
"../../../Engine/Content/EditorMaterials/ParticleSystems/PSysThumbnail_OOD.uasset" 3369
"/Engine/EngineResources/LandscapeVisibilityLayerInfo" 3370
"../../../Engine/Content/EngineResources/LandscapeVisibilityLayerInfo.uasset" 3371
"../../../../../GitHub/KeepPushing/Intermediate/ShaderAutogen/PCD3D_SM5/AutogenShaderHeaders.ush" 3372
"../../../Engine/Content/Internationalization/icudt64l/coll/en.res" 3373
"/ACLPlugin/ACLAnimBoneCompressionSettings" 3374
"../../Plugins/Animation/ACLPlugin/Content/ACLAnimBoneCompressionSettings.uasset" 3375
"/Engine/Animation/DefaultRecorderBoneCompression" 3376
"../../../Engine/Content/Animation/DefaultRecorderBoneCompression.uasset" 3377
"/ACLPlugin/ACLAnimCurveCompressionSettings" 3378
"../../Plugins/Animation/ACLPlugin/Content/ACLAnimCurveCompressionSettings.uasset" 3379
"/Engine/Animation/DefaultVariableFrameStrippingSettings" 3380
"../../../Engine/Content/Animation/DefaultVariableFrameStrippingSettings.uasset" 3381
"/ControlRig/Controls/ControlRigXRayMaterial" 3382
"../../Plugins/Animation/ControlRig/Content/Controls/ControlRigXRayMaterial.uasset" 3383
"/ControlRig/Controls/DefaultGizmoLibraryNormalized" 3384
"../../Plugins/Animation/ControlRig/Content/Controls/DefaultGizmoLibraryNormalized.uasset" 3385
"/ControlRig/M_Manip" 3386
"../../Plugins/Animation/ControlRig/Content/M_Manip.uasset" 3387
"../../../Engine/Content/Functions/Engine_MaterialFunctions02/WorldPositionOffset/CameraOffset.uasset" 3388
"/Paper2D/MaskedUnlitSpriteMaterial" 3389
"../../Plugins/2D/Paper2D/Content/MaskedUnlitSpriteMaterial.uasset" 3390
"../../Plugins/2D/Paper2D/Content/DefaultSpriteMaterial.uasset" 3391
"../../Plugins/2D/Paper2D/Content/PlaceholderTextures/DummySpriteTexture.uasset" 3392
"/Paper2D/OpaqueUnlitSpriteMaterial" 3393
"../../Plugins/2D/Paper2D/Content/OpaqueUnlitSpriteMaterial.uasset" 3394
"/Paper2D/DefaultPaperTerrainMaterial" 3395
"../../Plugins/2D/Paper2D/Content/DefaultPaperTerrainMaterial.uasset" 3396
"../../Plugins/2D/Paper2D/Content/DummySprite.uasset" 3397
"/Engine/EngineMeshes/Cylinder" 3398
"../../../Engine/Content/EngineMeshes/Cylinder.uasset" 3399
"../../../Engine/Content/EngineMaterials/DefaultMaterial.uasset" 3400
"/AudioWidgets/Resources/ScrubHandleDown_Clamped" 3401
"../../Plugins/Runtime/AudioWidgets/Content/Resources/ScrubHandleDown_Clamped.uasset" 3402
"/Game/Audio/SoundLibrary" 3403
"../../../../../GitHub/KeepPushing/Content/Audio/SoundLibrary.uasset" 3404
"../../../../../GitHub/KeepPushing/Content/Audio/Music/Level_-_Neon_Velocity.uasset" 3405
"../../../../../GitHub/KeepPushing/Content/Audio/Music/Menu_-_Neon_Velocity.uasset" 3406
"../../../../../GitHub/KeepPushing/Content/Audio/SoundEffects/Car_Dash.uasset" 3407
"../../../../../GitHub/KeepPushing/Content/Audio/SoundEffects/Car_Die.uasset" 3408
"../../../../../GitHub/KeepPushing/Content/Audio/SoundEffects/Car_Jump.uasset" 3409
"../../../../../GitHub/KeepPushing/Content/Audio/SoundEffects/Spike_Activate.uasset" 3410
"../../../../../GitHub/KeepPushing/Content/Audio/Test_Explosion.uasset" 3411
"../../../../../GitHub/KeepPushing/Content/Audio/Test_Win.uasset" 3412
"../../../../../GitHub/KeepPushing/Content/Audio/Master_SoundClass.uasset" 3413
"../../../../../GitHub/KeepPushing/Content/Audio/Attenuation.uasset" 3414
"../../../Engine/Config/BaseUnrealInsightsSettings.ini" 3415
"/SpeedTreeImporter/SpeedTree9/SpeedTreeMaster" 3416
"../../Plugins/Editor/SpeedTreeImporter/Content/SpeedTree9/SpeedTreeMaster.uasset" 3417
"../../../Engine/Content/Functions/Engine_MaterialFunctions02/ObjectLocalBounds.uasset" 3418
"../../../Engine/Content/Functions/Engine_MaterialFunctions02/SafeNormalize.uasset" 3419
"../../../Engine/Content/Functions/Engine_MaterialFunctions02/Utility/VectorLength.uasset" 3420
"../../../Engine/Content/Functions/Engine_MaterialFunctions02/UVs/BoundingBoxBased_0-1_UVW.uasset" 3421
"../../../Engine/Content/Functions/Engine_MaterialFunctions02/WorldPositionOffset/ObjectScale.uasset" 3422
"../../Plugins/Editor/SpeedTreeImporter/Content/SpeedTree9/SpeedTreeBranchMotion.uasset" 3423
"../../Plugins/Editor/SpeedTreeImporter/Content/SpeedTree9/SpeedTreeCameraFacing.uasset" 3424
"../../Plugins/Editor/SpeedTreeImporter/Content/SpeedTree9/SpeedTreeWind.uasset" 3425
"../../Plugins/Editor/SpeedTreeImporter/Content/SpeedTree9/SpeedTreeWindMotion.uasset" 3426
"../../Plugins/Editor/SpeedTreeImporter/Content/SpeedTree9/UnpackDirection.uasset" 3427
"../../Plugins/Editor/SpeedTreeImporter/Content/SpeedTree9/UnpackInteger3.uasset" 3428
"../../Plugins/Editor/SpeedTreeImporter/Content/SpeedTree9/Empty.uasset" 3429
"../../Plugins/Editor/SpeedTreeImporter/Content/SpeedTree9/EmptyNormal.uasset" 3430
"../../Plugins/Editor/SpeedTreeImporter/Content/SpeedTree9/game_wind_noise.uasset" 3431
"/SpeedTreeImporter/SpeedTree9/SpeedTreeBillboardMaster" 3432
"../../Plugins/Editor/SpeedTreeImporter/Content/SpeedTree9/SpeedTreeBillboardMaster.uasset" 3433
"../../Plugins/Editor/SpeedTreeImporter/Content/SpeedTree9/SpeedTreeBillboard.uasset" 3434
"../../../Engine/Intermediate/ProjectFiles/PrimaryProjectPath.txt" 3435
"/MediaPlate/SM_MediaPlateScreen" 3436
"../../Plugins/Media/MediaPlate/Content/SM_MediaPlateScreen.uasset" 3437
"/Engine/BasicShapes/BasicShapeMaterial" 3438
"../../../Engine/Content/BasicShapes/BasicShapeMaterial.uasset" 3439
"/Engine/EditorMaterials/Dataflow/DataflowVertexMaterial" 3440
"../../../Engine/Content/EditorMaterials/Dataflow/DataflowVertexMaterial.uasset" 3441
"/Engine/EditorMaterials/Dataflow/DataflowTwoSidedVertexMaterial" 3442
"../../../Engine/Content/EditorMaterials/Dataflow/DataflowTwoSidedVertexMaterial.uasset" 3443
"/MeshModelingToolsetExp/Materials/PointSetOverlaidComponentMaterial" 3444
"../../Plugins/Experimental/MeshModelingToolsetExp/Content/Materials/PointSetOverlaidComponentMaterial.uasset" 3445
"../../../Engine/Content/Functions/Engine_MaterialFunctions02/Utility/FOV.uasset" 3446
"../../../Engine/Content/Functions/Engine_MaterialFunctions02/WorldPositionOffset/V2/ObjectScale.uasset" 3447
"../../../Engine/Content/Functions/Engine_MaterialFunctions03/Viewport/MF_OrthoWidth.uasset" 3448
"../../Plugins/Experimental/MeshModelingToolsetExp/Content/Materials/GetDisplacementVectorForDepthBias.uasset" 3449
"/Engine/EditorLandscapeResources/LayerVisMaterial" 3450
"../../../Engine/Content/EditorLandscapeResources/LayerVisMaterial.uasset" 3451
"../../../Engine/Content/EditorLandscapeResources/WhiteSquareTexture.uasset" 3452
"/Engine/EditorLandscapeResources/SelectBrushMaterial_Selected" 3453
"../../../Engine/Content/EditorLandscapeResources/SelectBrushMaterial_Selected.uasset" 3454
"../../../Engine/Content/EditorLandscapeResources/SelectBrushMaterial.uasset" 3455
"../../../Engine/Content/Functions/Engine_MaterialFunctions03/Math/WithinRangeFloat2.uasset" 3456
"../../../Engine/Content/EditorLandscapeResources/DefaultAlphaTexture.uasset" 3457
"/Engine/EditorLandscapeResources/SelectBrushMaterial_SelectedRegion" 3458
"../../../Engine/Content/EditorLandscapeResources/SelectBrushMaterial_SelectedRegion.uasset" 3459
"/Engine/EditorLandscapeResources/MaskBrushMaterial_MaskedRegion" 3460
"../../../Engine/Content/EditorLandscapeResources/MaskBrushMaterial_MaskedRegion.uasset" 3461
"../../../Engine/Content/EditorLandscapeResources/MaskBrushMaterial.uasset" 3462
"/Engine/EditorLandscapeResources/ColorMaskBrushMaterial_MaskedRegion" 3463
"../../../Engine/Content/EditorLandscapeResources/ColorMaskBrushMaterial_MaskedRegion.uasset" 3464
"../../../Engine/Content/EditorLandscapeResources/ColorMaskBrushMaterial.uasset" 3465
"/Engine/EditorLandscapeResources/LandscapeDirtyMaterial" 3466
"../../../Engine/Content/EditorLandscapeResources/LandscapeDirtyMaterial.uasset" 3467
"/Engine/EditorLandscapeResources/LandscapeLayerUsageMaterial" 3468
"../../../Engine/Content/EditorLandscapeResources/LandscapeLayerUsageMaterial.uasset" 3469
"../../../Engine/Content/Functions/Engine_MaterialFunctions01/Debug/DebugIntValues.uasset" 3470
"../../../Engine/Content/Functions/Engine_MaterialFunctions01/Texturing/ScaleUVsByCenter.uasset" 3471
"../../../Engine/Content/Functions/Engine_MaterialFunctions02/WorldPositionOffset/LocalPosition.uasset" 3472
"../../../Engine/Content/Functions/Engine_MaterialFunctions01/Texturing/TextureCropping.uasset" 3473
"../../../Engine/Content/Functions/Engine_MaterialFunctions02/ExampleContent/DebugNumberStrip.uasset" 3474
"C:/Users/PC/AppData/Local/UnrealEngine/Editor/UInteractiveToolsPresetCollectionAsset_DefaultCollection.json" 3475
"/Engine/EngineMaterials/NaniteHiddenSectionMaterial" 3476
"../../../Engine/Content/EngineMaterials/NaniteHiddenSectionMaterial.uasset" 3477
"/Engine/EngineMaterials/RemoveSurfaceMaterial" 3478
"../../../Engine/Content/EngineMaterials/RemoveSurfaceMaterial.uasset" 3479
"/Engine/EngineDebugMaterials/DebugMeshMaterial" 3480
"../../../Engine/Content/EngineDebugMaterials/DebugMeshMaterial.uasset" 3481
"/Engine/EngineMaterials/EmissiveMeshMaterial" 3482
"../../../Engine/Content/EngineMaterials/EmissiveMeshMaterial.uasset" 3483
"../../../Engine/Content/EngineMaterials/DefaultWhiteGrid_Low.uasset" 3484
"/Engine/EngineMaterials/M_InvalidLightmapSettings" 3485
"../../../Engine/Content/EngineMaterials/M_InvalidLightmapSettings.uasset" 3486
"../../../Engine/Content/EngineMaterials/InvalidLightmapSettings.uasset" 3487
"/Engine/EngineMaterials/GizmoMaterial" 3488
"../../../Engine/Content/EngineMaterials/GizmoMaterial.uasset" 3489
"/Engine/EngineMaterials/PhAT_JointLimitMaterial" 3490
"../../../Engine/Content/EngineMaterials/PhAT_JointLimitMaterial.uasset" 3491
"/Engine/EngineMaterials/FlattenMaterial" 3492
"../../../Engine/Content/EngineMaterials/FlattenMaterial.uasset" 3493
"../../../Engine/Content/EngineMaterials/BaseFlattenDiffuseMap.uasset" 3494
"../../../Engine/Content/EngineMaterials/BaseFlattenEmissiveMap.uasset" 3495
"../../../Engine/Content/EngineMaterials/BaseFlattenGrayscaleMap.uasset" 3496
"../../../Engine/Content/EngineMaterials/BaseFlattenLinearColor.uasset" 3497
"../../../Engine/Content/EngineMaterials/BaseFlattenNormalMap.uasset" 3498
"../../../Engine/Content/Functions/Engine_MaterialFunctions02/PivotPainter2/Black_1x1_EXR_Texture.uasset" 3499
"/Engine/EngineMaterials/FlattenMaterial_VT" 3500
"../../../Engine/Content/EngineMaterials/FlattenMaterial_VT.uasset" 3501
"../../../Engine/Content/EngineMaterials/BaseFlattenDiffuseMap_VT.uasset" 3502
"../../../Engine/Content/EngineMaterials/BaseFlattenEmissiveMap_VT.uasset" 3503
"../../../Engine/Content/EngineMaterials/BaseFlattenGrayscaleMap_VT.uasset" 3504
"../../../Engine/Content/EngineMaterials/BaseFlattenLinearColor_VT.uasset" 3505
"../../../Engine/Content/EngineMaterials/BaseFlattenNormalMap_VT.uasset" 3506
"../../../Engine/Content/EngineMaterials/Black_1x1_EXR_Texture_VT.uasset" 3507
"/Engine/EngineMaterials/FlattenMaterial_WS_Normal_VT" 3508
"../../../Engine/Content/EngineMaterials/FlattenMaterial_WS_Normal_VT.uasset" 3509
"/Engine/EngineMaterials/Good64x64TilingNoiseHighFreq" 3510
"../../../Engine/Content/EngineMaterials/Good64x64TilingNoiseHighFreq.uasset" 3511
"/Engine/EngineMaterials/DefaultBokeh" 3512
"../../../Engine/Content/EngineMaterials/DefaultBokeh.uasset" 3513
"/Engine/EngineMaterials/MiniFont" 3514
"../../../Engine/Content/EngineMaterials/MiniFont.uasset" 3515
"/Engine/EngineMaterials/WeightMapPlaceholderTexture" 3516
"../../../Engine/Content/EngineMaterials/WeightMapPlaceholderTexture.uasset" 3517
"/Engine/EngineMaterials/WeightMapArrayPlaceholderTexture" 3518
"../../../Engine/Content/EngineMaterials/WeightMapArrayPlaceholderTexture.uasset" 3519
"/Engine/EngineMaterials/DefaultWhiteGrid" 3520
"../../../Engine/Content/EngineMaterials/DefaultWhiteGrid.uasset" 3521
"/Engine/EngineMaterials/PreintegratedSkinBRDF" 3522
"../../../Engine/Content/EngineMaterials/PreintegratedSkinBRDF.uasset" 3523
"/Engine/EngineMaterials/LTC/GGX_LTCAmp" 3524
"../../../Engine/Content/EngineMaterials/LTC/GGX_LTCAmp.uasset" 3525
"/Engine/EngineMaterials/LTC/GGX_LTCMat" 3526
"../../../Engine/Content/EngineMaterials/LTC/GGX_LTCMat.uasset" 3527
"/Engine/EngineMaterials/EnergyConservation/GGX_ReflectionEnergy" 3528
"../../../Engine/Content/EngineMaterials/EnergyConservation/GGX_ReflectionEnergy.uasset" 3529
"/Engine/EngineMaterials/EnergyConservation/GGX_TransmissionEnergyArray" 3530
"../../../Engine/Content/EngineMaterials/EnergyConservation/GGX_TransmissionEnergyArray.uasset" 3531
"/Engine/EngineMaterials/EnergyConservation/SheenLegacy_Energy" 3532
"../../../Engine/Content/EngineMaterials/EnergyConservation/SheenLegacy_Energy.uasset" 3533
"/Engine/EngineMaterials/DefaultPhysicalMaterial" 3534
"../../../Engine/Content/EngineMaterials/DefaultPhysicalMaterial.uasset" 3535
"/Engine/EngineMaterials/DefaultDestructiblePhysicalMaterial" 3536
"../../../Engine/Content/EngineMaterials/DefaultDestructiblePhysicalMaterial.uasset" 3537
"/Niagara/ParameterDefinitions/CoreParameters" 3538
"../../Plugins/FX/Niagara/Content/ParameterDefinitions/CoreParameters.uasset" 3539
"/Niagara/ParameterDefinitions/DecalRenderer" 3540
"../../Plugins/FX/Niagara/Content/ParameterDefinitions/DecalRenderer.uasset" 3541
"/Niagara/ParameterDefinitions/LightRenderer" 3542
"../../Plugins/FX/Niagara/Content/ParameterDefinitions/LightRenderer.uasset" 3543
"/Niagara/ParameterDefinitions/MeshRenderer" 3544
"../../Plugins/FX/Niagara/Content/ParameterDefinitions/MeshRenderer.uasset" 3545
"/Niagara/ParameterDefinitions/RibbonRenderer" 3546
"../../Plugins/FX/Niagara/Content/ParameterDefinitions/RibbonRenderer.uasset" 3547
"/Niagara/ParameterDefinitions/SpriteRenderer" 3548
"../../Plugins/FX/Niagara/Content/ParameterDefinitions/SpriteRenderer.uasset" 3549
"/DeformerGraph/Deformers/DG_LinearBlendSkin_Morph_Cloth" 3550
"../../Plugins/Animation/DeformerGraph/Content/Deformers/DG_LinearBlendSkin_Morph_Cloth.uasset" 3551
"../../Plugins/Animation/DeformerGraph/Content/DeformerFunctions/DG_Function_LinearBlendSkin_Morph_Cloth.uasset" 3552
"/DeformerGraph/Deformers/DG_LinearBlendSkin_Morph_Cloth_RecomputeNormals" 3553
"../../Plugins/Animation/DeformerGraph/Content/Deformers/DG_LinearBlendSkin_Morph_Cloth_RecomputeNormals.uasset" 3554
"../../Plugins/Animation/DeformerGraph/Content/DeformerFunctions/DG_Function_ComputeNormalsTangents.uasset" 3555
"../../Plugins/Animation/DeformerGraph/Content/DeformerFunctions/DG_Function_LinearBlendSkin_Morph_Cloth_PositionOnly.uasset" 3556
"/Engine/BasicShapes/Cube" 3557
"../../../Engine/Content/BasicShapes/Cube.uasset" 3558
"/Engine/BasicShapes/Sphere" 3559
"../../../Engine/Content/BasicShapes/Sphere.uasset" 3560
"/Engine/BasicShapes/Cylinder" 3561
"../../../Engine/Content/BasicShapes/Cylinder.uasset" 3562
"/Engine/BasicShapes/Cone" 3563
"../../../Engine/Content/BasicShapes/Cone.uasset" 3564
"/Engine/BasicShapes/Plane" 3565
"../../../Engine/Content/BasicShapes/Plane.uasset" 3566
"../../../Engine/Documentation/Source/Shared/Types/ABrush/ABrush.INT.udn" 3567
"../../../Engine/Content/Internationalization/icudt64l/brkitr/fr.res" 3568
"../../../Engine/Content/Internationalization/icudt64l/brkitr/root.res" 3569
"../../../Engine/Content/Internationalization/icudt64l/brkitr/char.brk" 3570
"../../../Engine/Content/Internationalization/icudt64l/brkitr/word.brk" 3571
"/Engine/EditorResources/SequenceRecorder/Countdown" 3572
"../../../Engine/Content/EditorResources/SequenceRecorder/Countdown.uasset" 3573
"/Engine/EditorResources/SequenceRecorder/RecordingIndicator" 3574
"../../../Engine/Content/EditorResources/SequenceRecorder/RecordingIndicator.uasset" 3575
"/Engine/EditorMaterials/PhAT_UnselectedMaterial" 3576
"../../../Engine/Content/EditorMaterials/PhAT_UnselectedMaterial.uasset" 3577
"/Engine/EditorMaterials/PhAT_NoCollisionMaterial" 3578
"../../../Engine/Content/EditorMaterials/PhAT_NoCollisionMaterial.uasset" 3579
"/Engine/EditorResources/S_Terrain" 3580
"../../../Engine/Content/EditorResources/S_Terrain.uasset" 3581
"../../../Engine/Plugins/FX/Niagara/Shaders/Private/NiagaraDataInterfaceTexture2DArrayTemplate.ush" 3582
"../../../Engine/Plugins/FX/Niagara/Shaders/Private/NiagaraDataInterfaceActorComponentTemplate.ush" 3583
"../../../Engine/Plugins/FX/Niagara/Shaders/Private/NiagaraDataInterfaceArrayTemplate.ush" 3584
"../../../Engine/Plugins/FX/Niagara/Shaders/Private/NiagaraDataInterfaceArrayRWTemplate.ush" 3585
"../../../Engine/Plugins/FX/Niagara/Shaders/Private/NiagaraDataInterfaceArrayDistributionIntTemplate.ush" 3586
"../../../Engine/Plugins/FX/Niagara/Shaders/Private/NiagaraDataInterfaceAsyncGpuTrace.ush" 3587
"../../../Engine/Plugins/FX/Niagara/Shaders/Private/NiagaraDataInterfaceAsyncGpuTraceTemplate.ush" 3588
"../../../Engine/Plugins/FX/Niagara/Shaders/Private/NiagaraDataInterfaceCamera.ush" 3589
"../../../Engine/Plugins/Experimental/ChaosNiagara/Shaders/NiagaraDataInterfaceChaosDestruction.ush" 3590
"../../../Engine/Plugins/FX/Niagara/Shaders/Private/NiagaraDataInterfaceCollisionQuery.ush" 3591
"C:/Users/PC/Documents/GitHub/KeepPushing/Intermediate/ShaderAutogen/PCD3D_SM5/AutogenShaderHeaders.ush" 3592
"../../../Engine/Plugins/FX/Niagara/Shaders/Private/NiagaraDataInterfaceCollisionQueryTemplate.ush" 3593
"../../../Engine/Plugins/FX/Niagara/Shaders/Private/NiagaraDataInterfaceCurveTemplate.ush" 3594
"../../../Engine/Plugins/FX/Niagara/Shaders/Private/NiagaraDataInterfaceCubeTextureTemplate.ush" 3595
"../../../Engine/Plugins/FX/Niagara/Shaders/Private/DataChannel/NiagaraDataInterfaceDataChannelCommon.ush" 3596
"../../../Engine/Plugins/FX/Niagara/Shaders/Private/DataChannel/NiagaraDataInterfaceDataChannelTemplateCommon.ush" 3597
"../../../Engine/Plugins/FX/Niagara/Shaders/Private/DataChannel/NiagaraDataInterfaceDataChannelTemplateReadCommon.ush" 3598
"../../../Engine/Plugins/FX/Niagara/Shaders/Private/DataChannel/NiagaraDataInterfaceDataChannelTemplate_Read.ush" 3599
"../../../Engine/Plugins/FX/Niagara/Shaders/Private/DataChannel/NiagaraDataInterfaceDataChannelTemplate_Consume.ush" 3600
"../../../Engine/Plugins/FX/Niagara/Shaders/Private/DataChannel/NiagaraDataInterfaceDataChannelTemplateWriteCommon.ush" 3601
"../../../Engine/Plugins/FX/Niagara/Shaders/Private/DataChannel/NiagaraDataInterfaceDataChannelTemplate_Append.ush" 3602
"../../../Engine/Plugins/FX/Niagara/Shaders/Private/NiagaraDataInterfaceDataTableTemplate.ush" 3603
"../../../Engine/Plugins/FX/Niagara/Shaders/Private/NiagaraDataInterfaceDebugDraw.ush" 3604
"../../../Engine/Plugins/FX/Niagara/Shaders/Private/NiagaraDataInterfaceDebugDrawTemplate.ush" 3605
"../../../Engine/Plugins/FX/Niagara/Shaders/Private/NiagaraDataInterfaceDynamicMeshTemplate.ush" 3606
"../../../Engine/Plugins/FX/Niagara/Shaders/Private/NiagaraDataInterfaceEmitterPropertiesTemplate.ush" 3607
"../../../Engine/Plugins/FX/Niagara/Shaders/Private/NiagaraDataInterfaceExportTemplate.ush" 3608
"../../../Engine/Plugins/FX/Niagara/Shaders/Private/NiagaraDataInterfaceGBufferTemplate.ush" 3609
"../../../Engine/Plugins/Experimental/ChaosNiagara/Shaders/NiagaraDataInterfaceGeometryCollection.ush" 3610
"../../../Engine/Plugins/FX/Niagara/Shaders/Private/NiagaraTransformUtils.ush" 3611
"../../../Engine/Plugins/Runtime/HairStrands/Shaders/Private/NiagaraStrandsExternalForce.ush" 3612
"../../../Engine/Plugins/Runtime/HairStrands/Shaders/Private/NiagaraHookeSpringMaterial.ush" 3613
"../../../Engine/Plugins/Runtime/HairStrands/Shaders/Private/NiagaraAngularSpringMaterial.ush" 3614
"../../../Engine/Plugins/Runtime/HairStrands/Shaders/Private/NiagaraConstantVolumeMaterial.ush" 3615
"../../../Engine/Plugins/Runtime/HairStrands/Shaders/Private/NiagaraCosseratRodMaterial.ush" 3616
"../../../Engine/Plugins/Runtime/HairStrands/Shaders/Private/NiagaraStaticCollisionConstraint.ush" 3617
"../../../Engine/Plugins/Runtime/HairStrands/Shaders/Private/NiagaraDataInterfaceHairStrands.ush" 3618
"../../../Engine/Plugins/Runtime/HairStrands/Shaders/Private/NiagaraDataInterfaceHairStrandsTemplate.ush" 3619
"../../../Engine/Plugins/FX/Niagara/Shaders/Private/NiagaraDataInterfaceIntRenderTarget2D.ush" 3620
"../../../Engine/Plugins/FX/Niagara/Shaders/Private/NiagaraDataInterfaceLandscape.ush" 3621
"../../../Engine/Plugins/FX/Niagara/Shaders/Private/NiagaraDataInterfaceMemoryBufferTemplate.ush" 3622
"../../../Engine/Plugins/FX/Niagara/Shaders/Private/NiagaraDataInterfaceMeshRendererInfoTemplate.ush" 3623
"../../../Engine/Plugins/FX/Niagara/Shaders/Private/NiagaraDataInterfaceOcclusion.ush" 3624
"../../../Engine/Plugins/FX/Niagara/Shaders/Private/NiagaraDataInterfacePhysicsAsset.ush" 3625
"../../../Engine/Plugins/Experimental/ChaosNiagara/Shaders/NiagaraDataInterfacePhysicsField.ush" 3626
"../../../Engine/Plugins/FX/Niagara/Shaders/Private/NiagaraDataInterfacePlatformSetTemplate.ush" 3627
"../../../Engine/Plugins/Runtime/HairStrands/Shaders/Private/NiagaraDataInterfaceVelocityGrid.ush" 3628
"../../../Engine/Plugins/Runtime/HairStrands/Shaders/Private/NiagaraDataInterfaceVelocityGridTemplate.ush" 3629
"../../../Engine/Plugins/Runtime/HairStrands/Shaders/Private/NiagaraDataInterfacePressureGrid.ush" 3630
"../../../Engine/Plugins/Runtime/HairStrands/Shaders/Private/NiagaraDataInterfacePressureGridTemplate.ush" 3631
"../../../Engine/Plugins/FX/Niagara/Shaders/Private/NiagaraDataInterfaceRenderTarget2DTemplate.ush" 3632
"../../../Engine/Plugins/FX/Niagara/Shaders/Private/NiagaraDataInterfaceRenderTarget2DArrayTemplate.ush" 3633
"../../../Engine/Plugins/FX/Niagara/Shaders/Private/NiagaraDataInterfaceRenderTargetCubeTemplate.ush" 3634
"../../../Engine/Plugins/FX/Niagara/Shaders/Private/NiagaraDataInterfaceRenderTargetVolumeTemplate.ush" 3635
"../../../Engine/Plugins/FX/Niagara/Shaders/Private/NiagaraDataInterfaceRigidMeshCollisionQuery.ush" 3636
"../../../Engine/Plugins/FX/Niagara/Shaders/Private/NiagaraDistanceFieldQueries.ush" 3637
"../../../Engine/Plugins/FX/Niagara/Shaders/Private/NiagaraDataInterfaceSceneCapture2DTemplate.ush" 3638
"../../../Engine/Plugins/FX/Niagara/Shaders/Private/NiagaraDataInterfaceSimCacheReaderTemplate.ush" 3639
"../../../Engine/Plugins/FX/Niagara/Shaders/Private/NiagaraDataInterfaceSimpleCounterTemplate.ush" 3640
"../../../Engine/Plugins/FX/Niagara/Shaders/Private/NiagaraDataInterfaceSkeletalMesh.ush" 3641
"../../../Engine/Plugins/FX/Niagara/Shaders/Private/NiagaraBaryCentricUtils.ush" 3642
"../../../Engine/Plugins/FX/Niagara/Shaders/Private/NiagaraDataInterfaceSkeletalMeshTemplate.ush" 3643
"../../../Engine/Plugins/FX/Niagara/Shaders/Private/NiagaraDataInterfaceSocketReaderTemplate.ush" 3644
"../../../Engine/Plugins/FX/Niagara/Shaders/Private/NiagaraDataInterfaceSparseVolumeTextureTemplate.ush" 3645
"../../../Engine/Plugins/FX/Niagara/Shaders/Private/NiagaraDataInterfaceSplineTemplate.ush" 3646
"../../../Engine/Plugins/FX/Niagara/Shaders/Private/NiagaraDataInterfaceSpriteRendererInfoTemplate.ush" 3647
"../../../Engine/Plugins/FX/Niagara/Shaders/Private/NiagaraDataInterfaceStaticMeshTemplate.ush" 3648
"../../../Engine/Plugins/FX/Niagara/Shaders/Private/NiagaraDataInterfaceTextureTemplate.ush" 3649
"../../../Engine/Plugins/FX/Niagara/Shaders/Private/NiagaraDataInterfaceVirtualTexture.ush" 3650
"../../../Engine/Plugins/FX/Niagara/Shaders/Private/NiagaraDataInterfaceVirtualTextureTemplate.ush" 3651
"../../../Engine/Plugins/FX/Niagara/Shaders/Private/NiagaraDataInterfaceVirtualTextureSampleTemplate.ush" 3652
"../../../Engine/Plugins/FX/Niagara/Shaders/Private/NiagaraDataInterfaceVolumeCache.ush" 3653
"../../../Engine/Plugins/FX/Niagara/Shaders/Private/NiagaraDataInterfaceVolumeTextureTemplate.ush" 3654
"C:/Users/PC/Documents/GitHub/KeepPushing/Content/LevelDesign/Traps/Spike/Curves/Curve_SpikeSpeed.uasset" 3655
"C:/Users/PC/Documents/GitHub/KeepPushing/Content/LevelDesign/Traps/Smasher/Materials/Pics_Neons.uasset" 3656
"C:/Users/PC/Documents/GitHub/KeepPushing/Content/LevelDesign/Traps/Spike/Blueprint/BP_SpikeComponent.uasset" 3657
"C:/Users/PC/Documents/GitHub/KeepPushing/Content/LevelDesign/Traps/Spike/Materials/SpikeComponent/M_PicsNeons.uasset" 3658
"C:/Users/PC/Documents/GitHub/KeepPushing/Content/LevelDesign/Traps/Smasher/Models/Trap_Smasher_1.uasset" 3659
"C:/Users/PC/Documents/GitHub/KeepPushing/Content/LevelDesign/Traps/Smasher/Materials/Neon_1.uasset" 3660
"C:/Users/PC/Documents/GitHub/KeepPushing/Content/LevelDesign/Traps/Smasher/Models/Trap_Smasher_2.uasset" 3661
"C:/Users/PC/Documents/GitHub/KeepPushing/Content/LevelDesign/Traps/Spike/Models/SpikePlatform/Trap_Spike_Platform.uasset" 3662
"C:/Users/PC/Documents/GitHub/KeepPushing/Content/LevelDesign/Traps/Jumper/Materials/Plateforme_Boing.uasset" 3663
"C:/Users/PC/Documents/GitHub/KeepPushing/Content/LevelDesign/Traps/Smasher/Blueprint/BP_SmasherTrap.uasset" 3664
"C:/Users/PC/Documents/GitHub/KeepPushing/Content/LevelDesign/Traps/Jumper/Materials/Material_004.uasset" 3665
"C:/Users/PC/Documents/GitHub/KeepPushing/Content/LevelDesign/Traps/Jumper/Models/Trap_Jumper.uasset" 3666
"C:/Users/PC/Documents/GitHub/KeepPushing/Content/LevelDesign/Traps/Jumper/Materials/Material_002.uasset" 3667
"C:/Users/PC/Documents/GitHub/KeepPushing/Content/LevelDesign/Traps/Jumper/Materials/Reacteur_2.uasset" 3668
"C:/Users/PC/Documents/GitHub/KeepPushing/Content/LevelDesign/Traps/Jumper/Blueprint/BP_JumperTrap.uasset" 3669
"C:/Users/PC/Documents/GitHub/KeepPushing/Content/LevelDesign/Traps/Bumper/Materials/Bumper_Neon.uasset" 3670
"C:/Users/PC/Documents/GitHub/KeepPushing/Content/LevelDesign/Traps/Spike/Blueprint/BP_SpikeTrap.uasset" 3671
"../../../Engine/Plugins/FX/Niagara/Content/Modules/Update/Size/ScaleMeshSize.uasset" 3672
"../../../Engine/Plugins/FX/Niagara/Content/DefaultAssets/Templates/CascadeConversion/CompletelyEmpty.uasset" 3673
"C:/Users/PC/Documents/GitHub/KeepPushing/Content/LevelDesign/Traps/Bumper/Models/Trap_Bumper.uasset" 3674
"C:/Users/PC/Documents/GitHub/KeepPushing/Content/LevelDesign/Traps/Bumper/Materials/Material_004.uasset" 3675
"C:/Users/PC/Documents/GitHub/KeepPushing/Content/Assets/LevelAssets/Niagara/beacon(actual)/M_Hologram1.uasset" 3676
"../../../Engine/Plugins/FX/Niagara/Content/DynamicInputs/TypeConversions/MakeVector.uasset" 3677
"../../../Engine/Plugins/FX/Niagara/Content/Modules/Emitter/SpawnBurst_Instantaneous.uasset" 3678
"C:/Users/PC/Documents/GitHub/KeepPushing/Content/LevelDesign/Traps/Spike/Materials/SpikePlatform/M_ContouringPlatform.uasset" 3679
"C:/Users/PC/Documents/GitHub/KeepPushing/Content/Assets/Skybox/Materials/Soleil.uasset" 3680
"C:/Users/PC/Documents/GitHub/KeepPushing/Content/Assets/Skybox/Sky_Sun.uasset" 3681
"C:/Users/PC/Documents/GitHub/KeepPushing/Content/Assets/Skybox/Materials/Material_008.uasset" 3682
"C:/Users/PC/Documents/GitHub/KeepPushing/Content/LevelDesign/Traps/Smasher/Materials/Material_004.uasset" 3683
"C:/Users/PC/Documents/GitHub/KeepPushing/Content/LevelDesign/Traps/Bumper/Blueprint/BP_BumperTrap.uasset" 3684
"C:/Users/PC/Documents/GitHub/KeepPushing/Content/Assets/LevelAssets/Niagara/beacon(actual)/NewNiagaraSystem.uasset" 3685
"C:/Users/PC/Documents/GitHub/KeepPushing/Content/LevelDesign/Traps/Spike/Models/SpikeComponent/Trap_Spike.uasset" 3686
"/Game/LevelDesign/Traps/Spike/Materials/SpikePlatform/M_ContouringPlatform" 3687
"../../Plugins/Interchange/Assets/Content/Functions/MF_PhongToMetalRoughness.uasset" 3688
"/Game/LevelDesign/Traps/Spike/Models/SpikePlatform/Trap_Spike_Platform" 3689
"/Game/LevelDesign/Traps/Spike/Curves/Curve_SpikeSpeed" 3690
"/Game/LevelDesign/Traps/Spike/Models/SpikeComponent/Trap_Spike" 3691
"/Game/LevelDesign/Traps/Spike/Blueprint/BP_SpikeComponent" 3692
"/Game/LevelDesign/Traps/Spike/Blueprint/BP_SpikeTrap" 3693
"/Game/LevelDesign/Traps/Smasher/Materials/Pics_Neons" 3694
"/Game/LevelDesign/Traps/Smasher/Models/Trap_Smasher_2" 3695
"/Game/LevelDesign/Traps/Smasher/Materials/Neon_1" 3696
"/Game/LevelDesign/Traps/Smasher/Models/Trap_Smasher_1" 3697
"/Game/LevelDesign/Traps/Smasher/Blueprint/BP_SmasherTrap" 3698
"/Game/LevelDesign/Traps/Jumper/Materials/Reacteur_2" 3699
"/Game/LevelDesign/Traps/Jumper/Materials/Plateforme_Boing" 3700
"/Game/LevelDesign/Traps/Jumper/Materials/Material_004" 3701
"/Game/LevelDesign/Traps/Jumper/Materials/Material_002" 3702
"/Game/LevelDesign/Traps/Jumper/Models/Trap_Jumper" 3703
"/Game/LevelDesign/Traps/Jumper/Blueprint/BP_JumperTrap" 3704
"/Game/LevelDesign/Traps/Bumper/Materials/Material_004" 3705
"/Game/LevelDesign/Traps/Bumper/Materials/Bumper_Neon" 3706
"/Game/LevelDesign/Traps/Bumper/Models/Trap_Bumper" 3707
"/Game/LevelDesign/Traps/Bumper/Blueprint/BP_BumperTrap" 3708
"/Game/Assets/LevelAssets/Niagara/beacon(actual)/M_Hologram1" 3709
"../../../Engine/Content/Functions/Engine_MaterialFunctions02/Fresnel_Function.uasset" 3710
"../../../Engine/Content/Functions/Engine_MaterialFunctions03/Blends/Blend_Overlay.uasset" 3711
"../../../Engine/Content/Functions/Engine_MaterialFunctions03/Procedurals/GeneratedBand.uasset" 3712
"../../../Engine/Content/EngineMaterials/BlendFunc_DefBase.uasset" 3713
"../../../Engine/Content/EngineMaterials/BlendFunc_DefBlend.uasset" 3714
"../../../Engine/Content/MapTemplates/TilingNoise05.uasset" 3715
"/Niagara/DefaultAssets/Templates/CascadeConversion/CompletelyEmpty" 3716
"/Niagara/Modules/Update/Size/ScaleMeshSize" 3717
"/Niagara/DynamicInputs/TypeConversions/MakeVector" 3718
"/Niagara/Modules/Emitter/SpawnBurst_Instantaneous" 3719
"../../Plugins/FX/Niagara/Content/Functions/V2/CalculateRandomRangeFloat.uasset" 3720
"../../Plugins/FX/Niagara/Content/Enums/ENiagaraRandomnessEvaluation.uasset" 3721
"../../Plugins/FX/Niagara/Content/Enums/ENiagaraRandomnessMode.uasset" 3722
"/Game/Assets/LevelAssets/Niagara/beacon(actual)/NewNiagaraSystem" 3723
"../../Plugins/FX/Niagara/Content/DynamicInputs/ValueFromCurve/FloatFromCurve.uasset" 3724
"../../Plugins/FX/Niagara/Content/Modules/Emitter/EmitterState.uasset" 3725
"../../Plugins/FX/Niagara/Content/Modules/Spawn/Initialization/V2/InitializeParticle.uasset" 3726
"../../Plugins/FX/Niagara/Content/Modules/System/SystemState.uasset" 3727
"../../Plugins/FX/Niagara/Content/Modules/Update/Lifetime/ParticleState.uasset" 3728
"../../Plugins/FX/Niagara/Content/Enums/ENiagara_ColorInitializationMode.uasset" 3729
"../../Plugins/FX/Niagara/Content/Enums/ENiagara_EmitterStateOptions.uasset" 3730
"../../Plugins/FX/Niagara/Content/Enums/ENiagara_InfiniteLoopDuration.uasset" 3731
"../../Plugins/FX/Niagara/Content/Enums/ENiagara_LifetimeMode.uasset" 3732
"../../Plugins/FX/Niagara/Content/Enums/ENiagara_MassInitializationMode.uasset" 3733
"../../Plugins/FX/Niagara/Content/Enums/ENiagara_PositionInitializationMode.uasset" 3734
"../../Plugins/FX/Niagara/Content/Enums/ENiagara_SizeScaleMode.uasset" 3735
"../../Plugins/FX/Niagara/Content/Enums/ENiagara_SpriteRotationMode.uasset" 3736
"../../Plugins/FX/Niagara/Content/Enums/ENiagara_UVFlippingMode.uasset" 3737
"../../Plugins/FX/Niagara/Content/Enums/ENiagaraChannelCorrelation.uasset" 3738
"../../Plugins/FX/Niagara/Content/Enums/ENiagaraEmitterLifeCycleMode.uasset" 3739
"../../Plugins/FX/Niagara/Content/Enums/ENiagaraEmitterScalabilityMode_Limited.uasset" 3740
"../../Plugins/FX/Niagara/Content/Enums/ENiagaraInactiveMode.uasset" 3741
"../../Plugins/FX/Niagara/Content/Enums/ENiagaraSystemInactiveMode.uasset" 3742
"../../Plugins/FX/Niagara/Content/Enums/Ribbons/ENiagara_UnsetDirectSet.uasset" 3743
"../../Plugins/FX/Niagara/Content/Enums/Ribbons/ENiagara_UnsetDirectSetRandom.uasset" 3744
"../../Plugins/FX/Niagara/Content/Functions/Emitter/EmitterChangeState.uasset" 3745
"../../Plugins/FX/Niagara/Content/Icons/Modules/T_Icon_Scalability_Emitter.uasset" 3746
"../../Plugins/FX/Niagara/Content/Icons/Modules/T_Icon_Scalability_System.uasset" 3747
"../../Plugins/FX/Niagara/Content/Functions/LinearColor/HueShiftLinearColor.uasset" 3748
"../../Plugins/FX/Niagara/Content/Functions/Localspace/SimulationPosition.uasset" 3749
"../../Plugins/FX/Niagara/Content/Functions/Localspace/TransformVector.uasset" 3750
"../../Plugins/FX/Niagara/Content/Functions/V2/CalculateRandomBool.uasset" 3751
"../../Plugins/FX/Niagara/Content/Functions/V2/CalculateRandomRange.uasset" 3752
"../../Plugins/FX/Niagara/Content/Functions/V2/CalculateRandomRangeInteger.uasset" 3753
"../../Plugins/FX/Niagara/Content/Functions/System/SystemChangeState.uasset" 3754
"../../Plugins/FX/Niagara/Content/Functions/Math/SaturateFloat.uasset" 3755
"../../Plugins/FX/Niagara/Content/Icons/Modules/T_Icon_Particle_InfiniteLife.uasset" 3756
"../../Plugins/FX/Niagara/Content/Functions/Localspace/TransformBase.uasset" 3757
"/Game/Assets/Skybox/Materials/Soleil" 3758
"/Game/Assets/Skybox/Sky_Sun" 3759
"/Game/Assets/Skybox/Materials/Material_008" 3760
"C:/Users/PC/Documents/GitHub/KeepPushing/Content/Assets/Skybox/Materials/Montagne_3.uasset" 3761
"C:/Users/PC/Documents/GitHub/KeepPushing/Content/Assets/Skybox/Materials/Montagne_1.uasset" 3762
"C:/Users/PC/Documents/GitHub/KeepPushing/Content/Assets/Skybox/Sky_Mountain.uasset" 3763
"C:/Users/PC/Documents/GitHub/KeepPushing/Content/Assets/Skybox/Sky_Building_6.uasset" 3764
"C:/Users/PC/Documents/GitHub/KeepPushing/Content/Assets/Skybox/Sky_Building_7.uasset" 3765
"C:/Users/PC/Documents/GitHub/KeepPushing/Content/Assets/Skybox/Sky_Building_5.uasset" 3766
"C:/Users/PC/Documents/GitHub/KeepPushing/Content/Assets/Skybox/Sky_Building_4.uasset" 3767
"C:/Users/PC/Documents/GitHub/KeepPushing/Content/Assets/Skybox/Materials/Montagne_2.uasset" 3768
"C:/Users/PC/Documents/GitHub/KeepPushing/Content/Assets/Skybox/Sky_Building_3.uasset" 3769
"C:/Users/PC/Documents/GitHub/KeepPushing/Content/Assets/Skybox/Sky_Sky.uasset" 3770
"C:/Users/PC/Documents/GitHub/KeepPushing/Content/Assets/Skybox/Sky_Building_Ground.uasset" 3771
"C:/Users/PC/Documents/GitHub/KeepPushing/Content/Assets/Skybox/Sky_Building_2.uasset" 3772
"C:/Users/PC/Documents/GitHub/KeepPushing/Content/Assets/Skybox/Materials/Ville_1.uasset" 3773
"C:/Users/PC/Documents/GitHub/KeepPushing/Content/Assets/Skybox/Materials/Ville_2.uasset" 3774
"C:/Users/PC/Documents/GitHub/KeepPushing/Content/Assets/Skybox/Materials/Buildings_2.uasset" 3775
"C:/Users/PC/Documents/GitHub/KeepPushing/Content/Assets/Skybox/Sky_Building_1.uasset" 3776
"C:/Users/PC/Documents/GitHub/KeepPushing/Content/Assets/LevelAssets/Materials/Cable_3_001.uasset" 3777
"C:/Users/PC/Documents/GitHub/KeepPushing/Content/Assets/LevelAssets/Road_RightTurn.uasset" 3778
"C:/Users/PC/Documents/GitHub/KeepPushing/Content/Assets/LevelAssets/Materials/Cable_2_001.uasset" 3779
"C:/Users/PC/Documents/GitHub/KeepPushing/Content/Assets/Skybox/Materials/Buildings.uasset" 3780
"C:/Users/PC/Documents/GitHub/KeepPushing/Content/Assets/LevelAssets/Road_Start.uasset" 3781
"C:/Users/PC/Documents/GitHub/KeepPushing/Content/Assets/LevelAssets/Materials/Cable_1_001.uasset" 3782
"C:/Users/PC/Documents/GitHub/KeepPushing/Content/Assets/LevelAssets/Materials/Bords_001.uasset" 3783
"C:/Users/PC/Documents/GitHub/KeepPushing/Content/Assets/LevelAssets/Materials/D?but_Lumi?res_2.uasset" 3784
"/Game/Assets/Skybox/Sky_Building_Ground" 3785
"C:/Users/PC/Documents/GitHub/KeepPushing/Content/Assets/LevelAssets/Materials/Route_Bandes_001.uasset" 3786
"C:/Users/PC/Documents/GitHub/KeepPushing/Content/Assets/LevelAssets/Materials/D?but_Lumi?res.uasset" 3787
"C:/Users/PC/Documents/GitHub/KeepPushing/Content/Assets/LevelAssets/Materials/Route_001.uasset" 3788
"C:/Users/PC/Documents/GitHub/KeepPushing/Content/Assets/LevelAssets/Materials/D?but_Lumi?res_2_001.uasset" 3789
"C:/Users/PC/Documents/GitHub/KeepPushing/Content/Assets/LevelAssets/Road_Junction.uasset" 3790
"C:/Users/PC/Documents/GitHub/KeepPushing/Content/Assets/LevelAssets/Materials/Damier_1.uasset" 3791
"C:/Users/PC/Documents/GitHub/KeepPushing/Content/Assets/LevelAssets/Road_End.uasset" 3792
"C:/Users/PC/Documents/GitHub/KeepPushing/Content/Assets/LevelAssets/Materials/D?but_Lumi?res_001.uasset" 3793
"/Game/Assets/Skybox/Sky_Mountain" 3794
"/Game/Assets/Skybox/Sky_Sky" 3795
"C:/Users/PC/Documents/GitHub/KeepPushing/Content/Assets/LevelAssets/Materials/Route_Bandes.uasset" 3796
"/Game/Assets/LevelAssets/Materials/Damier_1" 3797
"C:/Users/PC/Documents/GitHub/KeepPushing/Content/Assets/LevelAssets/Materials/Cable_3.uasset" 3798
"C:/Users/PC/Documents/GitHub/KeepPushing/Content/Assets/LevelAssets/Materials/Neon_2.uasset" 3799
"C:/Users/PC/Documents/GitHub/KeepPushing/Content/Assets/LevelAssets/Materials/Cable_2.uasset" 3800
"C:/Users/PC/Documents/GitHub/KeepPushing/Content/Assets/LevelAssets/Materials/Bords.uasset" 3801
"C:/Users/PC/Documents/GitHub/KeepPushing/Content/Assets/LevelAssets/Materials/Cable_1.uasset" 3802
"C:/Users/PC/Documents/GitHub/KeepPushing/Content/Assets/LevelAssets/Materials/Route.uasset" 3803
"C:/Users/PC/Documents/GitHub/KeepPushing/Content/Assets/LevelAssets/Materials/Reacteur_2.uasset" 3804
"/Game/Assets/LevelAssets/Materials/D?but_Lumi?res_001" 3805
"/Game/Assets/LevelAssets/Materials/D?but_Lumi?res_2_001" 3806
"/Game/Assets/LevelAssets/Materials/Bords_001" 3807
"/Game/Assets/LevelAssets/Materials/Cable_1_001" 3808
"/Game/Assets/LevelAssets/Materials/Cable_2_001" 3809
"/Game/Assets/LevelAssets/Materials/Cable_3_001" 3810
"/Game/Assets/LevelAssets/Materials/Route_001" 3811
"/Game/Assets/LevelAssets/Materials/Route_Bandes_001" 3812
"/Game/Assets/LevelAssets/Materials/D?but_Lumi?res" 3813
"/Game/Assets/LevelAssets/Materials/D?but_Lumi?res_2" 3814
"/Game/Assets/Skybox/Sky_Building_1" 3815
"/Game/Assets/Skybox/Sky_Building_2" 3816
"/Game/Assets/Skybox/Sky_Building_3" 3817
"/Game/Assets/Skybox/Sky_Building_4" 3818
"/Game/Assets/Skybox/Sky_Building_5" 3819
"/Game/Assets/Skybox/Sky_Building_6" 3820
"/Game/Assets/Skybox/Sky_Building_7" 3821
"C:/Users/PC/Documents/GitHub/KeepPushing/Content/Assets/LevelAssets/Materials/Plateforme_1_001.uasset" 3822
"C:/Users/PC/Documents/GitHub/KeepPushing/Content/Assets/LevelAssets/Materials/Plateforme_2_001.uasset" 3823
"C:/Users/PC/Documents/GitHub/KeepPushing/Content/VoidZone/BP_LifeZone.uasset" 3824
"../../../Engine/Plugins/FX/Niagara/Content/DefaultAssets/DefaultRIbbonMaterial.uasset" 3825
"C:/Users/PC/Documents/GitHub/KeepPushing/Content/Assets/LevelAssets/Materials/Material_005.uasset" 3826
"C:/Users/PC/Documents/GitHub/KeepPushing/Content/Assets/LevelAssets/Road.uasset" 3827
"C:/Users/PC/Documents/GitHub/KeepPushing/Content/PlayerCar/VFX/NS_NOS.uasset" 3828
"C:/Users/PC/Documents/GitHub/KeepPushing/Content/Assets/LevelAssets/Materials/Material_004.uasset" 3829
"C:/Users/PC/Documents/GitHub/KeepPushing/Content/Assets/LevelAssets/Materials/Material_003.uasset" 3830
"C:/Users/PC/Documents/GitHub/KeepPushing/Content/PlayerCar/Particles/DashEmitter.uasset" 3831
"../../../Engine/Plugins/FX/Niagara/Content/Modules/Update/Size/ScaleSpriteSize.uasset" 3832
"C:/Users/PC/Documents/GitHub/KeepPushing/Content/FireEffect/SquareMask.uasset" 3833
"../../../Engine/Plugins/FX/Niagara/Content/DynamicInputs/ValueFromCurve/ColorFromCurve.uasset" 3834
"../../../Engine/Plugins/FX/Niagara/Content/Modules/Update/Color/Color.uasset" 3835
"C:/Users/PC/Documents/GitHub/KeepPushing/Content/FireEffect/M_particalmaskbase.uasset" 3836
"../../../Engine/Plugins/FX/Niagara/Content/Functions/V2/RemapRange.uasset" 3837
"../../../Engine/Plugins/FX/Niagara/Content/Enums/SpriteRenderer/ENiagara_ScaleSpriteSize.uasset" 3838
"../../../Engine/Plugins/FX/Niagara/Content/Functions/Rotation/RotateVector2D.uasset" 3839
"../../../Engine/Plugins/FX/Niagara/Content/Functions/SphericalToCartesianCoordinates.uasset" 3840
"../../../Engine/Plugins/FX/Niagara/Content/Functions/IsolateLongestVectorComponent.uasset" 3841
"/Game/Assets/LevelAssets/Road_End" 3842
"/Niagara/Functions/IsolateLongestVectorComponent" 3843
"/Niagara/Functions/SphericalToCartesianCoordinates" 3844
"/Niagara/Functions/Rotation/RotateVector2D" 3845
"/Game/Assets/LevelAssets/Road_Junction" 3846
"/Niagara/Functions/V2/RemapRange" 3847
"/Niagara/DynamicInputs/ValueFromCurve/ColorFromCurve" 3848
"/Niagara/Modules/Update/Color/Color" 3849
"/Game/FireEffect/M_particalmaskbase" 3850
"/Niagara/Enums/SpriteRenderer/ENiagara_ScaleSpriteSize" 3851
"/Game/Assets/LevelAssets/Road_RightTurn" 3852
"/Game/Assets/LevelAssets/Road_Start" 3853
"/Niagara/Modules/Update/Size/ScaleSpriteSize" 3854
"/Game/PlayerCar/Particles/DashEmitter" 3855
"../../Plugins/FX/Niagara/Content/DynamicInputs/UniformRange/V2/RandomRangeFloat.uasset" 3856
"../../Plugins/FX/Niagara/Content/Modules/Emitter/SpawnRate.uasset" 3857
"../../Plugins/FX/Niagara/Content/Modules/Solvers/SolveForcesAndVelocity.uasset" 3858
"../../Plugins/FX/Niagara/Content/Modules/Spawn/Location/V2/ShapeLocation.uasset" 3859
"../../Plugins/FX/Niagara/Content/Modules/Spawn/Velocity/AddVelocity.uasset" 3860
"../../Plugins/FX/Niagara/Content/Modules/Update/Color/ScaleColor.uasset" 3861
"../../Plugins/FX/Niagara/Content/Modules/Update/Forces/Drag.uasset" 3862
"../../Plugins/FX/Niagara/Content/Modules/Update/Forces/GravityForce.uasset" 3863
"../../Plugins/FX/Niagara/Content/Enums/Angles/ENiagara_AngleInput.uasset" 3864
"../../Plugins/FX/Niagara/Content/Enums/ENiagara_AttributeSamplingApplyOutput.uasset" 3865
"../../Plugins/FX/Niagara/Content/Enums/ENiagaraScaleColorMode.uasset" 3866
"../../Plugins/FX/Niagara/Content/Enums/ENiagaraShapeTorusMode.uasset" 3867
"../../Plugins/FX/Niagara/Content/Enums/ENiagaraSphereDistributionMode.uasset" 3868
"../../Plugins/FX/Niagara/Content/Enums/ENiagaraTorusDistributionMode.uasset" 3869
"../../Plugins/FX/Niagara/Content/Enums/Location/ENiagara_BoxPlaneMode.uasset" 3870
"../../Plugins/FX/Niagara/Content/Enums/Location/ENiagara_ConeMode.uasset" 3871
"../../Plugins/FX/Niagara/Content/Enums/Location/ENiagara_CylinderMode.uasset" 3872
"../../Plugins/FX/Niagara/Content/Enums/Location/ENiagara_LocationShapes.uasset" 3873
"../../Plugins/FX/Niagara/Content/Enums/Location/ENiagaraRingDiscMode.uasset" 3874
"../../Plugins/FX/Niagara/Content/Enums/Transforms/ENiagara_OffsetMode.uasset" 3875
"../../Plugins/FX/Niagara/Content/Enums/Transforms/ENiagara_RotationMode.uasset" 3876
"../../Plugins/FX/Niagara/Content/Enums/Transforms/ENiagara_ScaleMode.uasset" 3877
"../../Plugins/FX/Niagara/Content/Enums/Transforms/ENiagara_TransformOrder.uasset" 3878
"../../Plugins/FX/Niagara/Content/Enums/Transforms/ENiagara_TransformType.uasset" 3879
"../../Plugins/FX/Niagara/Content/Enums/Utility/ENiagara_VelocityMode.uasset" 3880
"../../Plugins/FX/Niagara/Content/Functions/RandomRangeFloat.uasset" 3881
"../../Plugins/FX/Niagara/Content/Functions/DirectionAndLengthSafe.uasset" 3882
"../../Plugins/FX/Niagara/Content/Functions/Drag/DragVelocity.uasset" 3883
"../../Plugins/FX/Niagara/Content/Functions/Math/CentimeterMeterConversion.uasset" 3884
"../../Plugins/FX/Niagara/Content/Functions/Rotation/MultiplyVectorWithQuaternion.uasset" 3885
"../../Plugins/FX/Niagara/Content/Modules/Solvers/ApplyRotationVector.uasset" 3886
"../../Plugins/FX/Niagara/Content/Icons/Modules/T_Icon_Solver_LimitAccel.uasset" 3887
"../../Plugins/FX/Niagara/Content/Icons/Modules/T_Icon_Solver_LimitSpeed.uasset" 3888
"../../Plugins/FX/Niagara/Content/Icons/Modules/T_Icon_Solver_RotationalSolve.uasset" 3889
"../../Plugins/FX/Niagara/Content/Functions/Localspace/TransformPosition.uasset" 3890
"../../Plugins/FX/Niagara/Content/Functions/Math/CalculateRandomPointInConeSphereIntersection.uasset" 3891
"../../Plugins/FX/Niagara/Content/Functions/NormalizedExecutionIndex.uasset" 3892
"../../Plugins/FX/Niagara/Content/Functions/ParametricTorus.uasset" 3893
"../../Plugins/FX/Niagara/Content/Functions/ParametricTorusKnot.uasset" 3894
"../../Plugins/FX/Niagara/Content/Functions/PolarToCartesianCoordinates.uasset" 3895
"../../Plugins/FX/Niagara/Content/Functions/RandomPointInBox.uasset" 3896
"../../Plugins/FX/Niagara/Content/Functions/Rotation/AngleUnitConverter.uasset" 3897
"../../Plugins/FX/Niagara/Content/Functions/Rotation/TransformStack/TransformStack_Rotation.uasset" 3898
"../../Plugins/FX/Niagara/Content/Enums/ENiagaraExpansionMode.uasset" 3899
"../../Plugins/FX/Niagara/Content/Functions/Rotation/AxisAngleToQuaternion.uasset" 3900
"../../Plugins/FX/Niagara/Content/Functions/Rotation/FindQuatBetween.uasset" 3901
"../../Plugins/FX/Niagara/Content/Functions/Rotation/InvertQuaternion.uasset" 3902
"../../Plugins/FX/Niagara/Content/Functions/Rotation/MakeQuaternionFrom3BasisVectors.uasset" 3903
"../../Plugins/FX/Niagara/Content/Functions/Rotation/MultiplyQuaternion.uasset" 3904
"../../Plugins/FX/Niagara/Content/Functions/Rotation/XYZRotationToQuaternion.uasset" 3905
"../../Plugins/FX/Niagara/Content/Functions/V2/CalculateRandomUnitVector.uasset" 3906
"../../Plugins/FX/Niagara/Content/Functions/V2/DistanceBasedFalloff.uasset" 3907
"../../Plugins/FX/Niagara/Content/Functions/GetRandomInfo.uasset" 3908
"../../Plugins/FX/Niagara/Content/Functions/Rotation/MatrixToQuaternion.uasset" 3909
"../../Plugins/FX/Niagara/Content/Functions/NormalizeDistanceRange.uasset" 3910
"/Game/PlayerCar/VFX/NS_NOS" 3911
"/Game/VoidZone/BP_LifeZone" 3912
"/Game/Assets/LevelAssets/Road" 3913
"C:/Users/PC/Documents/GitHub/KeepPushing/Content/Assets/PlayerAssets/Rig_Materials/Plaque.uasset" 3914
"C:/Users/PC/Documents/GitHub/KeepPushing/Content/PlayerCar/Particles/Dashparticle.uasset" 3915
"C:/Users/PC/Documents/GitHub/KeepPushing/Content/Assets/PlayerAssets/Rig_Materials/Neon.uasset" 3916
"C:/Users/PC/Documents/GitHub/KeepPushing/Content/Assets/PlayerAssets/Rig_Materials/PENEU.uasset" 3917
"C:/Users/PC/Documents/GitHub/KeepPushing/Content/Assets/PlayerAssets/Rig_Materials/Vitre.uasset" 3918
"C:/Users/PC/Documents/GitHub/KeepPushing/Content/Assets/PlayerAssets/Rig_Materials/Material_001.uasset" 3919
"C:/Users/PC/Documents/GitHub/KeepPushing/Content/Assets/PlayerAssets/Rig_Materials/Voiture_Carrosserie.uasset" 3920
"C:/Users/PC/Documents/GitHub/KeepPushing/Content/Assets/PlayerAssets/Rig_Materials/Jante.uasset" 3921
"C:/Users/PC/Documents/GitHub/KeepPushing/Content/Assets/PlayerAssets/Voiture_Rig_PhysicsAsset.uasset" 3922
"C:/Users/PC/Documents/GitHub/KeepPushing/Content/Assets/PlayerAssets/Rig_Materials/Phare.uasset" 3923
"C:/Users/PC/Documents/GitHub/KeepPushing/Content/Assets/PlayerAssets/Rig_Materials/Booster.uasset" 3924
"C:/Users/PC/Documents/GitHub/KeepPushing/Content/Assets/PlayerAssets/Rig_Materials/Material.uasset" 3925
"C:/Users/PC/Documents/GitHub/KeepPushing/Content/Assets/PlayerAssets/Rig_Materials/Jante_2.uasset" 3926
"C:/Users/PC/Documents/GitHub/KeepPushing/Content/Assets/PlayerAssets/Rig_Materials/Essieu.uasset" 3927
"C:/Users/PC/Documents/GitHub/KeepPushing/Content/Assets/PlayerAssets/Rig_Materials/Lumi?re_Rouge.uasset" 3928
"C:/Users/PC/Documents/GitHub/KeepPushing/Content/Assets/PlayerAssets/Voiture_Rig_Skeleton.uasset" 3929
"C:/Users/PC/Documents/GitHub/KeepPushing/Content/Assets/PlayerAssets/Voiture_Rig.uasset" 3930
"C:/Users/PC/Documents/GitHub/KeepPushing/Content/Assets/PlayerAssets/BPANIM_Car.uasset" 3931
"C:/Users/PC/Documents/GitHub/KeepPushing/Content/PlayerCar/Curve/CurveFloatDashForce.uasset" 3932
"C:/Users/PC/Documents/GitHub/KeepPushing/Content/PlayerCar/Curve/CurveFloatTorque.uasset" 3933
"C:/Users/PC/Documents/GitHub/KeepPushing/Content/InputSystem/IA_PlayerOpenMapping.uasset" 3934
"C:/Users/PC/Documents/GitHub/KeepPushing/Content/PlayerCar/BP_CarV4.uasset" 3935
"C:/Users/PC/Documents/GitHub/KeepPushing/Content/Menus/MainMenu/Video/TitleScreenVideo_Video.uasset" 3936
"C:/Users/PC/Documents/GitHub/KeepPushing/Content/Menus/MainMenu/TrackPreview/Level2/Level2Showcase.uasset" 3937
"C:/Users/PC/Documents/GitHub/KeepPushing/Content/Menus/MainMenu/TrackPreview/Level2/Level2Mp_Video_Mat.uasset" 3938
"C:/Users/PC/Documents/GitHub/KeepPushing/Content/Menus/MainMenu/TrackPreview/Level2/Level2Mp_Video.uasset" 3939
"C:/Users/PC/Documents/GitHub/KeepPushing/Content/Movies/LoadingScreenVideo.uasset" 3940
"C:/Users/PC/Documents/GitHub/KeepPushing/Content/Menus/MainMenu/TrackPreview/Level2/Level2Mp.uasset" 3941
"C:/Users/PC/Documents/GitHub/KeepPushing/Content/Menus/MainMenu/Video/M_TitleScreen.uasset" 3942
"C:/Users/PC/Documents/GitHub/KeepPushing/Content/Menus/MainMenu/Video/TitleScreenVideo.uasset" 3943
"/Game/PlayerCar/Particles/Dashparticle" 3944
"C:/Users/PC/Documents/GitHub/KeepPushing/Content/Menus/MainMenu/TrackPreview/Level1/MP_Level1_Video.uasset" 3945
"C:/Users/PC/Documents/GitHub/KeepPushing/Content/Menus/MainMenu/TrackPreview/Level1/MP_Level1_Video_Mat.uasset" 3946
"/Game/Assets/PlayerAssets/Rig_Materials/Vitre" 3947
"/Game/Assets/PlayerAssets/Rig_Materials/Plaque" 3948
"/Game/Assets/PlayerAssets/Rig_Materials/Phare" 3949
"/Game/Assets/PlayerAssets/Rig_Materials/PENEU" 3950
"/Game/Assets/PlayerAssets/Rig_Materials/Neon" 3951
"/Game/Assets/PlayerAssets/Rig_Materials/Material_001" 3952
"/Game/Assets/PlayerAssets/Rig_Materials/Jante_2" 3953
"/Game/Assets/PlayerAssets/Rig_Materials/Jante" 3954
"/Game/Assets/PlayerAssets/Rig_Materials/Booster" 3955
"/Game/Assets/PlayerAssets/Voiture_Rig_PhysicsAsset" 3956
"/Game/Assets/PlayerAssets/Rig_Materials/Material" 3957
"/Game/Assets/PlayerAssets/Rig_Materials/Lumi?re_Rouge" 3958
"/Game/Assets/PlayerAssets/Voiture_Rig_Skeleton" 3959
"/Game/PlayerCar/Curve/CurveFloatDashForce" 3960
"C:/Users/PC/Documents/GitHub/KeepPushing/Content/Menus/MainMenu/Video/SelectionLevelTexture_Mat.uasset" 3961
"C:/Users/PC/Documents/GitHub/KeepPushing/Content/Menus/MainMenu/UIs/PlayerScore.uasset" 3962
"C:/Users/PC/Documents/GitHub/KeepPushing/Content/Movies/Level1Showcase.uasset" 3963
"C:/Users/PC/Documents/GitHub/KeepPushing/Content/Menus/MainMenu/UIs/SelectLevelMenu.uasset" 3964
"C:/Users/PC/Documents/GitHub/KeepPushing/Content/Menus/MainMenu/Video/SelectionLevelTexture.uasset" 3965
"C:/Users/PC/Documents/GitHub/KeepPushing/Content/Font/Viking_Squad/vikingsquadhalf.uasset" 3966
"C:/Users/PC/Documents/GitHub/KeepPushing/Content/Menus/MainMenu/Images/contour_raid_2.uasset" 3967
"C:/Users/PC/Documents/GitHub/KeepPushing/Content/Menus/MainMenu/UIs/LevelUI.uasset" 3968
"C:/Users/PC/Documents/GitHub/KeepPushing/Content/Movies/TitleScreenBackground.uasset" 3969
"C:/Users/PC/Documents/GitHub/KeepPushing/Content/Menus/MainMenu/Video/SelectionLevel.uasset" 3970
"C:/Users/PC/Documents/GitHub/KeepPushing/Content/Font/Viking_Squad/vikingsquadital.uasset" 3971
"C:/Users/PC/Documents/GitHub/KeepPushing/Content/Font/Viking_Squad/vikingsquadital_Font.uasset" 3972
"/Game/Assets/PlayerAssets/Rig_Materials/Voiture_Carrosserie" 3973
"C:/Users/PC/Documents/GitHub/KeepPushing/Content/Menus/MainMenu/TrackPreview/Level1/MP_Level1.uasset" 3974
"C:/Users/PC/Documents/GitHub/KeepPushing/Content/Font/Viking_Squad/vikingsquadhalf_Font.uasset" 3975
"/Game/Assets/PlayerAssets/Rig_Materials/Essieu" 3976
"/Game/Assets/PlayerAssets/Voiture_Rig" 3977
"/Game/Assets/PlayerAssets/BPANIM_Car" 3978
"/Game/PlayerCar/Curve/CurveFloatTorque" 3979
"/Game/InputSystem/IA_PlayerOpenMapping" 3980
"/Game/PlayerCar/BP_CarV4" 3981
"../../../Engine/Content/EditorBlueprintResources/StandardMacros.uasset" 3982
"../../../../../GitHub/KeepPushing/Content/InputSystem/IA_Brake.uasset" 3983
"../../../../../GitHub/KeepPushing/Content/InputSystem/IA_Dash.uasset" 3984
"../../../../../GitHub/KeepPushing/Content/InputSystem/IA_Jump.uasset" 3985
"../../../../../GitHub/KeepPushing/Content/InputSystem/IA_Throttle.uasset" 3986
"../../../../../GitHub/KeepPushing/Content/InputSystem/IA_Turn.uasset" 3987
"../../../../../GitHub/KeepPushing/Content/InputSystem/IM_PlayerControls.uasset" 3988
"../../../../../GitHub/KeepPushing/Content/Assets/PlayerAssets/Voiture_Carroserie_3.uasset" 3989
"../../../../../GitHub/KeepPushing/Content/Menus/MainMenu/UIs/SettingsMenu.uasset" 3990
"../../../../../GitHub/KeepPushing/Content/InputSystem/IA_TogglePauseMenu.uasset" 3991
"../../../../../GitHub/KeepPushing/Content/Assets/PlayerAssets/Materials/Booster.uasset" 3992
"../../../../../GitHub/KeepPushing/Content/Assets/PlayerAssets/Materials/Lumi?re_Rouge.uasset" 3993
"../../../../../GitHub/KeepPushing/Content/Assets/PlayerAssets/Materials/Material.uasset" 3994
"../../../../../GitHub/KeepPushing/Content/Assets/PlayerAssets/Materials/Material_001.uasset" 3995
"../../../../../GitHub/KeepPushing/Content/Assets/PlayerAssets/Materials/Neon.uasset" 3996
"../../../../../GitHub/KeepPushing/Content/Assets/PlayerAssets/Materials/Phare.uasset" 3997
"../../../../../GitHub/KeepPushing/Content/Assets/PlayerAssets/Materials/Plaque.uasset" 3998
"../../../../../GitHub/KeepPushing/Content/Assets/PlayerAssets/Materials/Vitre.uasset" 3999
"../../../../../GitHub/KeepPushing/Content/Assets/PlayerAssets/Materials/Voiture_Carrosserie.uasset" 4000
"../../../../../GitHub/KeepPushing/Content/Player/BP_CarControllerV2.uasset" 4001
"../../../../../GitHub/KeepPushing/Content/Font/norwester/norwester_Font.uasset" 4002
"../../../../../GitHub/KeepPushing/Content/InputSystem/WB_KeySlot.uasset" 4003
"../../../../../GitHub/KeepPushing/Content/Menus/MainMenu/Images/bouton_raid_2.uasset" 4004
"../../../../../GitHub/KeepPushing/Content/Menus/MainMenu/UIs/MainMenu.uasset" 4005
"../../../../../GitHub/KeepPushing/Content/Menus/PauseMenu/PauseMenu.uasset" 4006
"../../../../../GitHub/KeepPushing/Content/EndUI/WBP_EndingUI.uasset" 4007
"../../../../../GitHub/KeepPushing/Content/InputSystem/EInputType.uasset" 4008
"../../../../../GitHub/KeepPushing/Content/Timer/WBP_TimerHUD.uasset" 4009
"../../../../../GitHub/KeepPushing/Content/Font/norwester/norwester.uasset" 4010
"../../../../../GitHub/KeepPushing/Content/Menus/MainMenu/MenuGameMode.uasset" 4011
"../../../../../GitHub/KeepPushing/Content/Font/Hard_Race_Font.uasset" 4012
"../../../../../GitHub/KeepPushing/Content/Menus/MainMenu/Hard_Race_Font.uasset" 4013
"../../../../../GitHub/KeepPushing/Content/Menus/LoadingScreen/LoadingScreen.uasset" 4014
"../../../../../GitHub/KeepPushing/Content/Menus/MainMenu/Images/titre_raid_2.uasset" 4015
"../../../../../GitHub/KeepPushing/Content/Menus/MainMenu/UIs/CreditsMenu.uasset" 4016
"../../../../../GitHub/KeepPushing/Content/Menus/MainMenu/UIs/LeaderBoard.uasset" 4017
"../../../../../GitHub/KeepPushing/Content/Menus/MainMenu/UIs/LevelUI.uasset" 4018
"../../../../../GitHub/KeepPushing/Content/Menus/MainMenu/UIs/SelectLevelMenu.uasset" 4019
"../../../../../GitHub/KeepPushing/Content/Font/Viking_Squad/vikingsquadhalf_Font.uasset" 4020
"../../../../../GitHub/KeepPushing/Content/GhostPlayer/BP_GhostManager.uasset" 4021
"../../../../../GitHub/KeepPushing/Content/Font/ds_digital/DS-DIGI_Font.uasset" 4022
"../../../../../GitHub/KeepPushing/Content/EndUI/logo_raid2.uasset" 4023
"../../../../../GitHub/KeepPushing/Content/Timer/bouton_ui_temp_raid_2.uasset" 4024
"../../../../../GitHub/KeepPushing/Content/Menus/MainMenu/MenuPlayerController.uasset" 4025
"../../../../../GitHub/KeepPushing/Content/Menus/MainMenu/Hard_Race.uasset" 4026
"../../../../../GitHub/KeepPushing/Content/Menus/LoadingScreen/LoadingScreenMP_Video_Mat.uasset" 4027
"../../../../../GitHub/KeepPushing/Content/Menus/MainMenu/Images/contour_raid_2.uasset" 4028
"../../../../../GitHub/KeepPushing/Content/Menus/MainMenu/UIs/PlayerScore.uasset" 4029
"../../../../../GitHub/KeepPushing/Content/Movies/TitleScreenBackground.uasset" 4030
"../../../../../GitHub/KeepPushing/Content/Font/Viking_Squad/vikingsquadital_Font.uasset" 4031
"../../../../../GitHub/KeepPushing/Content/Movies/Level1Showcase.uasset" 4032
"../../../../../GitHub/KeepPushing/Content/Menus/MainMenu/Video/SelectionLevelTexture_Mat.uasset" 4033
"../../../../../GitHub/KeepPushing/Content/Menus/MainMenu/TrackPreview/Level1/MP_Level1.uasset" 4034
"../../../../../GitHub/KeepPushing/Content/Font/Viking_Squad/vikingsquadhalf.uasset" 4035
"../../../../../GitHub/KeepPushing/Content/GhostPlayer/BP_GhostPlayer.uasset" 4036
"../../../../../GitHub/KeepPushing/Content/Font/ds_digital/DS-DIGI.uasset" 4037
"../../../../../GitHub/KeepPushing/Content/Menus/LoadingScreen/LoadingScreenMP_Video.uasset" 4038
"../../../../../GitHub/KeepPushing/Content/Font/Viking_Squad/vikingsquadital.uasset" 4039
"../../../../../GitHub/KeepPushing/Content/Menus/MainMenu/Video/SelectionLevelTexture.uasset" 4040
"../../../../../GitHub/KeepPushing/Content/Assets/Materials/M_Hologram.uasset" 4041
"../../../../../GitHub/KeepPushing/Content/Assets/PlayerAssets/Voiture_Roue_Arri?ret.uasset" 4042
"../../../../../GitHub/KeepPushing/Content/Assets/PlayerAssets/Voiture_Roue_Avant.uasset" 4043
"../../../../../GitHub/KeepPushing/Content/Menus/LoadingScreen/LoadingScreenMP.uasset" 4044
"../../../../../GitHub/KeepPushing/Content/Menus/MainMenu/Video/SelectionLevel.uasset" 4045
"../../../../../GitHub/KeepPushing/Content/Assets/PlayerAssets/Materials/Essieu.uasset" 4046
"../../../../../GitHub/KeepPushing/Content/Assets/PlayerAssets/Materials/Jante.uasset" 4047
"../../../../../GitHub/KeepPushing/Content/Assets/PlayerAssets/Materials/Jante_2.uasset" 4048
"../../../../../GitHub/KeepPushing/Content/Assets/PlayerAssets/Materials/PENEU.uasset" 4049
"/Game/Movies/LoadingScreenVideo" 4050
"C:/Users/PC/Documents/GitHub/KeepPushing/Content/Font/infinite_justice/Infinite_Font.uasset" 4051
"C:/Users/PC/Documents/GitHub/KeepPushing/Content/Player/BP_KeepPushingGameModeBase.uasset" 4052
"C:/Users/PC/Documents/GitHub/KeepPushing/Content/LevelDesign/StartAndFinish/Blueprrint/BP_FinishZone.uasset" 4053
"C:/Users/PC/Documents/GitHub/KeepPushing/Content/LevelDesign/StartAndFinish/UI/WBP_Countdown.uasset" 4054
"C:/Users/PC/Documents/GitHub/KeepPushing/Content/Menus/MainMenu/MainMenu.umap" 4055
"C:/Users/PC/Documents/GitHub/KeepPushing/Content/LevelDesign/StartAndFinish/Blueprrint/BP_StartRace.uasset" 4056
"../../../Engine/Content/EngineSounds/Submixes/MasterEQEffectPreset.uasset" 4057
"../../../Engine/Content/EngineSounds/Submixes/MasterEQSubmixDefault.uasset" 4058
"../../../Engine/Content/EngineSounds/Submixes/MasterSubmixDefault.uasset" 4059
"C:/Users/PC/Documents/GitHub/KeepPushing/Content/Font/infinite_justice/Infinite.uasset" 4060
"C:/Users/PC/Documents/GitHub/KeepPushing/Content/Movies/SelectionScreen.uasset" 4061
"../../../Engine/Content/EngineSounds/Submixes/MasterReverbEffectPreset.uasset" 4062
"../../../Engine/Content/EngineSounds/Submixes/MasterReverbSubmixDefault.uasset" 4063
"C:/Users/PC/Documents/GitHub/KeepPushing/Content/LevelDesign/Levels/Level_1.umap" 4064
"C:/Users/PC/Documents/GitHub/KeepPushing/Content/LevelDesign/Levels/Level_2.umap" 4065
"/Engine/EngineSounds/Submixes/MasterReverbSubmixDefault" 4066
"../../../Engine/Plugins/Interchange/Assets/Content/gltf/MaterialFunctions/MF_Normals.uasset" 4067
"../../../Engine/Plugins/Interchange/Assets/Content/gltf/MaterialFunctions/MF_SpecularAnisotropy.uasset" 4068
"../../../Engine/Plugins/Interchange/Assets/Content/gltf/MaterialFunctions/MF_ScaleNormal.uasset" 4069
"../../../Engine/Plugins/Interchange/Assets/Content/gltf/MaterialFunctions/MF_Occlusion.uasset" 4070
"../../../Engine/Plugins/Interchange/Assets/Content/Functions/MF_IridescenceNoLUT.uasset" 4071
"../../../Engine/Plugins/Interchange/Assets/Content/gltf/MaterialFunctions/MF_Emissive.uasset" 4072
"../../../Engine/Plugins/Interchange/Assets/Content/gltf/MaterialFunctions/MF_Specular.uasset" 4073
"../../../Engine/Plugins/Interchange/Assets/Content/gltf/Textures/T_Anisotropy_Direction_Linear.uasset" 4074
"../../../Engine/Plugins/Interchange/Assets/Content/gltf/MaterialFunctions/MF_IOR.uasset" 4075
"../../../Engine/Plugins/Interchange/Assets/Content/gltf/MaterialFunctions/MF_TransformUVs.uasset" 4076
"../../../Engine/Plugins/Interchange/Assets/Content/gltf/MaterialFunctions/MF_MetallicRoughness.uasset" 4077
"../../../Engine/Plugins/Interchange/Assets/Content/gltf/MaterialFunctions/MF_Iridescence.uasset" 4078
"../../../Engine/Plugins/Interchange/Assets/Content/gltf/Textures/T_White_Linear.uasset" 4079
"../../../Engine/Plugins/Interchange/Assets/Content/gltf/Textures/T_Generic_N.uasset" 4080
"../../../Engine/Plugins/Interchange/Assets/Content/gltf/MaterialFunctions/MF_RotateV2.uasset" 4081
"../../../Engine/Plugins/Interchange/Assets/Content/gltf/MaterialFunctions/MF_Clearcoat.uasset" 4082
"../../../Engine/Plugins/Interchange/Assets/Content/gltf/MaterialFunctions/MF_RotateNormals_TS.uasset" 4083
"/Game/Menus/MainMenu/MainMenu" 4084
"../../../../../GitHub/KeepPushing/Content/Menus/MainMenu/MainMenu.umap" 4085
"/Game/LevelDesign/Levels/Level_2" 4086
"../../../../../GitHub/KeepPushing/Content/LevelDesign/Levels/Level_2.umap" 4087
"/Game/LevelDesign/Levels/Level_1" 4088
"../../../../../GitHub/KeepPushing/Content/LevelDesign/Levels/Level_1.umap" 4089
"../../../Engine/Plugins/Interchange/Assets/Content/gltf/MaterialFunctions/MF_BaseColor.uasset" 4090
"../../../Engine/Plugins/Interchange/Assets/Content/Functions/MF_Iridescence.uasset" 4091
"../../../Engine/Plugins/Interchange/Assets/Content/gltf/Textures/T_White_srgb.uasset" 4092
"../../../Engine/Plugins/Interchange/Assets/Content/gltf/MaterialInstances/MI_ClearCoat_Opaque.uasset" 4093
"../../../Engine/Plugins/Interchange/Assets/Content/Utilities/New_LUT.uasset" 4094
"../../../Engine/Plugins/Interchange/Assets/Content/gltf/MaterialBodies/MF_ClearCoat_Body.uasset" 4095
"../../../Engine/Plugins/Interchange/Assets/Content/gltf/MaterialInstances/MI_ClearCoat_Opaque_DS.uasset" 4096
"../../../Engine/Plugins/Interchange/Assets/Content/gltf/M_ClearCoat.uasset" 4097
"../../../Engine/Plugins/Interchange/Assets/Content/gltf/MaterialInstances/MI_ClearCoat_Mask.uasset" 4098
"../../../Engine/Plugins/Interchange/Assets/Content/gltf/MaterialInstances/MI_ClearCoat_Blend_DS.uasset" 4099
"../../../Engine/Content/Functions/Engine_MaterialFunctions03/Math/RemapValueRange.uasset" 4100
"../../../Engine/Plugins/Interchange/Assets/Content/gltf/MaterialInstances/MI_ClearCoat_Mask_DS.uasset" 4101
"../../../Engine/Plugins/Interchange/Assets/Content/gltf/MaterialInstances/MI_ClearCoat_Blend.uasset" 4102
"../../../Engine/Content/Functions/Engine_MaterialFunctions01/Texturing/FlattenNormal.uasset" 4103
"../../../Engine/Plugins/Interchange/Assets/Content/gltf/MaterialBodies/MF_Default_Body.uasset" 4104
"/Engine/EditorResources/EmptyActor" 4105
"../../../Engine/Content/EditorResources/EmptyActor.uasset" 4106
"/Engine/EditorResources/AudioIcons/S_AudioComponent_AutoActivate" 4107
"../../../Engine/Content/EditorResources/AudioIcons/S_AudioComponent_AutoActivate.uasset" 4108
"/Game/LevelDesign/StartAndFinish/Blueprrint/BP_FinishZone" 4109
"/Game/Player/BP_KeepPushingGameModeBase" 4110
"/Game/Menus/MainMenu/Hard_Race" 4111
"/Game/Font/Viking_Squad/vikingsquadital" 4112
"/Game/Menus/MainMenu/Hard_Race_Font" 4113
"/InterchangeAssets/gltf/MaterialFunctions/MF_RotateNormals_TS" 4114
"/InterchangeAssets/gltf/Textures/T_Generic_N" 4115
"/InterchangeAssets/gltf/Textures/T_White_Linear" 4116
"/InterchangeAssets/gltf/MaterialFunctions/MF_IOR" 4117
"/InterchangeAssets/Functions/MF_IridescenceNoLUT" 4118
"/InterchangeAssets/gltf/MaterialFunctions/MF_MetallicRoughness" 4119
"/InterchangeAssets/gltf/MaterialFunctions/MF_Normals" 4120
"/InterchangeAssets/gltf/MaterialFunctions/MF_Occlusion" 4121
"/InterchangeAssets/gltf/MaterialFunctions/MF_SpecularAnisotropy" 4122
"/InterchangeAssets/gltf/MaterialFunctions/MF_TransformUVs" 4123
"../../../Engine/Plugins/Interchange/Assets/Content/gltf/MaterialBodies/MF_Sheen_Body.uasset" 4124
"../../../Engine/Plugins/Interchange/Assets/Content/gltf/M_Default.uasset" 4125
"../../../Engine/Plugins/Interchange/Assets/Content/gltf/MaterialInstances/MI_Default_Blend_DS.uasset" 4126
"../../../Engine/Plugins/Interchange/Assets/Content/gltf/MaterialInstances/MI_Default_Blend.uasset" 4127
"../../../Engine/Plugins/Interchange/Assets/Content/gltf/MaterialInstances/MI_Default_Opaque_DS.uasset" 4128
"../../../Engine/Plugins/Interchange/Assets/Content/gltf/M_Sheen.uasset" 4129
"../../../Engine/Plugins/Interchange/Assets/Content/gltf/MaterialInstances/MI_Sheen_Mask.uasset" 4130
"../../../Engine/Plugins/Interchange/Assets/Content/gltf/MaterialInstances/MI_Default_Opaque.uasset" 4131
"../../../Engine/Plugins/Interchange/Assets/Content/gltf/MaterialInstances/MI_Default_Mask.uasset" 4132
"../../../Engine/Plugins/Interchange/Assets/Content/gltf/MaterialInstances/MI_Sheen_Opaque.uasset" 4133
"../../../Engine/Plugins/Interchange/Assets/Content/gltf/MaterialInstances/MI_Default_Mask_DS.uasset" 4134
"../../../Engine/Plugins/Interchange/Assets/Content/gltf/MaterialInstances/MI_Sheen_Blend.uasset" 4135
"../../../Engine/Plugins/Interchange/Assets/Content/gltf/MaterialFunctions/MF_Sheen.uasset" 4136
"/InterchangeAssets/gltf/MaterialBodies/MF_Default_Body" 4137
"/InterchangeAssets/gltf/MaterialInstances/MI_ClearCoat_Blend_DS" 4138
"/InterchangeAssets/gltf/MaterialInstances/MI_ClearCoat_Mask_DS" 4139
"/InterchangeAssets/gltf/MaterialInstances/MI_ClearCoat_Opaque_DS" 4140
"/InterchangeAssets/gltf/MaterialInstances/MI_ClearCoat_Blend" 4141
"/InterchangeAssets/gltf/MaterialInstances/MI_ClearCoat_Mask" 4142
"/InterchangeAssets/gltf/MaterialInstances/MI_ClearCoat_Opaque" 4143
"/InterchangeAssets/gltf/MaterialInstances/MI_Sheen_Blend" 4144
"../../../Engine/Plugins/Interchange/Assets/Content/gltf/MaterialFunctions/MF_Transmission.uasset" 4145
"../../../Engine/Plugins/Interchange/Assets/Content/gltf/MaterialInstances/MI_Sheen_Opaque_DS.uasset" 4146
"../../../Engine/Plugins/Interchange/Assets/Content/gltf/MaterialFunctions/MF_Fresnel_DS.uasset" 4147
"../../../Engine/Plugins/Interchange/Assets/Content/gltf/MaterialBodies/MF_Transmission_Body.uasset" 4148
"../../../Engine/Plugins/Interchange/Assets/Content/gltf/MaterialInstances/MI_Sheen_Blend_DS.uasset" 4149
"../../../Engine/Plugins/Interchange/Assets/Content/gltf/MaterialInstances/MI_Transmission.uasset" 4150
"../../../Engine/Plugins/Interchange/Assets/Content/gltf/MaterialFunctions/MF_PerceivedBrightness.uasset" 4151
"../../../Engine/Plugins/Interchange/Assets/Content/gltf/M_Transmission.uasset" 4152
"../../../Engine/Content/Functions/Engine_MaterialFunctions02/Math/AddComponents.uasset" 4153
"../../../Engine/Plugins/Interchange/Assets/Content/gltf/MaterialInstances/MI_Transmission_DS.uasset" 4154
"../../../Engine/Plugins/Interchange/Assets/Content/gltf/MaterialFunctions/MF_DiffuseSpecGloss.uasset" 4155
"../../../Engine/Plugins/Interchange/Assets/Content/gltf/MaterialFunctions/MF_MaxComponentValue.uasset" 4156
"../../../Engine/Plugins/Interchange/Assets/Content/gltf/M_SpecularGlossiness.uasset" 4157
"../../../Engine/Plugins/Interchange/Assets/Content/gltf/MaterialInstances/MI_SpecularGlossiness_Opaque.uasset" 4158
"../../../Engine/Plugins/Interchange/Assets/Content/gltf/MaterialFunctions/MF_Temporal_Blur.uasset" 4159
"../../../Engine/Plugins/Interchange/Assets/Content/gltf/MaterialInstances/MI_Sheen_Mask_DS.uasset" 4160
"../../../Engine/Content/Functions/Engine_MaterialFunctions02/Texturing/ScreenAlignedPixelToPixelUVs.uasset" 4161
"../../../Engine/Plugins/Interchange/Assets/Content/gltf/MaterialFunctions/MF_SpecGlossToMetalRoughness.uasset" 4162
"../../../Engine/Plugins/Interchange/Assets/Content/gltf/MaterialBodies/MF_SpecularGlossiness_Body.uasset" 4163
"/InterchangeAssets/gltf/MaterialInstances/MI_Sheen_Mask" 4164
"/InterchangeAssets/gltf/MaterialInstances/MI_Sheen_Opaque" 4165
"../../../Engine/Plugins/Interchange/Assets/Shaders/ThinFilmFunctions.usf" 4166
"/InterchangeAssets/gltf/MaterialInstances/MI_Default_Blend_DS" 4167
"/InterchangeAssets/gltf/MaterialInstances/MI_Default_Mask_DS" 4168
"/InterchangeAssets/gltf/MaterialInstances/MI_Default_Opaque_DS" 4169
"/InterchangeAssets/gltf/MaterialInstances/MI_Default_Blend" 4170
"/InterchangeAssets/gltf/MaterialInstances/MI_Default_Mask" 4171
"/InterchangeAssets/gltf/MaterialInstances/MI_Default_Opaque" 4172
"/InterchangeAssets/gltf/MaterialInstances/MI_SpecularGlossiness_Opaque" 4173
"../../../Engine/Plugins/Interchange/Assets/Content/gltf/M_Unlit.uasset" 4174
"../../../Engine/Plugins/Interchange/Assets/Content/gltf/MaterialInstances/MI_SpecularGlossiness_Opaque_DS.uasset" 4175
"../../../Engine/Plugins/Interchange/Assets/Content/gltf/MaterialInstances/MI_Unlit_Opaque_DS.uasset" 4176
"../../../Engine/Plugins/Interchange/Assets/Content/gltf/MaterialInstances/MI_Unlit_Blend.uasset" 4177
"../../../Engine/Plugins/Interchange/Assets/Content/gltf/MaterialInstances/MI_Unlit_Blend_DS.uasset" 4178
"../../../Engine/Plugins/Interchange/Assets/Content/gltf/MaterialInstances/MI_SpecularGlossiness_Mask.uasset" 4179
"../../../Engine/Plugins/Interchange/Assets/Content/gltf/MaterialInstances/MI_Unlit_Mask_DS.uasset" 4180
"../../../Engine/Plugins/Interchange/Assets/Content/gltf/MaterialInstances/MI_SpecularGlossiness_Blend.uasset" 4181
"../../../Engine/Plugins/Interchange/Assets/Content/gltf/MaterialInstances/MI_SpecularGlossiness_Blend_DS.uasset" 4182
"../../../Engine/Plugins/Interchange/Assets/Content/gltf/MaterialInstances/MI_Unlit_Opaque.uasset" 4183
"../../../Engine/Plugins/Interchange/Assets/Content/gltf/MaterialInstances/MI_SpecularGlossiness_Mask_DS.uasset" 4184
"../../../Engine/Plugins/Interchange/Assets/Content/gltf/MaterialInstances/MI_Unlit_Mask.uasset" 4185
"../../../Engine/Plugins/Interchange/Assets/Content/gltf/MaterialBodies/MF_Unlit_Body.uasset" 4186
"/InterchangeAssets/gltf/MaterialInstances/MI_Transmission_DS" 4187
"/InterchangeAssets/gltf/MaterialInstances/MI_Transmission" 4188
"/InterchangeAssets/gltf/MaterialInstances/MI_Sheen_Blend_DS" 4189
"/InterchangeAssets/gltf/MaterialInstances/MI_Sheen_Mask_DS" 4190
"/InterchangeAssets/gltf/MaterialInstances/MI_Sheen_Opaque_DS" 4191
"../../../Engine/Plugins/Interchange/Assets/Content/Functions/MF_OrenNayerView.uasset" 4192
"../../../Engine/Plugins/Animation/ControlRig/Content/Controls/ControlRig_Arrow2_1mm.uasset" 4193
"../../../Engine/Plugins/Interchange/Assets/Content/Functions/MX_OpenPBR_Opaque.uasset" 4194
"../../../Engine/Plugins/Interchange/Assets/Content/Functions/MX_StandardSurface.uasset" 4195
"../../../Engine/Content/Functions/Substrate/MF_SchlickInternal.uasset" 4196
"../../../Engine/Plugins/Interchange/Assets/Content/Functions/MX_TransmissionSurface.uasset" 4197
"../../../Engine/Plugins/Interchange/Assets/Content/Functions/MX_OpenPBR_Translucent.uasset" 4198
"../../../Engine/Content/Functions/Engine_MaterialFunctions01/Volumetrics/BeersLaw.uasset" 4199
"../../../Engine/Plugins/Animation/ControlRig/Content/Controls/ControlRig_Arrow2_solid.uasset" 4200
"../../../Engine/Plugins/Interchange/Assets/Content/Functions/MX_Transmission.uasset" 4201
"../../../Engine/Plugins/Animation/ControlRig/Content/Controls/ControlRig_Arrow2_3mm.uasset" 4202
"../../../Engine/Plugins/Animation/ControlRig/Content/Controls/ControlRig_Arrow4_3mm.uasset" 4203
"../../../Engine/Plugins/Animation/ControlRig/Content/Controls/ControlRig_Arrow4_1mm.uasset" 4204
"../../../Engine/Plugins/Animation/ControlRig/Content/Controls/ControlRig_Sphere_solid.uasset" 4205
"../../../Engine/Plugins/Animation/ControlRig/Content/Controls/ControlRig_Arrow_1mm.uasset" 4206
"/InterchangeAssets/gltf/MaterialInstances/MI_Unlit_Blend_DS" 4207
"../../../Engine/Plugins/Animation/ControlRig/Content/Controls/ControlRig_Arrow4_solid.uasset" 4208
"../../../Engine/Plugins/Animation/ControlRig/Content/Controls/ControlRig_Arrow_3mm.uasset" 4209
"../../../Engine/Plugins/Animation/ControlRig/Content/Controls/ControlRig_Arrow_solid.uasset" 4210
"/InterchangeAssets/gltf/MaterialInstances/MI_Unlit_Mask_DS" 4211
"/InterchangeAssets/gltf/MaterialInstances/MI_Unlit_Opaque_DS" 4212
"/InterchangeAssets/gltf/MaterialInstances/MI_Unlit_Blend" 4213
"/InterchangeAssets/gltf/MaterialInstances/MI_Unlit_Mask" 4214
"/InterchangeAssets/gltf/MaterialInstances/MI_Unlit_Opaque" 4215
"/InterchangeAssets/gltf/MaterialInstances/MI_SpecularGlossiness_Blend_DS" 4216
"/InterchangeAssets/gltf/MaterialInstances/MI_SpecularGlossiness_Mask_DS" 4217
"/InterchangeAssets/gltf/MaterialInstances/MI_SpecularGlossiness_Opaque_DS" 4218
"/InterchangeAssets/gltf/MaterialInstances/MI_SpecularGlossiness_Blend" 4219
"/InterchangeAssets/gltf/MaterialInstances/MI_SpecularGlossiness_Mask" 4220
"/ControlRig/Controls/ControlRig_Arrow4_1mm" 4221
"../../../Engine/Plugins/Animation/ControlRig/Content/Controls/ControlRig_Circle_solid.uasset" 4222
"../../../Engine/Plugins/Animation/ControlRig/Content/Controls/ControlRig_Box_solid.uasset" 4223
"../../../Engine/Plugins/Animation/ControlRig/Content/Controls/ControlRig_Circle_1mm.uasset" 4224
"../../../Engine/Plugins/Animation/ControlRig/Content/Controls/ControlRig_Circle_3mm.uasset" 4225
"../../../Engine/Plugins/Animation/ControlRig/Content/Controls/ControlRig_Diamond_1mm.uasset" 4226
"../../../Engine/Plugins/Animation/ControlRig/Content/Controls/ControlRig_Box_1mm.uasset" 4227
"../../../Engine/Plugins/Animation/ControlRig/Content/Controls/ControlRig_Box_3mm.uasset" 4228
"../../../Engine/Plugins/Animation/ControlRig/Content/Controls/ControlRig_Diamond_3mm.uasset" 4229
"../../../Engine/Plugins/Animation/ControlRig/Content/Controls/ControlRig_Diamond_solid.uasset" 4230
"/ControlRig/Controls/ControlRig_Arrow2_solid" 4231
"/ControlRig/Controls/ControlRig_Arrow2_3mm" 4232
"/ControlRig/Controls/ControlRig_Arrow2_1mm" 4233
"/ControlRig/Controls/ControlRig_Sphere_solid" 4234
"/InterchangeAssets/Functions/MX_OpenPBR_Opaque" 4235
"/InterchangeAssets/Functions/MX_OpenPBR_Translucent" 4236
"/ControlRig/Controls/ControlRig_Arrow_solid" 4237
"/ControlRig/Controls/ControlRig_Arrow_3mm" 4238
"/ControlRig/Controls/ControlRig_Arrow_1mm" 4239
"/ControlRig/Controls/ControlRig_Arrow4_solid" 4240
"/ControlRig/Controls/ControlRig_Arrow4_3mm" 4241
"/ControlRig/Controls/ControlRig_Diamond_solid" 4242
"/ControlRig/Controls/ControlRig_Diamond_3mm" 4243
"/ControlRig/Controls/ControlRig_Diamond_1mm" 4244
"/ControlRig/Controls/ControlRig_Circle_solid" 4245
"/ControlRig/Controls/ControlRig_Circle_3mm" 4246
"/ControlRig/Controls/ControlRig_Circle_1mm" 4247
"/ControlRig/Controls/ControlRig_Box_solid" 4248
"/ControlRig/Controls/ControlRig_Box_3mm" 4249
"/ControlRig/Controls/ControlRig_Box_1mm" 4250
"../../../Engine/Plugins/Animation/ControlRig/Content/Controls/ControlRig_Hexagon_3mm.uasset" 4251
"../../../Engine/Plugins/Animation/ControlRig/Content/Controls/ControlRig_Octagon_1mm.uasset" 4252
"../../../Engine/Plugins/Animation/ControlRig/Content/Controls/ControlRig_Hexagon_solid.uasset" 4253
"../../../Engine/Plugins/Animation/ControlRig/Content/Controls/ControlRig_HalfCircle_1mm.uasset" 4254
"../../../Engine/Plugins/Animation/ControlRig/Content/Controls/ControlRig_Pyramid_1mm.uasset" 4255
"../../../Engine/Plugins/Animation/ControlRig/Content/Controls/ControlRig_Octagon_solid.uasset" 4256
"../../../Engine/Plugins/Animation/ControlRig/Content/Controls/ControlRig_Pyramid_solid.uasset" 4257
"../../../Engine/Plugins/Animation/ControlRig/Content/Controls/ControlRig_Octagon_3mm.uasset" 4258
"../../../Engine/Plugins/Animation/ControlRig/Content/Controls/ControlRig_Pyramid_3mm.uasset" 4259
"../../../Engine/Plugins/Animation/ControlRig/Content/Controls/ControlRig_QuarterCircle_1mm.uasset" 4260
"../../../Engine/Plugins/Animation/ControlRig/Content/Controls/ControlRig_HalfCircle_3mm.uasset" 4261
"../../../Engine/Plugins/Animation/ControlRig/Content/Controls/ControlRig_QuarterCircle_3mm.uasset" 4262
"../../../Engine/Plugins/Animation/ControlRig/Content/Controls/ControlRig_Hexagon_1mm.uasset" 4263
"../../../Engine/Plugins/Animation/ControlRig/Content/Controls/ControlRig_QuarterCircle_solid.uasset" 4264
"../../../Engine/Plugins/Animation/ControlRig/Content/Controls/ControlRig_HalfCircle_solid.uasset" 4265
"../../../Engine/Plugins/Animation/ControlRig/Content/Controls/ControlRig_RoundedSquare_solid.uasset" 4266
"../../../Engine/Plugins/Animation/ControlRig/Content/Controls/ControlRig_RoundedSquare_1mm.uasset" 4267
"../../../Engine/Plugins/Animation/ControlRig/Content/Controls/ControlRig_RoundedTriangle_1mm.uasset" 4268
"../../../Engine/Plugins/Animation/ControlRig/Content/Controls/ControlRig_RoundedTriangle_3mm.uasset" 4269
"../../../Engine/Plugins/Animation/ControlRig/Content/Controls/ControlRig_RoundedTriangle_solid.uasset" 4270
"../../../Engine/Plugins/Animation/ControlRig/Content/Controls/ControlRig_RoundedSquare_3mm.uasset" 4271
"../../../Engine/Plugins/Animation/ControlRig/Content/Controls/ControlRig_Sphere_3mm.uasset" 4272
"../../../Engine/Plugins/Animation/ControlRig/Content/Controls/ControlRig_Sphere_1mm.uasset" 4273
"../../../Engine/Plugins/Animation/ControlRig/Content/Controls/ControlRig_Square_3mm.uasset" 4274
"../../../Engine/Plugins/Animation/ControlRig/Content/Controls/ControlRig_Square_1mm.uasset" 4275
"../../../Engine/Plugins/Animation/ControlRig/Content/Controls/ControlRig_Square_solid.uasset" 4276
"../../../Engine/Plugins/Animation/ControlRig/Content/Controls/ControlRig_Star4_1mm.uasset" 4277
"../../../Engine/Plugins/Animation/ControlRig/Content/Controls/ControlRig_Triangle_3mm.uasset" 4278
"../../../Engine/Plugins/Animation/ControlRig/Content/Controls/ControlRig_Triangle_1mm.uasset" 4279
"../../../Engine/Plugins/Animation/ControlRig/Content/Controls/ControlRig_Star4_solid.uasset" 4280
"../../../Engine/Plugins/Animation/ControlRig/Content/Controls/ControlRig_Star4_3mm.uasset" 4281
"../../../Engine/Plugins/Animation/ControlRig/Content/Controls/ControlRig_Triangle_solid.uasset" 4282
"/ControlRig/Controls/ControlRig_Star4_3mm" 4283
"/ControlRig/Controls/ControlRig_Star4_1mm" 4284
"/ControlRig/Controls/ControlRig_Square_solid" 4285
"/ControlRig/Controls/ControlRig_Square_3mm" 4286
"/ControlRig/Controls/ControlRig_Square_1mm" 4287
"/ControlRig/Controls/ControlRig_Sphere_3mm" 4288
"/ControlRig/Controls/ControlRig_Sphere_1mm" 4289
"/ControlRig/Controls/ControlRig_RoundedTriangle_solid" 4290
"/ControlRig/Controls/ControlRig_RoundedTriangle_3mm" 4291
"/ControlRig/Controls/ControlRig_RoundedTriangle_1mm" 4292
"/ControlRig/Controls/ControlRig_RoundedSquare_solid" 4293
"/ControlRig/Controls/ControlRig_RoundedSquare_3mm" 4294
"/ControlRig/Controls/ControlRig_RoundedSquare_1mm" 4295
"/ControlRig/Controls/ControlRig_QuarterCircle_solid" 4296
"/ControlRig/Controls/ControlRig_QuarterCircle_3mm" 4297
"/ControlRig/Controls/ControlRig_QuarterCircle_1mm" 4298
"/ControlRig/Controls/ControlRig_Pyramid_solid" 4299
"/ControlRig/Controls/ControlRig_Pyramid_3mm" 4300
"/ControlRig/Controls/ControlRig_Pyramid_1mm" 4301
"/ControlRig/Controls/ControlRig_Triangle_solid" 4302
"/ControlRig/Controls/ControlRig_Triangle_3mm" 4303
"/ControlRig/Controls/ControlRig_Triangle_1mm" 4304
"/ControlRig/Controls/ControlRig_Star4_solid" 4305
"/ControlRig/Controls/ControlRig_Octagon_solid" 4306
"/ControlRig/Controls/ControlRig_Octagon_3mm" 4307
"/ControlRig/Controls/ControlRig_Octagon_1mm" 4308
"/ControlRig/Controls/ControlRig_Hexagon_solid" 4309
"/ControlRig/Controls/ControlRig_Hexagon_3mm" 4310
"/ControlRig/Controls/ControlRig_Hexagon_1mm" 4311
"/ControlRig/Controls/ControlRig_HalfCircle_solid" 4312
"/ControlRig/Controls/ControlRig_HalfCircle_3mm" 4313
"/ControlRig/Controls/ControlRig_HalfCircle_1mm" 4314
"../../../Engine/Content/Maps/Entry.umap" 4315
"../../../Engine/Plugins/Animation/ControlRig/Content/Controls/ControlRig_Wedge_solid.uasset" 4316
"../../../Engine/Plugins/Animation/ControlRig/Content/Controls/ControlRig_Wedge_3mm.uasset" 4317
"../../../Engine/Plugins/Animation/ControlRig/Content/Controls/ControlRig_Wedge_1mm.uasset" 4318
"../../../Engine/Content/Maps/Entry_BuiltData.uasset" 4319
"/Engine/Maps/Entry" 4320
"/ControlRig/Controls/ControlRig_Wedge_solid" 4321
"/ControlRig/Controls/ControlRig_Wedge_3mm" 4322
"/ControlRig/Controls/ControlRig_Wedge_1mm" 4323
"../../../Engine/Content/EditorMaterials/PreviewShadowIndicator.uasset" 4324
"../../../Engine/Content/EditorMaterials/PreviewShadowIndicatorMaterial.uasset" 4325
"../../../Engine/Content/EngineMaterials/Substrate/GLints/dict_16_192_64_0p5_0p02_0063_0002.uasset" 4326
"../../../Engine/Content/EngineMaterials/Substrate/GLints/dict_16_192_64_0p5_0p02_0063_0003.uasset" 4327
"../../../Engine/Content/EngineMaterials/Substrate/GLints/dict_16_192_64_0p5_0p02_0063_0014.uasset" 4328
"../../../Engine/Content/EngineMaterials/Substrate/GLints/dict_16_192_64_0p5_0p02_0063_0007.uasset" 4329
"../../../Engine/Content/EngineMaterials/Substrate/GLints/dict_16_192_64_0p5_0p02_0063_0013.uasset" 4330
"../../../Engine/Content/EngineMaterials/Substrate/GLints/dict_16_192_64_0p5_0p02_0063_0012.uasset" 4331
"../../../Engine/Content/EngineMaterials/Substrate/GLints/dict_16_192_64_0p5_0p02_0063_0004.uasset" 4332
"../../../Engine/Content/EngineMaterials/Substrate/GLints/dict_16_192_64_0p5_0p02_0063_0015.uasset" 4333
"../../../Engine/Content/EngineMaterials/Substrate/GLints/dict_16_192_64_0p5_0p02_0063_0011.uasset" 4334
"../../../Engine/Content/EngineMaterials/Substrate/GLints/dict_16_192_64_0p5_0p02_0063_0005.uasset" 4335
"../../../Engine/Content/EngineMaterials/Substrate/GLints/dict_16_192_64_0p5_0p02_0063_0000.uasset" 4336
"../../../Engine/Content/EngineMaterials/Substrate/GLints/dict_16_192_64_0p5_0p02_0063_0006.uasset" 4337
"../../../Engine/Content/EngineMaterials/Substrate/GLints/dict_16_192_64_0p5_0p02_0063_0001.uasset" 4338
"../../../Engine/Content/EngineMaterials/Substrate/GLints/dict_16_192_64_0p5_0p02_0062_0013.uasset" 4339
"../../../Engine/Content/EngineMaterials/Substrate/GLints/dict_16_192_64_0p5_0p02_0063_0009.uasset" 4340
"../../../Engine/Content/EngineMaterials/Substrate/GLints/dict_16_192_64_0p5_0p02_0062_0014.uasset" 4341
"../../../Engine/Content/EngineMaterials/Substrate/GLints/dict_16_192_64_0p5_0p02_0062_0015.uasset" 4342
"../../../Engine/Content/EngineMaterials/Substrate/GLints/dict_16_192_64_0p5_0p02_0062_0012.uasset" 4343
"../../../Engine/Content/EngineMaterials/Substrate/GLints/dict_16_192_64_0p5_0p02_0062_0011.uasset" 4344
"../../../Engine/Content/EngineMaterials/Substrate/GLints/dict_16_192_64_0p5_0p02_0063_0008.uasset" 4345
"../../../Engine/Content/EngineMaterials/Substrate/GLints/dict_16_192_64_0p5_0p02_0062_0008.uasset" 4346
"../../../Engine/Content/EngineMaterials/Substrate/GLints/dict_16_192_64_0p5_0p02_0062_0010.uasset" 4347
"../../../Engine/Content/EngineMaterials/Substrate/GLints/dict_16_192_64_0p5_0p02_0062_0006.uasset" 4348
"../../../Engine/Content/EngineMaterials/Substrate/GLints/dict_16_192_64_0p5_0p02_0062_0005.uasset" 4349
"../../../Engine/Content/EngineMaterials/Substrate/GLints/dict_16_192_64_0p5_0p02_0062_0004.uasset" 4350
"../../../Engine/Content/EngineMaterials/Substrate/GLints/dict_16_192_64_0p5_0p02_0062_0007.uasset" 4351
"../../../Engine/Content/EngineMaterials/Substrate/GLints/dict_16_192_64_0p5_0p02_0063_0010.uasset" 4352
"../../../Engine/Content/EngineMaterials/Substrate/GLints/dict_16_192_64_0p5_0p02_0062_0009.uasset" 4353
"../../../Engine/Content/EngineMaterials/Substrate/GLints/dict_16_192_64_0p5_0p02_0062_0002.uasset" 4354
"../../../Engine/Content/EngineMaterials/Substrate/GLints/dict_16_192_64_0p5_0p02_0062_0003.uasset" 4355
"/Engine/EngineMaterials/Substrate/GLints/dict_16_192_64_0p5_0p02_0062_0002" 4356
"/Engine/EngineMaterials/Substrate/GLints/dict_16_192_64_0p5_0p02_0062_0003" 4357
"/Engine/EngineMaterials/Substrate/GLints/dict_16_192_64_0p5_0p02_0062_0004" 4358
"/Engine/EngineMaterials/Substrate/GLints/dict_16_192_64_0p5_0p02_0062_0005" 4359
"/Engine/EngineMaterials/Substrate/GLints/dict_16_192_64_0p5_0p02_0062_0006" 4360
"/Engine/EngineMaterials/Substrate/GLints/dict_16_192_64_0p5_0p02_0062_0007" 4361
"/Engine/EngineMaterials/Substrate/GLints/dict_16_192_64_0p5_0p02_0062_0008" 4362
"/Engine/EngineMaterials/Substrate/GLints/dict_16_192_64_0p5_0p02_0062_0009" 4363
"/Engine/EngineMaterials/Substrate/GLints/dict_16_192_64_0p5_0p02_0062_0010" 4364
"/Engine/EngineMaterials/Substrate/GLints/dict_16_192_64_0p5_0p02_0062_0011" 4365
"/Engine/EngineMaterials/Substrate/GLints/dict_16_192_64_0p5_0p02_0062_0012" 4366
"/Engine/EngineMaterials/Substrate/GLints/dict_16_192_64_0p5_0p02_0062_0013" 4367
"/Engine/EngineMaterials/Substrate/GLints/dict_16_192_64_0p5_0p02_0062_0014" 4368
"/Engine/EngineMaterials/Substrate/GLints/dict_16_192_64_0p5_0p02_0062_0015" 4369
"/Engine/EngineMaterials/Substrate/GLints/dict_16_192_64_0p5_0p02_0063_0000" 4370
"/Engine/EngineMaterials/Substrate/GLints/dict_16_192_64_0p5_0p02_0063_0001" 4371
"/Engine/EngineMaterials/Substrate/GLints/dict_16_192_64_0p5_0p02_0063_0002" 4372
"/Engine/EngineMaterials/Substrate/GLints/dict_16_192_64_0p5_0p02_0063_0003" 4373
"/Engine/EngineMaterials/Substrate/GLints/dict_16_192_64_0p5_0p02_0063_0004" 4374
"/Engine/EngineMaterials/Substrate/GLints/dict_16_192_64_0p5_0p02_0063_0005" 4375
"/Engine/EngineMaterials/Substrate/GLints/dict_16_192_64_0p5_0p02_0063_0006" 4376
"/Engine/EngineMaterials/Substrate/GLints/dict_16_192_64_0p5_0p02_0063_0007" 4377
"/Engine/EngineMaterials/Substrate/GLints/dict_16_192_64_0p5_0p02_0063_0008" 4378
"/Engine/EngineMaterials/Substrate/GLints/dict_16_192_64_0p5_0p02_0063_0009" 4379
"/Engine/EngineMaterials/Substrate/GLints/dict_16_192_64_0p5_0p02_0063_0010" 4380
"/Engine/EngineMaterials/Substrate/GLints/dict_16_192_64_0p5_0p02_0063_0011" 4381
"/Engine/EngineMaterials/Substrate/GLints/dict_16_192_64_0p5_0p02_0063_0012" 4382
"/Engine/EngineMaterials/Substrate/GLints/dict_16_192_64_0p5_0p02_0063_0013" 4383
"/Engine/EngineMaterials/Substrate/GLints/dict_16_192_64_0p5_0p02_0063_0014" 4384
"/Engine/EngineMaterials/Substrate/GLints/dict_16_192_64_0p5_0p02_0063_0015" 4385
"/Engine/EditorMaterials/PreviewShadowIndicatorMaterial" 4386
"../../../Engine/Content/EngineMaterials/Substrate/GLints/dict_16_192_64_0p5_0p02_0062_0000.uasset" 4387
"../../../Engine/Content/EngineMaterials/Substrate/GLints/dict_16_192_64_0p5_0p02_0062_0001.uasset" 4388
"../../../Engine/Content/EngineMaterials/Substrate/GLints/dict_16_192_64_0p5_0p02_0061_0014.uasset" 4389
"../../../Engine/Content/EngineMaterials/Substrate/GLints/dict_16_192_64_0p5_0p02_0061_0015.uasset" 4390
"../../../Engine/Content/EngineMaterials/Substrate/GLints/dict_16_192_64_0p5_0p02_0061_0013.uasset" 4391
"../../../Engine/Content/EngineMaterials/Substrate/GLints/dict_16_192_64_0p5_0p02_0061_0006.uasset" 4392
"../../../Engine/Content/EngineMaterials/Substrate/GLints/dict_16_192_64_0p5_0p02_0061_0004.uasset" 4393
"../../../Engine/Content/EngineMaterials/Substrate/GLints/dict_16_192_64_0p5_0p02_0061_0005.uasset" 4394
"../../../Engine/Content/EngineMaterials/Substrate/GLints/dict_16_192_64_0p5_0p02_0061_0009.uasset" 4395
"../../../Engine/Content/EngineMaterials/Substrate/GLints/dict_16_192_64_0p5_0p02_0061_0008.uasset" 4396
"../../../Engine/Content/EngineMaterials/Substrate/GLints/dict_16_192_64_0p5_0p02_0061_0010.uasset" 4397
"../../../Engine/Content/EngineMaterials/Substrate/GLints/dict_16_192_64_0p5_0p02_0061_0001.uasset" 4398
"../../../Engine/Content/EngineMaterials/Substrate/GLints/dict_16_192_64_0p5_0p02_0061_0000.uasset" 4399
"../../../Engine/Content/EngineMaterials/Substrate/GLints/dict_16_192_64_0p5_0p02_0060_0011.uasset" 4400
"../../../Engine/Content/EngineMaterials/Substrate/GLints/dict_16_192_64_0p5_0p02_0060_0012.uasset" 4401
"../../../Engine/Content/EngineMaterials/Substrate/GLints/dict_16_192_64_0p5_0p02_0060_0010.uasset" 4402
"../../../Engine/Content/EngineMaterials/Substrate/GLints/dict_16_192_64_0p5_0p02_0060_0013.uasset" 4403
"../../../Engine/Content/EngineMaterials/Substrate/GLints/dict_16_192_64_0p5_0p02_0060_0014.uasset" 4404
"../../../Engine/Content/EngineMaterials/Substrate/GLints/dict_16_192_64_0p5_0p02_0061_0011.uasset" 4405
"../../../Engine/Content/EngineMaterials/Substrate/GLints/dict_16_192_64_0p5_0p02_0061_0003.uasset" 4406
"../../../Engine/Content/EngineMaterials/Substrate/GLints/dict_16_192_64_0p5_0p02_0061_0012.uasset" 4407
"../../../Engine/Content/EngineMaterials/Substrate/GLints/dict_16_192_64_0p5_0p02_0060_0015.uasset" 4408
"../../../Engine/Content/EngineMaterials/Substrate/GLints/dict_16_192_64_0p5_0p02_0060_0006.uasset" 4409
"../../../Engine/Content/EngineMaterials/Substrate/GLints/dict_16_192_64_0p5_0p02_0060_0009.uasset" 4410
"../../../Engine/Content/EngineMaterials/Substrate/GLints/dict_16_192_64_0p5_0p02_0061_0007.uasset" 4411
"../../../Engine/Content/EngineMaterials/Substrate/GLints/dict_16_192_64_0p5_0p02_0061_0002.uasset" 4412
"../../../Engine/Content/EngineMaterials/Substrate/GLints/dict_16_192_64_0p5_0p02_0060_0007.uasset" 4413
"../../../Engine/Content/EngineMaterials/Substrate/GLints/dict_16_192_64_0p5_0p02_0060_0005.uasset" 4414
"../../../Engine/Content/EngineMaterials/Substrate/GLints/dict_16_192_64_0p5_0p02_0060_0004.uasset" 4415
"../../../Engine/Content/EngineMaterials/Substrate/GLints/dict_16_192_64_0p5_0p02_0060_0008.uasset" 4416
"../../../Engine/Content/EngineMaterials/Substrate/GLints/dict_16_192_64_0p5_0p02_0060_0003.uasset" 4417
"../../../Engine/Content/EngineMaterials/Substrate/GLints/dict_16_192_64_0p5_0p02_0060_0002.uasset" 4418
"/Engine/EngineMaterials/Substrate/GLints/dict_16_192_64_0p5_0p02_0060_0002" 4419
"/Engine/EngineMaterials/Substrate/GLints/dict_16_192_64_0p5_0p02_0060_0003" 4420
"/Engine/EngineMaterials/Substrate/GLints/dict_16_192_64_0p5_0p02_0060_0004" 4421
"/Engine/EngineMaterials/Substrate/GLints/dict_16_192_64_0p5_0p02_0060_0005" 4422
"/Engine/EngineMaterials/Substrate/GLints/dict_16_192_64_0p5_0p02_0060_0006" 4423
"/Engine/EngineMaterials/Substrate/GLints/dict_16_192_64_0p5_0p02_0060_0007" 4424
"/Engine/EngineMaterials/Substrate/GLints/dict_16_192_64_0p5_0p02_0060_0008" 4425
"/Engine/EngineMaterials/Substrate/GLints/dict_16_192_64_0p5_0p02_0060_0009" 4426
"/Engine/EngineMaterials/Substrate/GLints/dict_16_192_64_0p5_0p02_0060_0010" 4427
"/Engine/EngineMaterials/Substrate/GLints/dict_16_192_64_0p5_0p02_0060_0011" 4428
"/Engine/EngineMaterials/Substrate/GLints/dict_16_192_64_0p5_0p02_0060_0012" 4429
"/Engine/EngineMaterials/Substrate/GLints/dict_16_192_64_0p5_0p02_0060_0013" 4430
"/Engine/EngineMaterials/Substrate/GLints/dict_16_192_64_0p5_0p02_0060_0014" 4431
"/Engine/EngineMaterials/Substrate/GLints/dict_16_192_64_0p5_0p02_0060_0015" 4432
"/Engine/EngineMaterials/Substrate/GLints/dict_16_192_64_0p5_0p02_0061_0000" 4433
"/Engine/EngineMaterials/Substrate/GLints/dict_16_192_64_0p5_0p02_0061_0001" 4434
"/Engine/EngineMaterials/Substrate/GLints/dict_16_192_64_0p5_0p02_0061_0002" 4435
"/Engine/EngineMaterials/Substrate/GLints/dict_16_192_64_0p5_0p02_0061_0003" 4436
"/Engine/EngineMaterials/Substrate/GLints/dict_16_192_64_0p5_0p02_0061_0004" 4437
"/Engine/EngineMaterials/Substrate/GLints/dict_16_192_64_0p5_0p02_0061_0005" 4438
"/Engine/EngineMaterials/Substrate/GLints/dict_16_192_64_0p5_0p02_0061_0006" 4439
"/Engine/EngineMaterials/Substrate/GLints/dict_16_192_64_0p5_0p02_0061_0007" 4440
"/Engine/EngineMaterials/Substrate/GLints/dict_16_192_64_0p5_0p02_0061_0008" 4441
"/Engine/EngineMaterials/Substrate/GLints/dict_16_192_64_0p5_0p02_0061_0009" 4442
"/Engine/EngineMaterials/Substrate/GLints/dict_16_192_64_0p5_0p02_0061_0010" 4443
"/Engine/EngineMaterials/Substrate/GLints/dict_16_192_64_0p5_0p02_0061_0011" 4444
"/Engine/EngineMaterials/Substrate/GLints/dict_16_192_64_0p5_0p02_0061_0012" 4445
"/Engine/EngineMaterials/Substrate/GLints/dict_16_192_64_0p5_0p02_0061_0013" 4446
"/Engine/EngineMaterials/Substrate/GLints/dict_16_192_64_0p5_0p02_0061_0014" 4447
"/Engine/EngineMaterials/Substrate/GLints/dict_16_192_64_0p5_0p02_0061_0015" 4448
"/Engine/EngineMaterials/Substrate/GLints/dict_16_192_64_0p5_0p02_0062_0000" 4449
"/Engine/EngineMaterials/Substrate/GLints/dict_16_192_64_0p5_0p02_0062_0001" 4450
"../../../Engine/Content/EngineMaterials/Substrate/GLints/dict_16_192_64_0p5_0p02_0059_0009.uasset" 4451
"../../../Engine/Content/EngineMaterials/Substrate/GLints/dict_16_192_64_0p5_0p02_0059_0010.uasset" 4452
"../../../Engine/Content/EngineMaterials/Substrate/GLints/dict_16_192_64_0p5_0p02_0059_0007.uasset" 4453
"../../../Engine/Content/EngineMaterials/Substrate/GLints/dict_16_192_64_0p5_0p02_0060_0000.uasset" 4454
"../../../Engine/Content/EngineMaterials/Substrate/GLints/dict_16_192_64_0p5_0p02_0059_0012.uasset" 4455
"../../../Engine/Content/EngineMaterials/Substrate/GLints/dict_16_192_64_0p5_0p02_0059_0011.uasset" 4456
"../../../Engine/Content/EngineMaterials/Substrate/GLints/dict_16_192_64_0p5_0p02_0059_0014.uasset" 4457
"../../../Engine/Content/EngineMaterials/Substrate/GLints/dict_16_192_64_0p5_0p02_0059_0006.uasset" 4458
"../../../Engine/Content/EngineMaterials/Substrate/GLints/dict_16_192_64_0p5_0p02_0059_0015.uasset" 4459
"../../../Engine/Content/EngineMaterials/Substrate/GLints/dict_16_192_64_0p5_0p02_0059_0013.uasset" 4460
"../../../Engine/Content/EngineMaterials/Substrate/GLints/dict_16_192_64_0p5_0p02_0059_0008.uasset" 4461
"../../../Engine/Content/EngineMaterials/Substrate/GLints/dict_16_192_64_0p5_0p02_0060_0001.uasset" 4462
"../../../Engine/Content/EngineMaterials/Substrate/GLints/dict_16_192_64_0p5_0p02_0059_0003.uasset" 4463
"../../../Engine/Content/EngineMaterials/Substrate/GLints/dict_16_192_64_0p5_0p02_0059_0005.uasset" 4464
"../../../Engine/Content/EngineMaterials/Substrate/GLints/dict_16_192_64_0p5_0p02_0059_0004.uasset" 4465
"../../../Engine/Content/EngineMaterials/Substrate/GLints/dict_16_192_64_0p5_0p02_0058_0015.uasset" 4466
"../../../Engine/Content/EngineMaterials/Substrate/GLints/dict_16_192_64_0p5_0p02_0059_0000.uasset" 4467
"../../../Engine/Content/EngineMaterials/Substrate/GLints/dict_16_192_64_0p5_0p02_0058_0014.uasset" 4468
"../../../Engine/Content/EngineMaterials/Substrate/GLints/dict_16_192_64_0p5_0p02_0059_0002.uasset" 4469
"../../../Engine/Content/EngineMaterials/Substrate/GLints/dict_16_192_64_0p5_0p02_0059_0001.uasset" 4470
"../../../Engine/Content/EngineMaterials/Substrate/GLints/dict_16_192_64_0p5_0p02_0058_0013.uasset" 4471
"../../../Engine/Content/EngineMaterials/Substrate/GLints/dict_16_192_64_0p5_0p02_0058_0012.uasset" 4472
"../../../Engine/Content/EngineMaterials/Substrate/GLints/dict_16_192_64_0p5_0p02_0058_0010.uasset" 4473
"../../../Engine/Content/EngineMaterials/Substrate/GLints/dict_16_192_64_0p5_0p02_0058_0011.uasset" 4474
"../../../Engine/Content/EngineMaterials/Substrate/GLints/dict_16_192_64_0p5_0p02_0058_0006.uasset" 4475
"../../../Engine/Content/EngineMaterials/Substrate/GLints/dict_16_192_64_0p5_0p02_0058_0005.uasset" 4476
"../../../Engine/Content/EngineMaterials/Substrate/GLints/dict_16_192_64_0p5_0p02_0058_0008.uasset" 4477
"../../../Engine/Content/EngineMaterials/Substrate/GLints/dict_16_192_64_0p5_0p02_0058_0004.uasset" 4478
"../../../Engine/Content/EngineMaterials/Substrate/GLints/dict_16_192_64_0p5_0p02_0058_0002.uasset" 4479
"../../../Engine/Content/EngineMaterials/Substrate/GLints/dict_16_192_64_0p5_0p02_0058_0003.uasset" 4480
"../../../Engine/Content/EngineMaterials/Substrate/GLints/dict_16_192_64_0p5_0p02_0058_0009.uasset" 4481
"../../../Engine/Content/EngineMaterials/Substrate/GLints/dict_16_192_64_0p5_0p02_0058_0007.uasset" 4482
"../../../Engine/Plugins/Animation/DeformerGraph/Shaders/Private/DataInterfaceCustomComputeKernel.ush" 4483
"../../../Engine/Plugins/Animation/DeformerGraph/Shaders/Private/DataInterfaceCloth.ush" 4484
"../../../Engine/Plugins/Animation/DeformerGraph/Shaders/Private/DataInterfaceSkinnedMeshRead.ush" 4485
"../../../Engine/Plugins/Animation/DeformerGraph/Shaders/Private/DataInterfaceSkeleton.ush" 4486
"../../../Engine/Plugins/Animation/DeformerGraph/Shaders/Private/DataInterfaceSkeletonCommon.ush" 4487
"../../../Engine/Plugins/Animation/DeformerGraph/Shaders/Private/DataInterfaceMorphTarget.ush" 4488
"../../../Engine/Plugins/Animation/DeformerGraph/Shaders/Private/DataInterfaceSkinnedMeshWrite.ush" 4489
"../../../Engine/Plugins/Animation/DeformerGraph/Shaders/Private/DataInterfaceRawBuffer.ush" 4490
"../../../Engine/Plugins/Runtime/ComputeFramework/Shaders/Private/BufferAlias.ush" 4491
"../../../Engine/Plugins/Animation/DeformerGraph/Shaders/Private/DataInterfaceSkinnedMesh.ush" 4492
"../../../Engine/Plugins/Animation/DeformerGraph/Shaders/Private/DataInterfaceHalfEdge.ush" 4493
"/Engine/EngineMaterials/Substrate/GLints/dict_16_192_64_0p5_0p02_0058_0002" 4494
"/Engine/EngineMaterials/Substrate/GLints/dict_16_192_64_0p5_0p02_0058_0003" 4495
"/Engine/EngineMaterials/Substrate/GLints/dict_16_192_64_0p5_0p02_0058_0004" 4496
"/Engine/EngineMaterials/Substrate/GLints/dict_16_192_64_0p5_0p02_0058_0005" 4497
"/Engine/EngineMaterials/Substrate/GLints/dict_16_192_64_0p5_0p02_0058_0006" 4498
"/Engine/EngineMaterials/Substrate/GLints/dict_16_192_64_0p5_0p02_0058_0007" 4499
"/Engine/EngineMaterials/Substrate/GLints/dict_16_192_64_0p5_0p02_0058_0008" 4500
"/Engine/EngineMaterials/Substrate/GLints/dict_16_192_64_0p5_0p02_0058_0009" 4501
"/Engine/EngineMaterials/Substrate/GLints/dict_16_192_64_0p5_0p02_0058_0010" 4502
"/Engine/EngineMaterials/Substrate/GLints/dict_16_192_64_0p5_0p02_0058_0011" 4503
"/Engine/EngineMaterials/Substrate/GLints/dict_16_192_64_0p5_0p02_0058_0012" 4504
"/Engine/EngineMaterials/Substrate/GLints/dict_16_192_64_0p5_0p02_0058_0013" 4505
"/Engine/EngineMaterials/Substrate/GLints/dict_16_192_64_0p5_0p02_0058_0014" 4506
"/Engine/EngineMaterials/Substrate/GLints/dict_16_192_64_0p5_0p02_0058_0015" 4507
"/Engine/EngineMaterials/Substrate/GLints/dict_16_192_64_0p5_0p02_0059_0000" 4508
"/Engine/EngineMaterials/Substrate/GLints/dict_16_192_64_0p5_0p02_0059_0001" 4509
"/Engine/EngineMaterials/Substrate/GLints/dict_16_192_64_0p5_0p02_0059_0002" 4510
"/Engine/EngineMaterials/Substrate/GLints/dict_16_192_64_0p5_0p02_0059_0003" 4511
"/Engine/EngineMaterials/Substrate/GLints/dict_16_192_64_0p5_0p02_0059_0004" 4512
"/Engine/EngineMaterials/Substrate/GLints/dict_16_192_64_0p5_0p02_0059_0005" 4513
"/Engine/EngineMaterials/Substrate/GLints/dict_16_192_64_0p5_0p02_0059_0006" 4514
"/Engine/EngineMaterials/Substrate/GLints/dict_16_192_64_0p5_0p02_0059_0007" 4515
"/Engine/EngineMaterials/Substrate/GLints/dict_16_192_64_0p5_0p02_0059_0008" 4516
"/Engine/EngineMaterials/Substrate/GLints/dict_16_192_64_0p5_0p02_0059_0009" 4517
"/Engine/EngineMaterials/Substrate/GLints/dict_16_192_64_0p5_0p02_0059_0010" 4518
"/Engine/EngineMaterials/Substrate/GLints/dict_16_192_64_0p5_0p02_0059_0011" 4519
"/Engine/EngineMaterials/Substrate/GLints/dict_16_192_64_0p5_0p02_0059_0012" 4520
"/Engine/EngineMaterials/Substrate/GLints/dict_16_192_64_0p5_0p02_0059_0013" 4521
"/Engine/EngineMaterials/Substrate/GLints/dict_16_192_64_0p5_0p02_0059_0014" 4522
"/Engine/EngineMaterials/Substrate/GLints/dict_16_192_64_0p5_0p02_0059_0015" 4523
"/Engine/EngineMaterials/Substrate/GLints/dict_16_192_64_0p5_0p02_0060_0000" 4524
"/Engine/EngineMaterials/Substrate/GLints/dict_16_192_64_0p5_0p02_0060_0001" 4525
"../../../Engine/Content/EngineMaterials/Substrate/GLints/dict_16_192_64_0p5_0p02_0058_0001.uasset" 4526
"../../../Engine/Content/EngineMaterials/Substrate/GLints/dict_16_192_64_0p5_0p02_0058_0000.uasset" 4527
"../../../Engine/Content/EngineMaterials/Substrate/GLints/dict_16_192_64_0p5_0p02_0057_0013.uasset" 4528
"../../../Engine/Content/EngineMaterials/Substrate/GLints/dict_16_192_64_0p5_0p02_0057_0015.uasset" 4529
"../../../Engine/Content/EngineMaterials/Substrate/GLints/dict_16_192_64_0p5_0p02_0057_0012.uasset" 4530
"../../../Engine/Content/EngineMaterials/Substrate/GLints/dict_16_192_64_0p5_0p02_0057_0007.uasset" 4531
"../../../Engine/Content/EngineMaterials/Substrate/GLints/dict_16_192_64_0p5_0p02_0057_0014.uasset" 4532
"../../../Engine/Content/EngineMaterials/Substrate/GLints/dict_16_192_64_0p5_0p02_0057_0011.uasset" 4533
"../../../Engine/Content/EngineMaterials/Substrate/GLints/dict_16_192_64_0p5_0p02_0057_0005.uasset" 4534
"../../../Engine/Content/EngineMaterials/Substrate/GLints/dict_16_192_64_0p5_0p02_0057_0008.uasset" 4535
"../../../Engine/Content/EngineMaterials/Substrate/GLints/dict_16_192_64_0p5_0p02_0057_0006.uasset" 4536
"../../../Engine/Content/EngineMaterials/Substrate/GLints/dict_16_192_64_0p5_0p02_0057_0010.uasset" 4537
"../../../Engine/Content/EngineMaterials/Substrate/GLints/dict_16_192_64_0p5_0p02_0057_0009.uasset" 4538
"../../../Engine/Content/EngineMaterials/Substrate/GLints/dict_16_192_64_0p5_0p02_0057_0004.uasset" 4539
"../../../Engine/Content/EngineMaterials/Substrate/GLints/dict_16_192_64_0p5_0p02_0057_0003.uasset" 4540
"../../../Engine/Content/EngineMaterials/Substrate/GLints/dict_16_192_64_0p5_0p02_0056_0014.uasset" 4541
"../../../Engine/Content/EngineMaterials/Substrate/GLints/dict_16_192_64_0p5_0p02_0057_0001.uasset" 4542
"../../../Engine/Content/EngineMaterials/Substrate/GLints/dict_16_192_64_0p5_0p02_0056_0013.uasset" 4543
"../../../Engine/Content/EngineMaterials/Substrate/GLints/dict_16_192_64_0p5_0p02_0056_0015.uasset" 4544
"../../../Engine/Content/EngineMaterials/Substrate/GLints/dict_16_192_64_0p5_0p02_0056_0011.uasset" 4545
"../../../Engine/Content/EngineMaterials/Substrate/GLints/dict_16_192_64_0p5_0p02_0056_0010.uasset" 4546
"../../../Engine/Content/EngineMaterials/Substrate/GLints/dict_16_192_64_0p5_0p02_0056_0009.uasset" 4547
"../../../Engine/Content/EngineMaterials/Substrate/GLints/dict_16_192_64_0p5_0p02_0056_0012.uasset" 4548
"../../../Engine/Content/EngineMaterials/Substrate/GLints/dict_16_192_64_0p5_0p02_0056_0008.uasset" 4549
"../../../Engine/Content/EngineMaterials/Substrate/GLints/dict_16_192_64_0p5_0p02_0056_0007.uasset" 4550
"../../../Engine/Content/EngineMaterials/Substrate/GLints/dict_16_192_64_0p5_0p02_0057_0002.uasset" 4551
"../../../Engine/Content/EngineMaterials/Substrate/GLints/dict_16_192_64_0p5_0p02_0056_0002.uasset" 4552
"../../../Engine/Content/EngineMaterials/Substrate/GLints/dict_16_192_64_0p5_0p02_0056_0003.uasset" 4553
"../../../Engine/Content/EngineMaterials/Substrate/GLints/dict_16_192_64_0p5_0p02_0056_0005.uasset" 4554
"../../../Engine/Content/EngineMaterials/Substrate/GLints/dict_16_192_64_0p5_0p02_0056_0004.uasset" 4555
"../../../Engine/Content/EngineMaterials/Substrate/GLints/dict_16_192_64_0p5_0p02_0056_0006.uasset" 4556
"../../../Engine/Content/EngineMaterials/Substrate/GLints/dict_16_192_64_0p5_0p02_0057_0000.uasset" 4557
"/Engine/EngineMaterials/Substrate/GLints/dict_16_192_64_0p5_0p02_0056_0002" 4558
"/Engine/EngineMaterials/Substrate/GLints/dict_16_192_64_0p5_0p02_0056_0003" 4559
"/Engine/EngineMaterials/Substrate/GLints/dict_16_192_64_0p5_0p02_0056_0004" 4560
"/Engine/EngineMaterials/Substrate/GLints/dict_16_192_64_0p5_0p02_0056_0005" 4561
"/Engine/EngineMaterials/Substrate/GLints/dict_16_192_64_0p5_0p02_0056_0006" 4562
"/Engine/EngineMaterials/Substrate/GLints/dict_16_192_64_0p5_0p02_0056_0007" 4563
"/Engine/EngineMaterials/Substrate/GLints/dict_16_192_64_0p5_0p02_0056_0008" 4564
"/Engine/EngineMaterials/Substrate/GLints/dict_16_192_64_0p5_0p02_0056_0009" 4565
"/Engine/EngineMaterials/Substrate/GLints/dict_16_192_64_0p5_0p02_0056_0010" 4566
"/Engine/EngineMaterials/Substrate/GLints/dict_16_192_64_0p5_0p02_0056_0011" 4567
"/Engine/EngineMaterials/Substrate/GLints/dict_16_192_64_0p5_0p02_0056_0012" 4568
"/Engine/EngineMaterials/Substrate/GLints/dict_16_192_64_0p5_0p02_0056_0013" 4569
"/Engine/EngineMaterials/Substrate/GLints/dict_16_192_64_0p5_0p02_0056_0014" 4570
"/Engine/EngineMaterials/Substrate/GLints/dict_16_192_64_0p5_0p02_0056_0015" 4571
"/Engine/EngineMaterials/Substrate/GLints/dict_16_192_64_0p5_0p02_0057_0000" 4572
"/Engine/EngineMaterials/Substrate/GLints/dict_16_192_64_0p5_0p02_0057_0001" 4573
"/Engine/EngineMaterials/Substrate/GLints/dict_16_192_64_0p5_0p02_0057_0002" 4574
"/Engine/EngineMaterials/Substrate/GLints/dict_16_192_64_0p5_0p02_0057_0003" 4575
"/Engine/EngineMaterials/Substrate/GLints/dict_16_192_64_0p5_0p02_0057_0004" 4576
"/Engine/EngineMaterials/Substrate/GLints/dict_16_192_64_0p5_0p02_0057_0005" 4577
"/Engine/EngineMaterials/Substrate/GLints/dict_16_192_64_0p5_0p02_0057_0006" 4578
"/Engine/EngineMaterials/Substrate/GLints/dict_16_192_64_0p5_0p02_0057_0007" 4579
"/Engine/EngineMaterials/Substrate/GLints/dict_16_192_64_0p5_0p02_0057_0008" 4580
"/Engine/EngineMaterials/Substrate/GLints/dict_16_192_64_0p5_0p02_0057_0009" 4581
"/Engine/EngineMaterials/Substrate/GLints/dict_16_192_64_0p5_0p02_0057_0010" 4582
"/Engine/EngineMaterials/Substrate/GLints/dict_16_192_64_0p5_0p02_0057_0011" 4583
"/Engine/EngineMaterials/Substrate/GLints/dict_16_192_64_0p5_0p02_0057_0012" 4584
"/Engine/EngineMaterials/Substrate/GLints/dict_16_192_64_0p5_0p02_0057_0013" 4585
"/Engine/EngineMaterials/Substrate/GLints/dict_16_192_64_0p5_0p02_0057_0014" 4586
"/Engine/EngineMaterials/Substrate/GLints/dict_16_192_64_0p5_0p02_0057_0015" 4587
"/Engine/EngineMaterials/Substrate/GLints/dict_16_192_64_0p5_0p02_0058_0000" 4588
"/Engine/EngineMaterials/Substrate/GLints/dict_16_192_64_0p5_0p02_0058_0001" 4589
"../../../Engine/Content/EngineMaterials/Substrate/GLints/dict_16_192_64_0p5_0p02_0056_0000.uasset" 4590
"../../../Engine/Content/EngineMaterials/Substrate/GLints/dict_16_192_64_0p5_0p02_0055_0015.uasset" 4591
"../../../Engine/Content/EngineMaterials/Substrate/GLints/dict_16_192_64_0p5_0p02_0056_0001.uasset" 4592
"../../../Engine/Content/EngineMaterials/Substrate/GLints/dict_16_192_64_0p5_0p02_0055_0013.uasset" 4593
"../../../Engine/Content/EngineMaterials/Substrate/GLints/dict_16_192_64_0p5_0p02_0055_0011.uasset" 4594
"../../../Engine/Content/EngineMaterials/Substrate/GLints/dict_16_192_64_0p5_0p02_0055_0014.uasset" 4595
"../../../Engine/Content/EngineMaterials/Substrate/GLints/dict_16_192_64_0p5_0p02_0055_0012.uasset" 4596
"../../../Engine/Content/EngineMaterials/Substrate/GLints/dict_16_192_64_0p5_0p02_0055_0007.uasset" 4597
"../../../Engine/Content/EngineMaterials/Substrate/GLints/dict_16_192_64_0p5_0p02_0055_0010.uasset" 4598
"../../../Engine/Content/EngineMaterials/Substrate/GLints/dict_16_192_64_0p5_0p02_0055_0008.uasset" 4599
"../../../Engine/Content/EngineMaterials/Substrate/GLints/dict_16_192_64_0p5_0p02_0055_0006.uasset" 4600
"../../../Engine/Content/EngineMaterials/Substrate/GLints/dict_16_192_64_0p5_0p02_0055_0009.uasset" 4601
"../../../Engine/Content/EngineMaterials/Substrate/GLints/dict_16_192_64_0p5_0p02_0055_0005.uasset" 4602
"../../../Engine/Content/EngineMaterials/Substrate/GLints/dict_16_192_64_0p5_0p02_0055_0003.uasset" 4603
"../../../Engine/Content/EngineMaterials/Substrate/GLints/dict_16_192_64_0p5_0p02_0055_0000.uasset" 4604
"../../../Engine/Content/EngineMaterials/Substrate/GLints/dict_16_192_64_0p5_0p02_0055_0001.uasset" 4605
"../../../Engine/Content/EngineMaterials/Substrate/GLints/dict_16_192_64_0p5_0p02_0055_0002.uasset" 4606
"../../../Engine/Content/EngineMaterials/Substrate/GLints/dict_16_192_64_0p5_0p02_0055_0004.uasset" 4607
"../../../Engine/Content/EngineMaterials/Substrate/GLints/dict_16_192_64_0p5_0p02_0054_0015.uasset" 4608
"../../../Engine/Content/EngineMaterials/Substrate/GLints/dict_16_192_64_0p5_0p02_0054_0014.uasset" 4609
"../../../Engine/Content/EngineMaterials/Substrate/GLints/dict_16_192_64_0p5_0p02_0054_0012.uasset" 4610
"../../../Engine/Content/EngineMaterials/Substrate/GLints/dict_16_192_64_0p5_0p02_0054_0011.uasset" 4611
"../../../Engine/Content/EngineMaterials/Substrate/GLints/dict_16_192_64_0p5_0p02_0054_0013.uasset" 4612
"../../../Engine/Content/EngineMaterials/Substrate/GLints/dict_16_192_64_0p5_0p02_0054_0010.uasset" 4613
"../../../Engine/Content/EngineMaterials/Substrate/GLints/dict_16_192_64_0p5_0p02_0054_0009.uasset" 4614
"../../../Engine/Content/EngineMaterials/Substrate/GLints/dict_16_192_64_0p5_0p02_0054_0007.uasset" 4615
"../../../Engine/Content/EngineMaterials/Substrate/GLints/dict_16_192_64_0p5_0p02_0054_0008.uasset" 4616
"../../../Engine/Content/EngineMaterials/Substrate/GLints/dict_16_192_64_0p5_0p02_0054_0006.uasset" 4617
"../../../Engine/Content/EngineMaterials/Substrate/GLints/dict_16_192_64_0p5_0p02_0054_0004.uasset" 4618
"../../../Engine/Content/EngineMaterials/Substrate/GLints/dict_16_192_64_0p5_0p02_0054_0005.uasset" 4619
"../../../Engine/Content/EngineMaterials/Substrate/GLints/dict_16_192_64_0p5_0p02_0054_0003.uasset" 4620
"../../../Engine/Content/EngineMaterials/Substrate/GLints/dict_16_192_64_0p5_0p02_0054_0002.uasset" 4621
"/Engine/EngineMaterials/Substrate/GLints/dict_16_192_64_0p5_0p02_0054_0002" 4622
"/Engine/EngineMaterials/Substrate/GLints/dict_16_192_64_0p5_0p02_0054_0003" 4623
"/Engine/EngineMaterials/Substrate/GLints/dict_16_192_64_0p5_0p02_0054_0004" 4624
"/Engine/EngineMaterials/Substrate/GLints/dict_16_192_64_0p5_0p02_0054_0005" 4625
"/Engine/EngineMaterials/Substrate/GLints/dict_16_192_64_0p5_0p02_0054_0006" 4626
"/Engine/EngineMaterials/Substrate/GLints/dict_16_192_64_0p5_0p02_0054_0007" 4627
"/Engine/EngineMaterials/Substrate/GLints/dict_16_192_64_0p5_0p02_0054_0008" 4628
"/Engine/EngineMaterials/Substrate/GLints/dict_16_192_64_0p5_0p02_0054_0009" 4629
"/Engine/EngineMaterials/Substrate/GLints/dict_16_192_64_0p5_0p02_0054_0010" 4630
"/Engine/EngineMaterials/Substrate/GLints/dict_16_192_64_0p5_0p02_0054_0011" 4631
"/Engine/EngineMaterials/Substrate/GLints/dict_16_192_64_0p5_0p02_0054_0012" 4632
"/Engine/EngineMaterials/Substrate/GLints/dict_16_192_64_0p5_0p02_0054_0013" 4633
"/Engine/EngineMaterials/Substrate/GLints/dict_16_192_64_0p5_0p02_0054_0014" 4634
"/Engine/EngineMaterials/Substrate/GLints/dict_16_192_64_0p5_0p02_0054_0015" 4635
"/Engine/EngineMaterials/Substrate/GLints/dict_16_192_64_0p5_0p02_0055_0000" 4636
"/Engine/EngineMaterials/Substrate/GLints/dict_16_192_64_0p5_0p02_0055_0001" 4637
"/Engine/EngineMaterials/Substrate/GLints/dict_16_192_64_0p5_0p02_0055_0002" 4638
"/Engine/EngineMaterials/Substrate/GLints/dict_16_192_64_0p5_0p02_0055_0003" 4639
"/Engine/EngineMaterials/Substrate/GLints/dict_16_192_64_0p5_0p02_0055_0004" 4640
"/Engine/EngineMaterials/Substrate/GLints/dict_16_192_64_0p5_0p02_0055_0005" 4641
"/Engine/EngineMaterials/Substrate/GLints/dict_16_192_64_0p5_0p02_0055_0006" 4642
"/Engine/EngineMaterials/Substrate/GLints/dict_16_192_64_0p5_0p02_0055_0007" 4643
"/Engine/EngineMaterials/Substrate/GLints/dict_16_192_64_0p5_0p02_0055_0008" 4644
"/Engine/EngineMaterials/Substrate/GLints/dict_16_192_64_0p5_0p02_0055_0009" 4645
"/Engine/EngineMaterials/Substrate/GLints/dict_16_192_64_0p5_0p02_0055_0010" 4646
"/Engine/EngineMaterials/Substrate/GLints/dict_16_192_64_0p5_0p02_0055_0011" 4647
"/Engine/EngineMaterials/Substrate/GLints/dict_16_192_64_0p5_0p02_0055_0012" 4648
"/Engine/EngineMaterials/Substrate/GLints/dict_16_192_64_0p5_0p02_0055_0013" 4649
"/Engine/EngineMaterials/Substrate/GLints/dict_16_192_64_0p5_0p02_0055_0014" 4650
"/Engine/EngineMaterials/Substrate/GLints/dict_16_192_64_0p5_0p02_0055_0015" 4651
"/Engine/EngineMaterials/Substrate/GLints/dict_16_192_64_0p5_0p02_0056_0000" 4652
"/Engine/EngineMaterials/Substrate/GLints/dict_16_192_64_0p5_0p02_0056_0001" 4653
"../../../Engine/Content/EngineMaterials/Substrate/GLints/dict_16_192_64_0p5_0p02_0053_0013.uasset" 4654
"../../../Engine/Content/EngineMaterials/Substrate/GLints/dict_16_192_64_0p5_0p02_0053_0011.uasset" 4655
"../../../Engine/Content/EngineMaterials/Substrate/GLints/dict_16_192_64_0p5_0p02_0053_0014.uasset" 4656
"../../../Engine/Content/EngineMaterials/Substrate/GLints/dict_16_192_64_0p5_0p02_0053_0009.uasset" 4657
"../../../Engine/Content/EngineMaterials/Substrate/GLints/dict_16_192_64_0p5_0p02_0054_0001.uasset" 4658
"../../../Engine/Content/EngineMaterials/Substrate/GLints/dict_16_192_64_0p5_0p02_0053_0005.uasset" 4659
"../../../Engine/Content/EngineMaterials/Substrate/GLints/dict_16_192_64_0p5_0p02_0053_0010.uasset" 4660
"../../../Engine/Content/EngineMaterials/Substrate/GLints/dict_16_192_64_0p5_0p02_0053_0008.uasset" 4661
"../../../Engine/Content/EngineMaterials/Substrate/GLints/dict_16_192_64_0p5_0p02_0053_0004.uasset" 4662
"../../../Engine/Content/EngineMaterials/Substrate/GLints/dict_16_192_64_0p5_0p02_0053_0015.uasset" 4663
"../../../Engine/Content/EngineMaterials/Substrate/GLints/dict_16_192_64_0p5_0p02_0053_0012.uasset" 4664
"../../../Engine/Content/EngineMaterials/Substrate/GLints/dict_16_192_64_0p5_0p02_0054_0000.uasset" 4665
"../../../Engine/Content/EngineMaterials/Substrate/GLints/dict_16_192_64_0p5_0p02_0053_0006.uasset" 4666
"../../../Engine/Content/EngineMaterials/Substrate/GLints/dict_16_192_64_0p5_0p02_0053_0007.uasset" 4667
"../../../Engine/Content/EngineMaterials/Substrate/GLints/dict_16_192_64_0p5_0p02_0053_0003.uasset" 4668
"../../../Engine/Content/EngineMaterials/Substrate/GLints/dict_16_192_64_0p5_0p02_0053_0002.uasset" 4669
"../../../Engine/Content/EngineMaterials/Substrate/GLints/dict_16_192_64_0p5_0p02_0053_0001.uasset" 4670
"../../../Engine/Content/EngineMaterials/Substrate/GLints/dict_16_192_64_0p5_0p02_0052_0014.uasset" 4671
"../../../Engine/Content/EngineMaterials/Substrate/GLints/dict_16_192_64_0p5_0p02_0052_0015.uasset" 4672
"../../../Engine/Content/EngineMaterials/Substrate/GLints/dict_16_192_64_0p5_0p02_0053_0000.uasset" 4673
"../../../Engine/Content/EngineMaterials/Substrate/GLints/dict_16_192_64_0p5_0p02_0052_0013.uasset" 4674
"../../../Engine/Content/EngineMaterials/Substrate/GLints/dict_16_192_64_0p5_0p02_0052_0007.uasset" 4675
"../../../Engine/Content/EngineMaterials/Substrate/GLints/dict_16_192_64_0p5_0p02_0052_0006.uasset" 4676
"../../../Engine/Content/EngineMaterials/Substrate/GLints/dict_16_192_64_0p5_0p02_0052_0012.uasset" 4677
"../../../Engine/Content/EngineMaterials/Substrate/GLints/dict_16_192_64_0p5_0p02_0052_0011.uasset" 4678
"../../../Engine/Content/EngineMaterials/Substrate/GLints/dict_16_192_64_0p5_0p02_0052_0010.uasset" 4679
"../../../Engine/Content/EngineMaterials/Substrate/GLints/dict_16_192_64_0p5_0p02_0052_0009.uasset" 4680
"../../../Engine/Content/EngineMaterials/Substrate/GLints/dict_16_192_64_0p5_0p02_0052_0008.uasset" 4681
"../../../Engine/Content/EngineMaterials/Substrate/GLints/dict_16_192_64_0p5_0p02_0052_0004.uasset" 4682
"../../../Engine/Content/EngineMaterials/Substrate/GLints/dict_16_192_64_0p5_0p02_0052_0005.uasset" 4683
"../../../Engine/Content/EngineMaterials/Substrate/GLints/dict_16_192_64_0p5_0p02_0052_0002.uasset" 4684
"../../../Engine/Content/EngineMaterials/Substrate/GLints/dict_16_192_64_0p5_0p02_0052_0003.uasset" 4685
"/Engine/EngineMaterials/Substrate/GLints/dict_16_192_64_0p5_0p02_0052_0002" 4686
"/Engine/EngineMaterials/Substrate/GLints/dict_16_192_64_0p5_0p02_0052_0003" 4687
"/Engine/EngineMaterials/Substrate/GLints/dict_16_192_64_0p5_0p02_0052_0004" 4688
"/Engine/EngineMaterials/Substrate/GLints/dict_16_192_64_0p5_0p02_0052_0005" 4689
"/Engine/EngineMaterials/Substrate/GLints/dict_16_192_64_0p5_0p02_0052_0006" 4690
"/Engine/EngineMaterials/Substrate/GLints/dict_16_192_64_0p5_0p02_0052_0007" 4691
"/Engine/EngineMaterials/Substrate/GLints/dict_16_192_64_0p5_0p02_0052_0008" 4692
"/Engine/EngineMaterials/Substrate/GLints/dict_16_192_64_0p5_0p02_0052_0009" 4693
"/Engine/EngineMaterials/Substrate/GLints/dict_16_192_64_0p5_0p02_0052_0010" 4694
"/Engine/EngineMaterials/Substrate/GLints/dict_16_192_64_0p5_0p02_0052_0011" 4695
"/Engine/EngineMaterials/Substrate/GLints/dict_16_192_64_0p5_0p02_0052_0012" 4696
"/Engine/EngineMaterials/Substrate/GLints/dict_16_192_64_0p5_0p02_0052_0013" 4697
"/Engine/EngineMaterials/Substrate/GLints/dict_16_192_64_0p5_0p02_0052_0014" 4698
"/Engine/EngineMaterials/Substrate/GLints/dict_16_192_64_0p5_0p02_0052_0015" 4699
"/Engine/EngineMaterials/Substrate/GLints/dict_16_192_64_0p5_0p02_0053_0000" 4700
"/Engine/EngineMaterials/Substrate/GLints/dict_16_192_64_0p5_0p02_0053_0001" 4701
"/Engine/EngineMaterials/Substrate/GLints/dict_16_192_64_0p5_0p02_0053_0002" 4702
"/Engine/EngineMaterials/Substrate/GLints/dict_16_192_64_0p5_0p02_0053_0003" 4703
"/Engine/EngineMaterials/Substrate/GLints/dict_16_192_64_0p5_0p02_0053_0004" 4704
"/Engine/EngineMaterials/Substrate/GLints/dict_16_192_64_0p5_0p02_0053_0005" 4705
"/Engine/EngineMaterials/Substrate/GLints/dict_16_192_64_0p5_0p02_0053_0006" 4706
"/Engine/EngineMaterials/Substrate/GLints/dict_16_192_64_0p5_0p02_0053_0007" 4707
"/Engine/EngineMaterials/Substrate/GLints/dict_16_192_64_0p5_0p02_0053_0008" 4708
"/Engine/EngineMaterials/Substrate/GLints/dict_16_192_64_0p5_0p02_0053_0009" 4709
"/Engine/EngineMaterials/Substrate/GLints/dict_16_192_64_0p5_0p02_0053_0010" 4710
"/Engine/EngineMaterials/Substrate/GLints/dict_16_192_64_0p5_0p02_0053_0011" 4711
"/Engine/EngineMaterials/Substrate/GLints/dict_16_192_64_0p5_0p02_0053_0012" 4712
"/Engine/EngineMaterials/Substrate/GLints/dict_16_192_64_0p5_0p02_0053_0013" 4713
"/Engine/EngineMaterials/Substrate/GLints/dict_16_192_64_0p5_0p02_0053_0014" 4714
"/Engine/EngineMaterials/Substrate/GLints/dict_16_192_64_0p5_0p02_0053_0015" 4715
"/Engine/EngineMaterials/Substrate/GLints/dict_16_192_64_0p5_0p02_0054_0000" 4716
"/Engine/EngineMaterials/Substrate/GLints/dict_16_192_64_0p5_0p02_0054_0001" 4717
"../../../Engine/Content/EngineMaterials/Substrate/GLints/dict_16_192_64_0p5_0p02_0052_0001.uasset" 4718
"../../../Engine/Content/EngineMaterials/Substrate/GLints/dict_16_192_64_0p5_0p02_0051_0005.uasset" 4719
"../../../Engine/Content/EngineMaterials/Substrate/GLints/dict_16_192_64_0p5_0p02_0051_0015.uasset" 4720
"../../../Engine/Content/EngineMaterials/Substrate/GLints/dict_16_192_64_0p5_0p02_0051_0014.uasset" 4721
"../../../Engine/Content/EngineMaterials/Substrate/GLints/dict_16_192_64_0p5_0p02_0051_0011.uasset" 4722
"../../../Engine/Content/EngineMaterials/Substrate/GLints/dict_16_192_64_0p5_0p02_0052_0000.uasset" 4723
"../../../Engine/Content/EngineMaterials/Substrate/GLints/dict_16_192_64_0p5_0p02_0051_0013.uasset" 4724
"../../../Engine/Content/EngineMaterials/Substrate/GLints/dict_16_192_64_0p5_0p02_0051_0012.uasset" 4725
"/Engine/EngineMaterials/Substrate/GLints/dict_16_192_64_0p5_0p02_0052_0001" 4726
"../../../Engine/Content/EngineMaterials/Substrate/GLints/dict_16_192_64_0p5_0p02_0051_0010.uasset" 4727
"../../../Engine/Content/EngineMaterials/Substrate/GLints/dict_16_192_64_0p5_0p02_0051_0008.uasset" 4728
"../../../Engine/Content/EngineMaterials/Substrate/GLints/dict_16_192_64_0p5_0p02_0051_0006.uasset" 4729
"../../../Engine/Content/EngineMaterials/Substrate/GLints/dict_16_192_64_0p5_0p02_0051_0009.uasset" 4730
"../../../Engine/Content/EngineMaterials/Substrate/GLints/dict_16_192_64_0p5_0p02_0051_0007.uasset" 4731
"../../../Engine/Content/EngineMaterials/Substrate/GLints/dict_16_192_64_0p5_0p02_0051_0003.uasset" 4732
"../../../Engine/Content/EngineMaterials/Substrate/GLints/dict_16_192_64_0p5_0p02_0051_0004.uasset" 4733
"../../../Engine/Content/EngineMaterials/Substrate/GLints/dict_16_192_64_0p5_0p02_0051_0002.uasset" 4734
"../../../Engine/Content/EngineMaterials/Substrate/GLints/dict_16_192_64_0p5_0p02_0051_0001.uasset" 4735
"../../../Engine/Content/EngineMaterials/Substrate/GLints/dict_16_192_64_0p5_0p02_0050_0014.uasset" 4736
"../../../Engine/Content/EngineMaterials/Substrate/GLints/dict_16_192_64_0p5_0p02_0050_0013.uasset" 4737
"../../../Engine/Content/EngineMaterials/Substrate/GLints/dict_16_192_64_0p5_0p02_0050_0015.uasset" 4738
"../../../Engine/Content/EngineMaterials/Substrate/GLints/dict_16_192_64_0p5_0p02_0051_0000.uasset" 4739
"../../../Engine/Content/EngineMaterials/Substrate/GLints/dict_16_192_64_0p5_0p02_0050_0012.uasset" 4740
"../../../Engine/Content/EngineMaterials/Substrate/GLints/dict_16_192_64_0p5_0p02_0050_0010.uasset" 4741
"../../../Engine/Content/EngineMaterials/Substrate/GLints/dict_16_192_64_0p5_0p02_0050_0011.uasset" 4742
"../../../Engine/Content/EngineMaterials/Substrate/GLints/dict_16_192_64_0p5_0p02_0050_0008.uasset" 4743
"../../../Engine/Content/EngineMaterials/Substrate/GLints/dict_16_192_64_0p5_0p02_0050_0009.uasset" 4744
"/Engine/EngineMaterials/Substrate/GLints/dict_16_192_64_0p5_0p02_0050_0013" 4745
"../../../Engine/Content/EngineMaterials/Substrate/GLints/dict_16_192_64_0p5_0p02_0050_0004.uasset" 4746
"../../../Engine/Content/EngineMaterials/Substrate/GLints/dict_16_192_64_0p5_0p02_0050_0002.uasset" 4747
"../../../Engine/Content/EngineMaterials/Substrate/GLints/dict_16_192_64_0p5_0p02_0050_0005.uasset" 4748
"../../../Engine/Content/EngineMaterials/Substrate/GLints/dict_16_192_64_0p5_0p02_0050_0001.uasset" 4749
"../../../Engine/Content/EngineMaterials/Substrate/GLints/dict_16_192_64_0p5_0p02_0050_0007.uasset" 4750
"../../../Engine/Content/EngineMaterials/Substrate/GLints/dict_16_192_64_0p5_0p02_0050_0006.uasset" 4751
"../../../Engine/Content/EngineMaterials/Substrate/GLints/dict_16_192_64_0p5_0p02_0050_0003.uasset" 4752
"/Engine/EngineMaterials/Substrate/GLints/dict_16_192_64_0p5_0p02_0050_0014" 4753
"/Engine/EngineMaterials/Substrate/GLints/dict_16_192_64_0p5_0p02_0051_0001" 4754
"/Engine/EngineMaterials/Substrate/GLints/dict_16_192_64_0p5_0p02_0051_0002" 4755
"/Engine/EngineMaterials/Substrate/GLints/dict_16_192_64_0p5_0p02_0051_0003" 4756
"/Engine/EngineMaterials/Substrate/GLints/dict_16_192_64_0p5_0p02_0051_0004" 4757
"/Engine/EngineMaterials/Substrate/GLints/dict_16_192_64_0p5_0p02_0051_0005" 4758
"/Engine/EngineMaterials/Substrate/GLints/dict_16_192_64_0p5_0p02_0051_0006" 4759
"/Engine/EngineMaterials/Substrate/GLints/dict_16_192_64_0p5_0p02_0051_0007" 4760
"/Engine/EngineMaterials/Substrate/GLints/dict_16_192_64_0p5_0p02_0051_0008" 4761
"/Engine/EngineMaterials/Substrate/GLints/dict_16_192_64_0p5_0p02_0051_0009" 4762
"/Engine/EngineMaterials/Substrate/GLints/dict_16_192_64_0p5_0p02_0051_0010" 4763
"/Engine/EngineMaterials/Substrate/GLints/dict_16_192_64_0p5_0p02_0051_0011" 4764
"/Engine/EngineMaterials/Substrate/GLints/dict_16_192_64_0p5_0p02_0051_0012" 4765
"/Engine/EngineMaterials/Substrate/GLints/dict_16_192_64_0p5_0p02_0051_0013" 4766
"/Engine/EngineMaterials/Substrate/GLints/dict_16_192_64_0p5_0p02_0051_0014" 4767
"/Engine/EngineMaterials/Substrate/GLints/dict_16_192_64_0p5_0p02_0051_0015" 4768
"/Engine/EngineMaterials/Substrate/GLints/dict_16_192_64_0p5_0p02_0052_0000" 4769
"/Engine/EngineMaterials/Substrate/GLints/dict_16_192_64_0p5_0p02_0050_0002" 4770
"../../../Engine/Content/EngineMaterials/Substrate/GLints/dict_16_192_64_0p5_0p02_0050_0000.uasset" 4771
"../../../Engine/Content/EngineMaterials/Substrate/GLints/dict_16_192_64_0p5_0p02_0049_0015.uasset" 4772
"../../../Engine/Content/EngineMaterials/Substrate/GLints/dict_16_192_64_0p5_0p02_0049_0014.uasset" 4773
"../../../Engine/Content/EngineMaterials/Substrate/GLints/dict_16_192_64_0p5_0p02_0049_0013.uasset" 4774
"/Engine/EngineMaterials/Substrate/GLints/dict_16_192_64_0p5_0p02_0050_0003" 4775
"../../../Engine/Content/EngineMaterials/Substrate/GLints/dict_16_192_64_0p5_0p02_0049_0009.uasset" 4776
"../../../Engine/Content/EngineMaterials/Substrate/GLints/dict_16_192_64_0p5_0p02_0049_0008.uasset" 4777
"../../../Engine/Content/EngineMaterials/Substrate/GLints/dict_16_192_64_0p5_0p02_0049_0002.uasset" 4778
"../../../Engine/Content/EngineMaterials/Substrate/GLints/dict_16_192_64_0p5_0p02_0049_0012.uasset" 4779
"../../../Engine/Content/EngineMaterials/Substrate/GLints/dict_16_192_64_0p5_0p02_0049_0010.uasset" 4780
"../../../Engine/Content/EngineMaterials/Substrate/GLints/dict_16_192_64_0p5_0p02_0049_0007.uasset" 4781
"../../../Engine/Content/EngineMaterials/Substrate/GLints/dict_16_192_64_0p5_0p02_0049_0011.uasset" 4782
"../../../Engine/Content/EngineMaterials/Substrate/GLints/dict_16_192_64_0p5_0p02_0049_0006.uasset" 4783
"../../../Engine/Content/EngineMaterials/Substrate/GLints/dict_16_192_64_0p5_0p02_0049_0005.uasset" 4784
"../../../Engine/Content/EngineMaterials/Substrate/GLints/dict_16_192_64_0p5_0p02_0049_0001.uasset" 4785
"../../../Engine/Content/EngineMaterials/Substrate/GLints/dict_16_192_64_0p5_0p02_0049_0003.uasset" 4786
"../../../Engine/Content/EngineMaterials/Substrate/GLints/dict_16_192_64_0p5_0p02_0049_0004.uasset" 4787
"../../../Engine/Content/EngineMaterials/Substrate/GLints/dict_16_192_64_0p5_0p02_0049_0000.uasset" 4788
"../../../Engine/Content/EngineMaterials/Substrate/GLints/dict_16_192_64_0p5_0p02_0048_0015.uasset" 4789
"/Engine/EngineMaterials/Substrate/GLints/dict_16_192_64_0p5_0p02_0050_0004" 4790
"/Engine/EngineMaterials/Substrate/GLints/dict_16_192_64_0p5_0p02_0050_0005" 4791
"/Engine/EngineMaterials/Substrate/GLints/dict_16_192_64_0p5_0p02_0050_0006" 4792
"/Engine/EngineMaterials/Substrate/GLints/dict_16_192_64_0p5_0p02_0050_0007" 4793
"/Engine/EngineMaterials/Substrate/GLints/dict_16_192_64_0p5_0p02_0050_0008" 4794
"/Engine/EngineMaterials/Substrate/GLints/dict_16_192_64_0p5_0p02_0050_0009" 4795
"/Engine/EngineMaterials/Substrate/GLints/dict_16_192_64_0p5_0p02_0050_0010" 4796
"/Engine/EngineMaterials/Substrate/GLints/dict_16_192_64_0p5_0p02_0050_0011" 4797
"/Engine/EngineMaterials/Substrate/GLints/dict_16_192_64_0p5_0p02_0050_0012" 4798
"/Engine/EngineMaterials/Substrate/GLints/dict_16_192_64_0p5_0p02_0050_0015" 4799
"/Engine/EngineMaterials/Substrate/GLints/dict_16_192_64_0p5_0p02_0051_0000" 4800
"/Engine/EngineMaterials/Substrate/GLints/dict_16_192_64_0p5_0p02_0050_0001" 4801
"/Engine/EngineMaterials/Substrate/GLints/dict_16_192_64_0p5_0p02_0048_0015" 4802
"../../../Engine/Content/EngineMaterials/Substrate/GLints/dict_16_192_64_0p5_0p02_0048_0008.uasset" 4803
"../../../Engine/Content/EngineMaterials/Substrate/GLints/dict_16_192_64_0p5_0p02_0048_0012.uasset" 4804
"../../../Engine/Content/EngineMaterials/Substrate/GLints/dict_16_192_64_0p5_0p02_0048_0011.uasset" 4805
"../../../Engine/Content/EngineMaterials/Substrate/GLints/dict_16_192_64_0p5_0p02_0048_0013.uasset" 4806
"../../../Engine/Content/EngineMaterials/Substrate/GLints/dict_16_192_64_0p5_0p02_0048_0007.uasset" 4807
"../../../Engine/Content/EngineMaterials/Substrate/GLints/dict_16_192_64_0p5_0p02_0048_0010.uasset" 4808
"../../../Engine/Content/EngineMaterials/Substrate/GLints/dict_16_192_64_0p5_0p02_0048_0006.uasset" 4809
"/Engine/EngineMaterials/Substrate/GLints/dict_16_192_64_0p5_0p02_0049_0000" 4810
"../../../Engine/Content/EngineMaterials/Substrate/GLints/dict_16_192_64_0p5_0p02_0048_0014.uasset" 4811
"../../../Engine/Content/EngineMaterials/Substrate/GLints/dict_16_192_64_0p5_0p02_0048_0005.uasset" 4812
"../../../Engine/Content/EngineMaterials/Substrate/GLints/dict_16_192_64_0p5_0p02_0048_0004.uasset" 4813
"../../../Engine/Content/EngineMaterials/Substrate/GLints/dict_16_192_64_0p5_0p02_0048_0009.uasset" 4814
"../../../Engine/Content/EngineMaterials/Substrate/GLints/dict_16_192_64_0p5_0p02_0048_0003.uasset" 4815
"../../../Engine/Content/EngineMaterials/Substrate/GLints/dict_16_192_64_0p5_0p02_0048_0002.uasset" 4816
"../../../Engine/Content/EngineMaterials/Substrate/GLints/dict_16_192_64_0p5_0p02_0048_0001.uasset" 4817
"/Engine/EngineMaterials/Substrate/GLints/dict_16_192_64_0p5_0p02_0049_0001" 4818
"/Engine/EngineMaterials/Substrate/GLints/dict_16_192_64_0p5_0p02_0049_0002" 4819
"/Engine/EngineMaterials/Substrate/GLints/dict_16_192_64_0p5_0p02_0049_0003" 4820
"/Engine/EngineMaterials/Substrate/GLints/dict_16_192_64_0p5_0p02_0049_0004" 4821
"/Engine/EngineMaterials/Substrate/GLints/dict_16_192_64_0p5_0p02_0049_0005" 4822
"/Engine/EngineMaterials/Substrate/GLints/dict_16_192_64_0p5_0p02_0049_0006" 4823
"/Engine/EngineMaterials/Substrate/GLints/dict_16_192_64_0p5_0p02_0049_0007" 4824
"/Engine/EngineMaterials/Substrate/GLints/dict_16_192_64_0p5_0p02_0049_0008" 4825
"/Engine/EngineMaterials/Substrate/GLints/dict_16_192_64_0p5_0p02_0049_0009" 4826
"/Engine/EngineMaterials/Substrate/GLints/dict_16_192_64_0p5_0p02_0049_0010" 4827
"/Engine/EngineMaterials/Substrate/GLints/dict_16_192_64_0p5_0p02_0049_0011" 4828
"/Engine/EngineMaterials/Substrate/GLints/dict_16_192_64_0p5_0p02_0049_0012" 4829
"/Engine/EngineMaterials/Substrate/GLints/dict_16_192_64_0p5_0p02_0049_0013" 4830
"/Engine/EngineMaterials/Substrate/GLints/dict_16_192_64_0p5_0p02_0049_0014" 4831
"/Engine/EngineMaterials/Substrate/GLints/dict_16_192_64_0p5_0p02_0049_0015" 4832
"/Engine/EngineMaterials/Substrate/GLints/dict_16_192_64_0p5_0p02_0050_0000" 4833
"/Engine/EngineMaterials/Substrate/GLints/dict_16_192_64_0p5_0p02_0048_0001" 4834
"../../../Engine/Content/EngineMaterials/Substrate/GLints/dict_16_192_64_0p5_0p02_0047_0012.uasset" 4835
"../../../Engine/Content/EngineMaterials/Substrate/GLints/dict_16_192_64_0p5_0p02_0047_0015.uasset" 4836
"../../../Engine/Content/EngineMaterials/Substrate/GLints/dict_16_192_64_0p5_0p02_0047_0014.uasset" 4837
"../../../Engine/Content/EngineMaterials/Substrate/GLints/dict_16_192_64_0p5_0p02_0048_0000.uasset" 4838
"../../../Engine/Content/EngineMaterials/Substrate/GLints/dict_16_192_64_0p5_0p02_0047_0013.uasset" 4839
"../../../Engine/Content/EngineMaterials/Substrate/GLints/dict_16_192_64_0p5_0p02_0047_0010.uasset" 4840
"../../../Engine/Content/EngineMaterials/Substrate/GLints/dict_16_192_64_0p5_0p02_0047_0011.uasset" 4841
"../../../Engine/Content/EngineMaterials/Substrate/GLints/dict_16_192_64_0p5_0p02_0047_0009.uasset" 4842
"../../../Engine/Content/EngineMaterials/Substrate/GLints/dict_16_192_64_0p5_0p02_0047_0007.uasset" 4843
"/Engine/EngineMaterials/Substrate/GLints/dict_16_192_64_0p5_0p02_0048_0002" 4844
"../../../Engine/Content/EngineMaterials/Substrate/GLints/dict_16_192_64_0p5_0p02_0047_0008.uasset" 4845
"../../../Engine/Content/EngineMaterials/Substrate/GLints/dict_16_192_64_0p5_0p02_0047_0006.uasset" 4846
"../../../Engine/Content/EngineMaterials/Substrate/GLints/dict_16_192_64_0p5_0p02_0047_0002.uasset" 4847
"../../../Engine/Content/EngineMaterials/Substrate/GLints/dict_16_192_64_0p5_0p02_0047_0005.uasset" 4848
"../../../Engine/Content/EngineMaterials/Substrate/GLints/dict_16_192_64_0p5_0p02_0047_0003.uasset" 4849
"../../../Engine/Content/EngineMaterials/Substrate/GLints/dict_16_192_64_0p5_0p02_0047_0000.uasset" 4850
"../../../Engine/Content/EngineMaterials/Substrate/GLints/dict_16_192_64_0p5_0p02_0047_0001.uasset" 4851
"../../../Engine/Content/EngineMaterials/Substrate/GLints/dict_16_192_64_0p5_0p02_0046_0015.uasset" 4852
"/Engine/EngineMaterials/Substrate/GLints/dict_16_192_64_0p5_0p02_0048_0003" 4853
"../../../Engine/Content/EngineMaterials/Substrate/GLints/dict_16_192_64_0p5_0p02_0047_0004.uasset" 4854
"/Engine/EngineMaterials/Substrate/GLints/dict_16_192_64_0p5_0p02_0048_0004" 4855
"/Engine/EngineMaterials/Substrate/GLints/dict_16_192_64_0p5_0p02_0048_0005" 4856
"/Engine/EngineMaterials/Substrate/GLints/dict_16_192_64_0p5_0p02_0048_0006" 4857
"/Engine/EngineMaterials/Substrate/GLints/dict_16_192_64_0p5_0p02_0048_0007" 4858
"/Engine/EngineMaterials/Substrate/GLints/dict_16_192_64_0p5_0p02_0048_0008" 4859
"/Engine/EngineMaterials/Substrate/GLints/dict_16_192_64_0p5_0p02_0048_0009" 4860
"/Engine/EngineMaterials/Substrate/GLints/dict_16_192_64_0p5_0p02_0048_0010" 4861
"/Engine/EngineMaterials/Substrate/GLints/dict_16_192_64_0p5_0p02_0048_0011" 4862
"/Engine/EngineMaterials/Substrate/GLints/dict_16_192_64_0p5_0p02_0048_0012" 4863
"/Engine/EngineMaterials/Substrate/GLints/dict_16_192_64_0p5_0p02_0048_0013" 4864
"/Engine/EngineMaterials/Substrate/GLints/dict_16_192_64_0p5_0p02_0048_0014" 4865
"/Engine/EngineMaterials/Substrate/GLints/dict_16_192_64_0p5_0p02_0046_0015" 4866
"../../../Engine/Content/EngineMaterials/Substrate/GLints/dict_16_192_64_0p5_0p02_0046_0013.uasset" 4867
"../../../Engine/Content/EngineMaterials/Substrate/GLints/dict_16_192_64_0p5_0p02_0046_0014.uasset" 4868
"../../../Engine/Content/EngineMaterials/Substrate/GLints/dict_16_192_64_0p5_0p02_0046_0001.uasset" 4869
"../../../Engine/Content/EngineMaterials/Substrate/GLints/dict_16_192_64_0p5_0p02_0046_0009.uasset" 4870
"../../../Engine/Content/EngineMaterials/Substrate/GLints/dict_16_192_64_0p5_0p02_0046_0011.uasset" 4871
"../../../Engine/Content/EngineMaterials/Substrate/GLints/dict_16_192_64_0p5_0p02_0046_0002.uasset" 4872
"../../../Engine/Content/EngineMaterials/Substrate/GLints/dict_16_192_64_0p5_0p02_0046_0004.uasset" 4873
"../../../Engine/Content/EngineMaterials/Substrate/GLints/dict_16_192_64_0p5_0p02_0046_0010.uasset" 4874
"../../../Engine/Content/EngineMaterials/Substrate/GLints/dict_16_192_64_0p5_0p02_0046_0005.uasset" 4875
"../../../Engine/Content/EngineMaterials/Substrate/GLints/dict_16_192_64_0p5_0p02_0046_0006.uasset" 4876
"../../../Engine/Content/EngineMaterials/Substrate/GLints/dict_16_192_64_0p5_0p02_0046_0008.uasset" 4877
"../../../Engine/Content/EngineMaterials/Substrate/GLints/dict_16_192_64_0p5_0p02_0046_0007.uasset" 4878
"/Engine/EngineMaterials/Substrate/GLints/dict_16_192_64_0p5_0p02_0047_0000" 4879
"../../../Engine/Content/EngineMaterials/Substrate/GLints/dict_16_192_64_0p5_0p02_0046_0003.uasset" 4880
"../../../Engine/Content/EngineMaterials/Substrate/GLints/dict_16_192_64_0p5_0p02_0046_0012.uasset" 4881
"/Engine/EngineMaterials/Substrate/GLints/dict_16_192_64_0p5_0p02_0047_0001" 4882
"/Engine/EngineMaterials/Substrate/GLints/dict_16_192_64_0p5_0p02_0047_0002" 4883
"/Engine/EngineMaterials/Substrate/GLints/dict_16_192_64_0p5_0p02_0047_0003" 4884
"/Engine/EngineMaterials/Substrate/GLints/dict_16_192_64_0p5_0p02_0047_0004" 4885
"/Engine/EngineMaterials/Substrate/GLints/dict_16_192_64_0p5_0p02_0047_0005" 4886
"/Engine/EngineMaterials/Substrate/GLints/dict_16_192_64_0p5_0p02_0047_0006" 4887
"/Engine/EngineMaterials/Substrate/GLints/dict_16_192_64_0p5_0p02_0047_0007" 4888
"/Engine/EngineMaterials/Substrate/GLints/dict_16_192_64_0p5_0p02_0047_0008" 4889
"/Engine/EngineMaterials/Substrate/GLints/dict_16_192_64_0p5_0p02_0047_0009" 4890
"/Engine/EngineMaterials/Substrate/GLints/dict_16_192_64_0p5_0p02_0047_0010" 4891
"/Engine/EngineMaterials/Substrate/GLints/dict_16_192_64_0p5_0p02_0047_0011" 4892
"/Engine/EngineMaterials/Substrate/GLints/dict_16_192_64_0p5_0p02_0047_0012" 4893
"/Engine/EngineMaterials/Substrate/GLints/dict_16_192_64_0p5_0p02_0047_0013" 4894
"/Engine/EngineMaterials/Substrate/GLints/dict_16_192_64_0p5_0p02_0047_0014" 4895
"/Engine/EngineMaterials/Substrate/GLints/dict_16_192_64_0p5_0p02_0047_0015" 4896
"/Engine/EngineMaterials/Substrate/GLints/dict_16_192_64_0p5_0p02_0048_0000" 4897
"/Engine/EngineMaterials/Substrate/GLints/dict_16_192_64_0p5_0p02_0046_0001" 4898
"../../../Engine/Content/EngineMaterials/Substrate/GLints/dict_16_192_64_0p5_0p02_0045_0014.uasset" 4899
"../../../Engine/Content/EngineMaterials/Substrate/GLints/dict_16_192_64_0p5_0p02_0045_0013.uasset" 4900
"../../../Engine/Content/EngineMaterials/Substrate/GLints/dict_16_192_64_0p5_0p02_0045_0008.uasset" 4901
"../../../Engine/Content/EngineMaterials/Substrate/GLints/dict_16_192_64_0p5_0p02_0046_0000.uasset" 4902
"../../../Engine/Content/EngineMaterials/Substrate/GLints/dict_16_192_64_0p5_0p02_0045_0010.uasset" 4903
"/Engine/EngineMaterials/Substrate/GLints/dict_16_192_64_0p5_0p02_0046_0002" 4904
"../../../Engine/Content/EngineMaterials/Substrate/GLints/dict_16_192_64_0p5_0p02_0045_0007.uasset" 4905
"../../../Engine/Content/EngineMaterials/Substrate/GLints/dict_16_192_64_0p5_0p02_0045_0006.uasset" 4906
"../../../Engine/Content/EngineMaterials/Substrate/GLints/dict_16_192_64_0p5_0p02_0045_0011.uasset" 4907
"../../../Engine/Content/EngineMaterials/Substrate/GLints/dict_16_192_64_0p5_0p02_0045_0015.uasset" 4908
"../../../Engine/Content/EngineMaterials/Substrate/GLints/dict_16_192_64_0p5_0p02_0045_0012.uasset" 4909
"../../../Engine/Content/EngineMaterials/Substrate/GLints/dict_16_192_64_0p5_0p02_0045_0005.uasset" 4910
"../../../Engine/Content/EngineMaterials/Substrate/GLints/dict_16_192_64_0p5_0p02_0045_0009.uasset" 4911
"../../../Engine/Content/EngineMaterials/Substrate/GLints/dict_16_192_64_0p5_0p02_0045_0004.uasset" 4912
"../../../Engine/Content/EngineMaterials/Substrate/GLints/dict_16_192_64_0p5_0p02_0045_0001.uasset" 4913
"/Engine/EngineMaterials/Substrate/GLints/dict_16_192_64_0p5_0p02_0046_0003" 4914
"../../../Engine/Content/EngineMaterials/Substrate/GLints/dict_16_192_64_0p5_0p02_0045_0002.uasset" 4915
"../../../Engine/Content/EngineMaterials/Substrate/GLints/dict_16_192_64_0p5_0p02_0045_0003.uasset" 4916
"../../../Engine/Content/EngineMaterials/Substrate/GLints/dict_16_192_64_0p5_0p02_0045_0000.uasset" 4917
"../../../Engine/Content/EngineMaterials/Substrate/GLints/dict_16_192_64_0p5_0p02_0044_0015.uasset" 4918
"/Engine/EngineMaterials/Substrate/GLints/dict_16_192_64_0p5_0p02_0046_0004" 4919
"/Engine/EngineMaterials/Substrate/GLints/dict_16_192_64_0p5_0p02_0046_0005" 4920
"/Engine/EngineMaterials/Substrate/GLints/dict_16_192_64_0p5_0p02_0046_0006" 4921
"/Engine/EngineMaterials/Substrate/GLints/dict_16_192_64_0p5_0p02_0046_0007" 4922
"/Engine/EngineMaterials/Substrate/GLints/dict_16_192_64_0p5_0p02_0046_0008" 4923
"/Engine/EngineMaterials/Substrate/GLints/dict_16_192_64_0p5_0p02_0046_0009" 4924
"/Engine/EngineMaterials/Substrate/GLints/dict_16_192_64_0p5_0p02_0046_0010" 4925
"/Engine/EngineMaterials/Substrate/GLints/dict_16_192_64_0p5_0p02_0046_0011" 4926
"/Engine/EngineMaterials/Substrate/GLints/dict_16_192_64_0p5_0p02_0046_0012" 4927
"/Engine/EngineMaterials/Substrate/GLints/dict_16_192_64_0p5_0p02_0046_0013" 4928
"/Engine/EngineMaterials/Substrate/GLints/dict_16_192_64_0p5_0p02_0046_0014" 4929
"/Engine/EngineMaterials/Substrate/GLints/dict_16_192_64_0p5_0p02_0044_0015" 4930
"../../../Engine/Content/EngineMaterials/Substrate/GLints/dict_16_192_64_0p5_0p02_0044_0011.uasset" 4931
"../../../Engine/Content/EngineMaterials/Substrate/GLints/dict_16_192_64_0p5_0p02_0044_0014.uasset" 4932
"../../../Engine/Content/EngineMaterials/Substrate/GLints/dict_16_192_64_0p5_0p02_0044_0010.uasset" 4933
"../../../Engine/Content/EngineMaterials/Substrate/GLints/dict_16_192_64_0p5_0p02_0044_0009.uasset" 4934
"../../../Engine/Content/EngineMaterials/Substrate/GLints/dict_16_192_64_0p5_0p02_0044_0001.uasset" 4935
"../../../Engine/Content/EngineMaterials/Substrate/GLints/dict_16_192_64_0p5_0p02_0044_0004.uasset" 4936
"../../../Engine/Content/EngineMaterials/Substrate/GLints/dict_16_192_64_0p5_0p02_0044_0013.uasset" 4937
"../../../Engine/Content/EngineMaterials/Substrate/GLints/dict_16_192_64_0p5_0p02_0044_0002.uasset" 4938
"../../../Engine/Content/EngineMaterials/Substrate/GLints/dict_16_192_64_0p5_0p02_0044_0006.uasset" 4939
"../../../Engine/Content/EngineMaterials/Substrate/GLints/dict_16_192_64_0p5_0p02_0044_0007.uasset" 4940
"../../../Engine/Content/EngineMaterials/Substrate/GLints/dict_16_192_64_0p5_0p02_0044_0008.uasset" 4941
"/Engine/EngineMaterials/Substrate/GLints/dict_16_192_64_0p5_0p02_0045_0000" 4942
"../../../Engine/Content/EngineMaterials/Substrate/GLints/dict_16_192_64_0p5_0p02_0044_0005.uasset" 4943
"../../../Engine/Content/EngineMaterials/Substrate/GLints/dict_16_192_64_0p5_0p02_0044_0012.uasset" 4944
"../../../Engine/Content/EngineMaterials/Substrate/GLints/dict_16_192_64_0p5_0p02_0044_0003.uasset" 4945
"/Engine/EngineMaterials/Substrate/GLints/dict_16_192_64_0p5_0p02_0045_0001" 4946
"/Engine/EngineMaterials/Substrate/GLints/dict_16_192_64_0p5_0p02_0045_0002" 4947
"/Engine/EngineMaterials/Substrate/GLints/dict_16_192_64_0p5_0p02_0045_0003" 4948
"/Engine/EngineMaterials/Substrate/GLints/dict_16_192_64_0p5_0p02_0045_0004" 4949
"/Engine/EngineMaterials/Substrate/GLints/dict_16_192_64_0p5_0p02_0045_0005" 4950
"/Engine/EngineMaterials/Substrate/GLints/dict_16_192_64_0p5_0p02_0045_0006" 4951
"/Engine/EngineMaterials/Substrate/GLints/dict_16_192_64_0p5_0p02_0045_0007" 4952
"/Engine/EngineMaterials/Substrate/GLints/dict_16_192_64_0p5_0p02_0045_0008" 4953
"/Engine/EngineMaterials/Substrate/GLints/dict_16_192_64_0p5_0p02_0045_0009" 4954
"/Engine/EngineMaterials/Substrate/GLints/dict_16_192_64_0p5_0p02_0045_0010" 4955
"/Engine/EngineMaterials/Substrate/GLints/dict_16_192_64_0p5_0p02_0045_0011" 4956
"/Engine/EngineMaterials/Substrate/GLints/dict_16_192_64_0p5_0p02_0045_0012" 4957
"/Engine/EngineMaterials/Substrate/GLints/dict_16_192_64_0p5_0p02_0045_0013" 4958
"/Engine/EngineMaterials/Substrate/GLints/dict_16_192_64_0p5_0p02_0045_0014" 4959
"/Engine/EngineMaterials/Substrate/GLints/dict_16_192_64_0p5_0p02_0045_0015" 4960
"/Engine/EngineMaterials/Substrate/GLints/dict_16_192_64_0p5_0p02_0046_0000" 4961
"/Engine/EngineMaterials/Substrate/GLints/dict_16_192_64_0p5_0p02_0044_0001" 4962
"../../../Engine/Content/EngineMaterials/Substrate/GLints/dict_16_192_64_0p5_0p02_0043_0012.uasset" 4963
"../../../Engine/Content/EngineMaterials/Substrate/GLints/dict_16_192_64_0p5_0p02_0044_0000.uasset" 4964
"../../../Engine/Content/EngineMaterials/Substrate/GLints/dict_16_192_64_0p5_0p02_0043_0015.uasset" 4965
"../../../Engine/Content/EngineMaterials/Substrate/GLints/dict_16_192_64_0p5_0p02_0043_0014.uasset" 4966
"../../../Engine/Content/EngineMaterials/Substrate/GLints/dict_16_192_64_0p5_0p02_0043_0010.uasset" 4967
"../../../Engine/Content/EngineMaterials/Substrate/GLints/dict_16_192_64_0p5_0p02_0043_0011.uasset" 4968
"../../../Engine/Content/EngineMaterials/Substrate/GLints/dict_16_192_64_0p5_0p02_0043_0009.uasset" 4969
"../../../Engine/Content/EngineMaterials/Substrate/GLints/dict_16_192_64_0p5_0p02_0043_0007.uasset" 4970
"../../../Engine/Content/EngineMaterials/Substrate/GLints/dict_16_192_64_0p5_0p02_0043_0008.uasset" 4971
"/Engine/EngineMaterials/Substrate/GLints/dict_16_192_64_0p5_0p02_0044_0002" 4972
"../../../Engine/Content/EngineMaterials/Substrate/GLints/dict_16_192_64_0p5_0p02_0043_0004.uasset" 4973
"../../../Engine/Content/EngineMaterials/Substrate/GLints/dict_16_192_64_0p5_0p02_0043_0006.uasset" 4974
"../../../Engine/Content/EngineMaterials/Substrate/GLints/dict_16_192_64_0p5_0p02_0043_0005.uasset" 4975
"../../../Engine/Content/EngineMaterials/Substrate/GLints/dict_16_192_64_0p5_0p02_0043_0002.uasset" 4976
"../../../Engine/Content/EngineMaterials/Substrate/GLints/dict_16_192_64_0p5_0p02_0043_0001.uasset" 4977
"../../../Engine/Content/EngineMaterials/Substrate/GLints/dict_16_192_64_0p5_0p02_0043_0003.uasset" 4978
"../../../Engine/Content/EngineMaterials/Substrate/GLints/dict_16_192_64_0p5_0p02_0042_0015.uasset" 4979
"../../../Engine/Content/EngineMaterials/Substrate/GLints/dict_16_192_64_0p5_0p02_0043_0013.uasset" 4980
"../../../Engine/Content/EngineMaterials/Substrate/GLints/dict_16_192_64_0p5_0p02_0043_0000.uasset" 4981
"/Engine/EngineMaterials/Substrate/GLints/dict_16_192_64_0p5_0p02_0044_0003" 4982
"/Engine/EngineMaterials/Substrate/GLints/dict_16_192_64_0p5_0p02_0044_0004" 4983
"/Engine/EngineMaterials/Substrate/GLints/dict_16_192_64_0p5_0p02_0044_0005" 4984
"/Engine/EngineMaterials/Substrate/GLints/dict_16_192_64_0p5_0p02_0044_0006" 4985
"/Engine/EngineMaterials/Substrate/GLints/dict_16_192_64_0p5_0p02_0044_0007" 4986
"/Engine/EngineMaterials/Substrate/GLints/dict_16_192_64_0p5_0p02_0044_0008" 4987
"/Engine/EngineMaterials/Substrate/GLints/dict_16_192_64_0p5_0p02_0044_0009" 4988
"/Engine/EngineMaterials/Substrate/GLints/dict_16_192_64_0p5_0p02_0044_0010" 4989
"/Engine/EngineMaterials/Substrate/GLints/dict_16_192_64_0p5_0p02_0044_0011" 4990
"/Engine/EngineMaterials/Substrate/GLints/dict_16_192_64_0p5_0p02_0044_0012" 4991
"/Engine/EngineMaterials/Substrate/GLints/dict_16_192_64_0p5_0p02_0044_0013" 4992
"/Engine/EngineMaterials/Substrate/GLints/dict_16_192_64_0p5_0p02_0044_0014" 4993
"/Engine/EngineMaterials/Substrate/GLints/dict_16_192_64_0p5_0p02_0042_0015" 4994
"../../../Engine/Content/EngineMaterials/Substrate/GLints/dict_16_192_64_0p5_0p02_0042_0014.uasset" 4995
"../../../Engine/Content/EngineMaterials/Substrate/GLints/dict_16_192_64_0p5_0p02_0042_0005.uasset" 4996
"../../../Engine/Content/EngineMaterials/Substrate/GLints/dict_16_192_64_0p5_0p02_0042_0011.uasset" 4997
"../../../Engine/Content/EngineMaterials/Substrate/GLints/dict_16_192_64_0p5_0p02_0042_0006.uasset" 4998
"../../../Engine/Content/EngineMaterials/Substrate/GLints/dict_16_192_64_0p5_0p02_0042_0008.uasset" 4999
"../../../Engine/Content/EngineMaterials/Substrate/GLints/dict_16_192_64_0p5_0p02_0042_0010.uasset" 5000
"../../../Engine/Content/EngineMaterials/Substrate/GLints/dict_16_192_64_0p5_0p02_0042_0002.uasset" 5001
"../../../Engine/Content/EngineMaterials/Substrate/GLints/dict_16_192_64_0p5_0p02_0042_0007.uasset" 5002
"../../../Engine/Content/EngineMaterials/Substrate/GLints/dict_16_192_64_0p5_0p02_0042_0012.uasset" 5003
"../../../Engine/Content/EngineMaterials/Substrate/GLints/dict_16_192_64_0p5_0p02_0042_0013.uasset" 5004
"../../../Engine/Content/EngineMaterials/Substrate/GLints/dict_16_192_64_0p5_0p02_0042_0001.uasset" 5005
"../../../Engine/Content/EngineMaterials/Substrate/GLints/dict_16_192_64_0p5_0p02_0042_0003.uasset" 5006
"../../../Engine/Content/EngineMaterials/Substrate/GLints/dict_16_192_64_0p5_0p02_0042_0009.uasset" 5007
"/Engine/EngineMaterials/Substrate/GLints/dict_16_192_64_0p5_0p02_0043_0000" 5008
"../../../Engine/Content/EngineMaterials/Substrate/GLints/dict_16_192_64_0p5_0p02_0042_0004.uasset" 5009
"/Engine/EngineMaterials/Substrate/GLints/dict_16_192_64_0p5_0p02_0043_0001" 5010
"/Engine/EngineMaterials/Substrate/GLints/dict_16_192_64_0p5_0p02_0043_0002" 5011
"/Engine/EngineMaterials/Substrate/GLints/dict_16_192_64_0p5_0p02_0043_0003" 5012
"/Engine/EngineMaterials/Substrate/GLints/dict_16_192_64_0p5_0p02_0043_0004" 5013
"/Engine/EngineMaterials/Substrate/GLints/dict_16_192_64_0p5_0p02_0043_0005" 5014
"/Engine/EngineMaterials/Substrate/GLints/dict_16_192_64_0p5_0p02_0043_0006" 5015
"/Engine/EngineMaterials/Substrate/GLints/dict_16_192_64_0p5_0p02_0043_0007" 5016
"/Engine/EngineMaterials/Substrate/GLints/dict_16_192_64_0p5_0p02_0043_0008" 5017
"/Engine/EngineMaterials/Substrate/GLints/dict_16_192_64_0p5_0p02_0043_0009" 5018
"/Engine/EngineMaterials/Substrate/GLints/dict_16_192_64_0p5_0p02_0043_0010" 5019
"/Engine/EngineMaterials/Substrate/GLints/dict_16_192_64_0p5_0p02_0043_0011" 5020
"/Engine/EngineMaterials/Substrate/GLints/dict_16_192_64_0p5_0p02_0043_0012" 5021
"/Engine/EngineMaterials/Substrate/GLints/dict_16_192_64_0p5_0p02_0043_0013" 5022
"/Engine/EngineMaterials/Substrate/GLints/dict_16_192_64_0p5_0p02_0043_0014" 5023
"/Engine/EngineMaterials/Substrate/GLints/dict_16_192_64_0p5_0p02_0043_0015" 5024
"/Engine/EngineMaterials/Substrate/GLints/dict_16_192_64_0p5_0p02_0044_0000" 5025
"/Engine/EngineMaterials/Substrate/GLints/dict_16_192_64_0p5_0p02_0042_0001" 5026
"../../../Engine/Content/EngineMaterials/Substrate/GLints/dict_16_192_64_0p5_0p02_0041_0012.uasset" 5027
"../../../Engine/Content/EngineMaterials/Substrate/GLints/dict_16_192_64_0p5_0p02_0041_0011.uasset" 5028
"../../../Engine/Content/EngineMaterials/Substrate/GLints/dict_16_192_64_0p5_0p02_0041_0013.uasset" 5029
"../../../Engine/Content/EngineMaterials/Substrate/GLints/dict_16_192_64_0p5_0p02_0041_0014.uasset" 5030
"../../../Engine/Content/EngineMaterials/Substrate/GLints/dict_16_192_64_0p5_0p02_0041_0007.uasset" 5031
"../../../Engine/Content/EngineMaterials/Substrate/GLints/dict_16_192_64_0p5_0p02_0041_0008.uasset" 5032
"../../../Engine/Content/EngineMaterials/Substrate/GLints/dict_16_192_64_0p5_0p02_0041_0010.uasset" 5033
"../../../Engine/Content/EngineMaterials/Substrate/GLints/dict_16_192_64_0p5_0p02_0041_0003.uasset" 5034
"../../../Engine/Content/EngineMaterials/Substrate/GLints/dict_16_192_64_0p5_0p02_0042_0000.uasset" 5035
"../../../Engine/Content/EngineMaterials/Substrate/GLints/dict_16_192_64_0p5_0p02_0041_0006.uasset" 5036
"../../../Engine/Content/EngineMaterials/Substrate/GLints/dict_16_192_64_0p5_0p02_0041_0004.uasset" 5037
"../../../Engine/Content/EngineMaterials/Substrate/GLints/dict_16_192_64_0p5_0p02_0041_0009.uasset" 5038
"../../../Engine/Content/EngineMaterials/Substrate/GLints/dict_16_192_64_0p5_0p02_0041_0005.uasset" 5039
"../../../Engine/Content/EngineMaterials/Substrate/GLints/dict_16_192_64_0p5_0p02_0041_0015.uasset" 5040
"../../../Engine/Content/EngineMaterials/Substrate/GLints/dict_16_192_64_0p5_0p02_0041_0002.uasset" 5041
"/Engine/EngineMaterials/Substrate/GLints/dict_16_192_64_0p5_0p02_0042_0002" 5042
"../../../Engine/Content/EngineMaterials/Substrate/GLints/dict_16_192_64_0p5_0p02_0041_0001.uasset" 5043
"../../../Engine/Content/EngineMaterials/Substrate/GLints/dict_16_192_64_0p5_0p02_0041_0000.uasset" 5044
"../../../Engine/Content/EngineMaterials/Substrate/GLints/dict_16_192_64_0p5_0p02_0040_0015.uasset" 5045
"/Engine/EngineMaterials/Substrate/GLints/dict_16_192_64_0p5_0p02_0042_0003" 5046
"/Engine/EngineMaterials/Substrate/GLints/dict_16_192_64_0p5_0p02_0042_0004" 5047
"/Engine/EngineMaterials/Substrate/GLints/dict_16_192_64_0p5_0p02_0042_0005" 5048
"/Engine/EngineMaterials/Substrate/GLints/dict_16_192_64_0p5_0p02_0042_0006" 5049
"/Engine/EngineMaterials/Substrate/GLints/dict_16_192_64_0p5_0p02_0042_0007" 5050
"/Engine/EngineMaterials/Substrate/GLints/dict_16_192_64_0p5_0p02_0042_0008" 5051
"/Engine/EngineMaterials/Substrate/GLints/dict_16_192_64_0p5_0p02_0042_0009" 5052
"/Engine/EngineMaterials/Substrate/GLints/dict_16_192_64_0p5_0p02_0042_0010" 5053
"/Engine/EngineMaterials/Substrate/GLints/dict_16_192_64_0p5_0p02_0042_0011" 5054
"/Engine/EngineMaterials/Substrate/GLints/dict_16_192_64_0p5_0p02_0042_0012" 5055
"/Engine/EngineMaterials/Substrate/GLints/dict_16_192_64_0p5_0p02_0042_0013" 5056
"/Engine/EngineMaterials/Substrate/GLints/dict_16_192_64_0p5_0p02_0042_0014" 5057
"/Engine/EngineMaterials/Substrate/GLints/dict_16_192_64_0p5_0p02_0040_0015" 5058
"../../../Engine/Content/EngineMaterials/Substrate/GLints/dict_16_192_64_0p5_0p02_0040_0014.uasset" 5059
"../../../Engine/Content/EngineMaterials/Substrate/GLints/dict_16_192_64_0p5_0p02_0040_0013.uasset" 5060
"/Engine/EngineMaterials/Substrate/GLints/dict_16_192_64_0p5_0p02_0041_0000" 5061
"../../../Engine/Content/EngineMaterials/Substrate/GLints/dict_16_192_64_0p5_0p02_0040_0001.uasset" 5062
"../../../Engine/Content/EngineMaterials/Substrate/GLints/dict_16_192_64_0p5_0p02_0040_0008.uasset" 5063
"../../../Engine/Content/EngineMaterials/Substrate/GLints/dict_16_192_64_0p5_0p02_0040_0010.uasset" 5064
"../../../Engine/Content/EngineMaterials/Substrate/GLints/dict_16_192_64_0p5_0p02_0040_0005.uasset" 5065
"../../../Engine/Content/EngineMaterials/Substrate/GLints/dict_16_192_64_0p5_0p02_0040_0007.uasset" 5066
"/Engine/EngineMaterials/Substrate/GLints/dict_16_192_64_0p5_0p02_0041_0001" 5067
"../../../Engine/Content/EngineMaterials/Substrate/GLints/dict_16_192_64_0p5_0p02_0040_0012.uasset" 5068
"../../../Engine/Content/EngineMaterials/Substrate/GLints/dict_16_192_64_0p5_0p02_0040_0009.uasset" 5069
"../../../Engine/Content/EngineMaterials/Substrate/GLints/dict_16_192_64_0p5_0p02_0040_0011.uasset" 5070
"../../../Engine/Content/EngineMaterials/Substrate/GLints/dict_16_192_64_0p5_0p02_0040_0006.uasset" 5071
"../../../Engine/Content/EngineMaterials/Substrate/GLints/dict_16_192_64_0p5_0p02_0040_0002.uasset" 5072
"../../../Engine/Content/EngineMaterials/Substrate/GLints/dict_16_192_64_0p5_0p02_0040_0003.uasset" 5073
"../../../Engine/Content/EngineMaterials/Substrate/GLints/dict_16_192_64_0p5_0p02_0040_0004.uasset" 5074
"/Engine/EngineMaterials/Substrate/GLints/dict_16_192_64_0p5_0p02_0041_0002" 5075
"/Engine/EngineMaterials/Substrate/GLints/dict_16_192_64_0p5_0p02_0041_0003" 5076
"/Engine/EngineMaterials/Substrate/GLints/dict_16_192_64_0p5_0p02_0041_0004" 5077
"/Engine/EngineMaterials/Substrate/GLints/dict_16_192_64_0p5_0p02_0041_0005" 5078
"/Engine/EngineMaterials/Substrate/GLints/dict_16_192_64_0p5_0p02_0041_0006" 5079
"/Engine/EngineMaterials/Substrate/GLints/dict_16_192_64_0p5_0p02_0041_0007" 5080
"/Engine/EngineMaterials/Substrate/GLints/dict_16_192_64_0p5_0p02_0041_0008" 5081
"/Engine/EngineMaterials/Substrate/GLints/dict_16_192_64_0p5_0p02_0041_0009" 5082
"/Engine/EngineMaterials/Substrate/GLints/dict_16_192_64_0p5_0p02_0041_0010" 5083
"/Engine/EngineMaterials/Substrate/GLints/dict_16_192_64_0p5_0p02_0041_0011" 5084
"/Engine/EngineMaterials/Substrate/GLints/dict_16_192_64_0p5_0p02_0041_0012" 5085
"/Engine/EngineMaterials/Substrate/GLints/dict_16_192_64_0p5_0p02_0041_0013" 5086
"/Engine/EngineMaterials/Substrate/GLints/dict_16_192_64_0p5_0p02_0041_0014" 5087
"/Engine/EngineMaterials/Substrate/GLints/dict_16_192_64_0p5_0p02_0041_0015" 5088
"/Engine/EngineMaterials/Substrate/GLints/dict_16_192_64_0p5_0p02_0042_0000" 5089
"/Engine/EngineMaterials/Substrate/GLints/dict_16_192_64_0p5_0p02_0040_0001" 5090
"../../../Engine/Content/EngineMaterials/Substrate/GLints/dict_16_192_64_0p5_0p02_0039_0015.uasset" 5091
"../../../Engine/Content/EngineMaterials/Substrate/GLints/dict_16_192_64_0p5_0p02_0039_0007.uasset" 5092
"../../../Engine/Content/EngineMaterials/Substrate/GLints/dict_16_192_64_0p5_0p02_0039_0013.uasset" 5093
"../../../Engine/Content/EngineMaterials/Substrate/GLints/dict_16_192_64_0p5_0p02_0039_0008.uasset" 5094
"/Engine/EngineMaterials/Substrate/GLints/dict_16_192_64_0p5_0p02_0040_0002" 5095
"../../../Engine/Content/EngineMaterials/Substrate/GLints/dict_16_192_64_0p5_0p02_0039_0011.uasset" 5096
"../../../Engine/Content/EngineMaterials/Substrate/GLints/dict_16_192_64_0p5_0p02_0039_0009.uasset" 5097
"../../../Engine/Content/EngineMaterials/Substrate/GLints/dict_16_192_64_0p5_0p02_0039_0010.uasset" 5098
"../../../Engine/Content/EngineMaterials/Substrate/GLints/dict_16_192_64_0p5_0p02_0039_0012.uasset" 5099
"../../../Engine/Content/EngineMaterials/Substrate/GLints/dict_16_192_64_0p5_0p02_0039_0006.uasset" 5100
"../../../Engine/Content/EngineMaterials/Substrate/GLints/dict_16_192_64_0p5_0p02_0039_0005.uasset" 5101
"../../../Engine/Content/EngineMaterials/Substrate/GLints/dict_16_192_64_0p5_0p02_0039_0002.uasset" 5102
"/Engine/EngineMaterials/Substrate/GLints/dict_16_192_64_0p5_0p02_0040_0003" 5103
"../../../Engine/Content/EngineMaterials/Substrate/GLints/dict_16_192_64_0p5_0p02_0040_0000.uasset" 5104
"../../../Engine/Content/EngineMaterials/Substrate/GLints/dict_16_192_64_0p5_0p02_0039_0014.uasset" 5105
"../../../Engine/Content/EngineMaterials/Substrate/GLints/dict_16_192_64_0p5_0p02_0039_0004.uasset" 5106
"../../../Engine/Content/EngineMaterials/Substrate/GLints/dict_16_192_64_0p5_0p02_0039_0001.uasset" 5107
"../../../Engine/Content/EngineMaterials/Substrate/GLints/dict_16_192_64_0p5_0p02_0039_0003.uasset" 5108
"../../../Engine/Content/EngineMaterials/Substrate/GLints/dict_16_192_64_0p5_0p02_0039_0000.uasset" 5109
"/Engine/EngineMaterials/Substrate/GLints/dict_16_192_64_0p5_0p02_0040_0004" 5110
"../../../Engine/Content/EngineMaterials/Substrate/GLints/dict_16_192_64_0p5_0p02_0038_0015.uasset" 5111
"/Engine/EngineMaterials/Substrate/GLints/dict_16_192_64_0p5_0p02_0040_0005" 5112
"/Engine/EngineMaterials/Substrate/GLints/dict_16_192_64_0p5_0p02_0040_0006" 5113
"/Engine/EngineMaterials/Substrate/GLints/dict_16_192_64_0p5_0p02_0040_0007" 5114
"/Engine/EngineMaterials/Substrate/GLints/dict_16_192_64_0p5_0p02_0040_0008" 5115
"/Engine/EngineMaterials/Substrate/GLints/dict_16_192_64_0p5_0p02_0040_0009" 5116
"/Engine/EngineMaterials/Substrate/GLints/dict_16_192_64_0p5_0p02_0040_0010" 5117
"/Engine/EngineMaterials/Substrate/GLints/dict_16_192_64_0p5_0p02_0040_0011" 5118
"/Engine/EngineMaterials/Substrate/GLints/dict_16_192_64_0p5_0p02_0040_0012" 5119
"/Engine/EngineMaterials/Substrate/GLints/dict_16_192_64_0p5_0p02_0040_0013" 5120
"/Engine/EngineMaterials/Substrate/GLints/dict_16_192_64_0p5_0p02_0040_0014" 5121
"/Engine/EngineMaterials/Substrate/GLints/dict_16_192_64_0p5_0p02_0038_0015" 5122
"../../../Engine/Content/EngineMaterials/Substrate/GLints/dict_16_192_64_0p5_0p02_0038_0009.uasset" 5123
"../../../Engine/Content/EngineMaterials/Substrate/GLints/dict_16_192_64_0p5_0p02_0038_0013.uasset" 5124
"../../../Engine/Content/EngineMaterials/Substrate/GLints/dict_16_192_64_0p5_0p02_0038_0012.uasset" 5125
"../../../Engine/Content/EngineMaterials/Substrate/GLints/dict_16_192_64_0p5_0p02_0038_0007.uasset" 5126
"../../../Engine/Content/EngineMaterials/Substrate/GLints/dict_16_192_64_0p5_0p02_0038_0011.uasset" 5127
"../../../Engine/Content/EngineMaterials/Substrate/GLints/dict_16_192_64_0p5_0p02_0038_0008.uasset" 5128
"../../../Engine/Content/EngineMaterials/Substrate/GLints/dict_16_192_64_0p5_0p02_0038_0010.uasset" 5129
"../../../Engine/Content/EngineMaterials/Substrate/GLints/dict_16_192_64_0p5_0p02_0038_0014.uasset" 5130
"../../../Engine/Content/EngineMaterials/Substrate/GLints/dict_16_192_64_0p5_0p02_0038_0003.uasset" 5131
"../../../Engine/Content/EngineMaterials/Substrate/GLints/dict_16_192_64_0p5_0p02_0038_0006.uasset" 5132
"../../../Engine/Content/EngineMaterials/Substrate/GLints/dict_16_192_64_0p5_0p02_0038_0005.uasset" 5133
"../../../Engine/Content/EngineMaterials/Substrate/GLints/dict_16_192_64_0p5_0p02_0038_0002.uasset" 5134
"../../../Engine/Content/EngineMaterials/Substrate/GLints/dict_16_192_64_0p5_0p02_0038_0001.uasset" 5135
"/Engine/EngineMaterials/Substrate/GLints/dict_16_192_64_0p5_0p02_0039_0000" 5136
"../../../Engine/Content/EngineMaterials/Substrate/GLints/dict_16_192_64_0p5_0p02_0038_0004.uasset" 5137
"/Engine/EngineMaterials/Substrate/GLints/dict_16_192_64_0p5_0p02_0039_0001" 5138
"/Engine/EngineMaterials/Substrate/GLints/dict_16_192_64_0p5_0p02_0039_0002" 5139
"/Engine/EngineMaterials/Substrate/GLints/dict_16_192_64_0p5_0p02_0039_0003" 5140
"/Engine/EngineMaterials/Substrate/GLints/dict_16_192_64_0p5_0p02_0039_0004" 5141
"/Engine/EngineMaterials/Substrate/GLints/dict_16_192_64_0p5_0p02_0039_0005" 5142
"/Engine/EngineMaterials/Substrate/GLints/dict_16_192_64_0p5_0p02_0039_0006" 5143
"/Engine/EngineMaterials/Substrate/GLints/dict_16_192_64_0p5_0p02_0039_0007" 5144
"/Engine/EngineMaterials/Substrate/GLints/dict_16_192_64_0p5_0p02_0039_0008" 5145
"/Engine/EngineMaterials/Substrate/GLints/dict_16_192_64_0p5_0p02_0039_0009" 5146
"/Engine/EngineMaterials/Substrate/GLints/dict_16_192_64_0p5_0p02_0039_0010" 5147
"/Engine/EngineMaterials/Substrate/GLints/dict_16_192_64_0p5_0p02_0039_0011" 5148
"/Engine/EngineMaterials/Substrate/GLints/dict_16_192_64_0p5_0p02_0039_0012" 5149
"/Engine/EngineMaterials/Substrate/GLints/dict_16_192_64_0p5_0p02_0039_0013" 5150
"/Engine/EngineMaterials/Substrate/GLints/dict_16_192_64_0p5_0p02_0039_0014" 5151
"/Engine/EngineMaterials/Substrate/GLints/dict_16_192_64_0p5_0p02_0039_0015" 5152
"/Engine/EngineMaterials/Substrate/GLints/dict_16_192_64_0p5_0p02_0040_0000" 5153
"/Engine/EngineMaterials/Substrate/GLints/dict_16_192_64_0p5_0p02_0038_0001" 5154
"../../../Engine/Content/EngineMaterials/Substrate/GLints/dict_16_192_64_0p5_0p02_0037_0006.uasset" 5155
"../../../Engine/Content/EngineMaterials/Substrate/GLints/dict_16_192_64_0p5_0p02_0037_0013.uasset" 5156
"../../../Engine/Content/EngineMaterials/Substrate/GLints/dict_16_192_64_0p5_0p02_0038_0000.uasset" 5157
"../../../Engine/Content/EngineMaterials/Substrate/GLints/dict_16_192_64_0p5_0p02_0037_0010.uasset" 5158
"../../../Engine/Content/EngineMaterials/Substrate/GLints/dict_16_192_64_0p5_0p02_0037_0012.uasset" 5159
"../../../Engine/Content/EngineMaterials/Substrate/GLints/dict_16_192_64_0p5_0p02_0037_0008.uasset" 5160
"../../../Engine/Content/EngineMaterials/Substrate/GLints/dict_16_192_64_0p5_0p02_0037_0004.uasset" 5161
"../../../Engine/Content/EngineMaterials/Substrate/GLints/dict_16_192_64_0p5_0p02_0037_0009.uasset" 5162
"../../../Engine/Content/EngineMaterials/Substrate/GLints/dict_16_192_64_0p5_0p02_0037_0011.uasset" 5163
"../../../Engine/Content/EngineMaterials/Substrate/GLints/dict_16_192_64_0p5_0p02_0037_0015.uasset" 5164
"../../../Engine/Content/EngineMaterials/Substrate/GLints/dict_16_192_64_0p5_0p02_0037_0001.uasset" 5165
"../../../Engine/Content/EngineMaterials/Substrate/GLints/dict_16_192_64_0p5_0p02_0037_0014.uasset" 5166
"../../../Engine/Content/EngineMaterials/Substrate/GLints/dict_16_192_64_0p5_0p02_0037_0005.uasset" 5167
"../../../Engine/Content/EngineMaterials/Substrate/GLints/dict_16_192_64_0p5_0p02_0037_0007.uasset" 5168
"../../../Engine/Content/EngineMaterials/Substrate/GLints/dict_16_192_64_0p5_0p02_0037_0002.uasset" 5169
"../../../Engine/Content/EngineMaterials/Substrate/GLints/dict_16_192_64_0p5_0p02_0037_0000.uasset" 5170
"../../../Engine/Content/EngineMaterials/Substrate/GLints/dict_16_192_64_0p5_0p02_0036_0015.uasset" 5171
"/Engine/EngineMaterials/Substrate/GLints/dict_16_192_64_0p5_0p02_0038_0002" 5172
"../../../Engine/Content/EngineMaterials/Substrate/GLints/dict_16_192_64_0p5_0p02_0037_0003.uasset" 5173
"/Engine/EngineMaterials/Substrate/GLints/dict_16_192_64_0p5_0p02_0038_0003" 5174
"/Engine/EngineMaterials/Substrate/GLints/dict_16_192_64_0p5_0p02_0038_0004" 5175
"/Engine/EngineMaterials/Substrate/GLints/dict_16_192_64_0p5_0p02_0038_0005" 5176
"/Engine/EngineMaterials/Substrate/GLints/dict_16_192_64_0p5_0p02_0038_0006" 5177
"/Engine/EngineMaterials/Substrate/GLints/dict_16_192_64_0p5_0p02_0038_0007" 5178
"/Engine/EngineMaterials/Substrate/GLints/dict_16_192_64_0p5_0p02_0038_0008" 5179
"/Engine/EngineMaterials/Substrate/GLints/dict_16_192_64_0p5_0p02_0038_0009" 5180
"/Engine/EngineMaterials/Substrate/GLints/dict_16_192_64_0p5_0p02_0038_0010" 5181
"/Engine/EngineMaterials/Substrate/GLints/dict_16_192_64_0p5_0p02_0038_0011" 5182
"/Engine/EngineMaterials/Substrate/GLints/dict_16_192_64_0p5_0p02_0038_0012" 5183
"/Engine/EngineMaterials/Substrate/GLints/dict_16_192_64_0p5_0p02_0038_0013" 5184
"/Engine/EngineMaterials/Substrate/GLints/dict_16_192_64_0p5_0p02_0038_0014" 5185
"../../../Engine/Content/EngineMaterials/Substrate/GLints/dict_16_192_64_0p5_0p02_0036_0014.uasset" 5186
"/Engine/EngineMaterials/Substrate/GLints/dict_16_192_64_0p5_0p02_0036_0015" 5187
"../../../Engine/Content/EngineMaterials/Substrate/GLints/dict_16_192_64_0p5_0p02_0036_0012.uasset" 5188
"../../../Engine/Content/EngineMaterials/Substrate/GLints/dict_16_192_64_0p5_0p02_0036_0011.uasset" 5189
"../../../Engine/Content/EngineMaterials/Substrate/GLints/dict_16_192_64_0p5_0p02_0036_0006.uasset" 5190
"../../../Engine/Content/EngineMaterials/Substrate/GLints/dict_16_192_64_0p5_0p02_0036_0009.uasset" 5191
"../../../Engine/Content/EngineMaterials/Substrate/GLints/dict_16_192_64_0p5_0p02_0036_0010.uasset" 5192
"../../../Engine/Content/EngineMaterials/Substrate/GLints/dict_16_192_64_0p5_0p02_0036_0013.uasset" 5193
"../../../Engine/Content/EngineMaterials/Substrate/GLints/dict_16_192_64_0p5_0p02_0036_0008.uasset" 5194
"../../../Engine/Content/EngineMaterials/Substrate/GLints/dict_16_192_64_0p5_0p02_0036_0005.uasset" 5195
"../../../Engine/Content/EngineMaterials/Substrate/GLints/dict_16_192_64_0p5_0p02_0036_0007.uasset" 5196
"../../../Engine/Content/EngineMaterials/Substrate/GLints/dict_16_192_64_0p5_0p02_0036_0004.uasset" 5197
"../../../Engine/Content/EngineMaterials/Substrate/GLints/dict_16_192_64_0p5_0p02_0036_0003.uasset" 5198
"../../../Engine/Content/EngineMaterials/Substrate/GLints/dict_16_192_64_0p5_0p02_0036_0002.uasset" 5199
"../../../Engine/Content/EngineMaterials/Substrate/GLints/dict_16_192_64_0p5_0p02_0036_0001.uasset" 5200
"/Engine/EngineMaterials/Substrate/GLints/dict_16_192_64_0p5_0p02_0037_0000" 5201
"/Engine/EngineMaterials/Substrate/GLints/dict_16_192_64_0p5_0p02_0037_0001" 5202
"/Engine/EngineMaterials/Substrate/GLints/dict_16_192_64_0p5_0p02_0037_0002" 5203
"/Engine/EngineMaterials/Substrate/GLints/dict_16_192_64_0p5_0p02_0037_0003" 5204
"/Engine/EngineMaterials/Substrate/GLints/dict_16_192_64_0p5_0p02_0037_0004" 5205
"/Engine/EngineMaterials/Substrate/GLints/dict_16_192_64_0p5_0p02_0037_0005" 5206
"/Engine/EngineMaterials/Substrate/GLints/dict_16_192_64_0p5_0p02_0037_0006" 5207
"/Engine/EngineMaterials/Substrate/GLints/dict_16_192_64_0p5_0p02_0037_0007" 5208
"/Engine/EngineMaterials/Substrate/GLints/dict_16_192_64_0p5_0p02_0037_0008" 5209
"/Engine/EngineMaterials/Substrate/GLints/dict_16_192_64_0p5_0p02_0037_0009" 5210
"/Engine/EngineMaterials/Substrate/GLints/dict_16_192_64_0p5_0p02_0037_0010" 5211
"/Engine/EngineMaterials/Substrate/GLints/dict_16_192_64_0p5_0p02_0037_0011" 5212
"/Engine/EngineMaterials/Substrate/GLints/dict_16_192_64_0p5_0p02_0037_0012" 5213
"/Engine/EngineMaterials/Substrate/GLints/dict_16_192_64_0p5_0p02_0037_0013" 5214
"/Engine/EngineMaterials/Substrate/GLints/dict_16_192_64_0p5_0p02_0037_0014" 5215
"/Engine/EngineMaterials/Substrate/GLints/dict_16_192_64_0p5_0p02_0037_0015" 5216
"/Engine/EngineMaterials/Substrate/GLints/dict_16_192_64_0p5_0p02_0038_0000" 5217
"/Engine/EngineMaterials/Substrate/GLints/dict_16_192_64_0p5_0p02_0036_0001" 5218
"../../../Engine/Content/EngineMaterials/Substrate/GLints/dict_16_192_64_0p5_0p02_0036_0000.uasset" 5219
"../../../Engine/Content/EngineMaterials/Substrate/GLints/dict_16_192_64_0p5_0p02_0035_0009.uasset" 5220
"../../../Engine/Content/EngineMaterials/Substrate/GLints/dict_16_192_64_0p5_0p02_0035_0010.uasset" 5221
"../../../Engine/Content/EngineMaterials/Substrate/GLints/dict_16_192_64_0p5_0p02_0035_0013.uasset" 5222
"../../../Engine/Content/EngineMaterials/Substrate/GLints/dict_16_192_64_0p5_0p02_0035_0015.uasset" 5223
"../../../Engine/Content/EngineMaterials/Substrate/GLints/dict_16_192_64_0p5_0p02_0035_0012.uasset" 5224
"../../../Engine/Content/EngineMaterials/Substrate/GLints/dict_16_192_64_0p5_0p02_0035_0014.uasset" 5225
"../../../Engine/Content/EngineMaterials/Substrate/GLints/dict_16_192_64_0p5_0p02_0035_0011.uasset" 5226
"../../../Engine/Content/EngineMaterials/Substrate/GLints/dict_16_192_64_0p5_0p02_0035_0008.uasset" 5227
"../../../Engine/Content/EngineMaterials/Substrate/GLints/dict_16_192_64_0p5_0p02_0035_0004.uasset" 5228
"../../../Engine/Content/EngineMaterials/Substrate/GLints/dict_16_192_64_0p5_0p02_0035_0006.uasset" 5229
"../../../Engine/Content/EngineMaterials/Substrate/GLints/dict_16_192_64_0p5_0p02_0035_0005.uasset" 5230
"/Engine/EngineMaterials/Substrate/GLints/dict_16_192_64_0p5_0p02_0036_0002" 5231
"/Engine/EngineMaterials/Substrate/GLints/dict_16_192_64_0p5_0p02_0036_0003" 5232
"../../../Engine/Content/EngineMaterials/Substrate/GLints/dict_16_192_64_0p5_0p02_0035_0007.uasset" 5233
"../../../Engine/Content/EngineMaterials/Substrate/GLints/dict_16_192_64_0p5_0p02_0035_0003.uasset" 5234
"../../../Engine/Content/EngineMaterials/Substrate/GLints/dict_16_192_64_0p5_0p02_0034_0015.uasset" 5235
"/Engine/EngineMaterials/Substrate/GLints/dict_16_192_64_0p5_0p02_0036_0004" 5236
"../../../Engine/Content/EngineMaterials/Substrate/GLints/dict_16_192_64_0p5_0p02_0035_0002.uasset" 5237
"../../../Engine/Content/EngineMaterials/Substrate/GLints/dict_16_192_64_0p5_0p02_0035_0001.uasset" 5238
"../../../Engine/Content/EngineMaterials/Substrate/GLints/dict_16_192_64_0p5_0p02_0035_0000.uasset" 5239
"/Engine/EngineMaterials/Substrate/GLints/dict_16_192_64_0p5_0p02_0036_0005" 5240
"/Engine/EngineMaterials/Substrate/GLints/dict_16_192_64_0p5_0p02_0036_0006" 5241
"/Engine/EngineMaterials/Substrate/GLints/dict_16_192_64_0p5_0p02_0036_0007" 5242
"/Engine/EngineMaterials/Substrate/GLints/dict_16_192_64_0p5_0p02_0036_0008" 5243
"/Engine/EngineMaterials/Substrate/GLints/dict_16_192_64_0p5_0p02_0036_0009" 5244
"/Engine/EngineMaterials/Substrate/GLints/dict_16_192_64_0p5_0p02_0036_0010" 5245
"/Engine/EngineMaterials/Substrate/GLints/dict_16_192_64_0p5_0p02_0036_0011" 5246
"/Engine/EngineMaterials/Substrate/GLints/dict_16_192_64_0p5_0p02_0036_0012" 5247
"/Engine/EngineMaterials/Substrate/GLints/dict_16_192_64_0p5_0p02_0036_0013" 5248
"/Engine/EngineMaterials/Substrate/GLints/dict_16_192_64_0p5_0p02_0036_0014" 5249
"/Engine/EngineMaterials/Substrate/GLints/dict_16_192_64_0p5_0p02_0034_0015" 5250
"../../../Engine/Content/EngineMaterials/Substrate/GLints/dict_16_192_64_0p5_0p02_0034_0013.uasset" 5251
"../../../Engine/Content/EngineMaterials/Substrate/GLints/dict_16_192_64_0p5_0p02_0034_0014.uasset" 5252
"../../../Engine/Content/EngineMaterials/Substrate/GLints/dict_16_192_64_0p5_0p02_0034_0002.uasset" 5253
"../../../Engine/Content/EngineMaterials/Substrate/GLints/dict_16_192_64_0p5_0p02_0034_0006.uasset" 5254
"../../../Engine/Content/EngineMaterials/Substrate/GLints/dict_16_192_64_0p5_0p02_0034_0004.uasset" 5255
"../../../Engine/Content/EngineMaterials/Substrate/GLints/dict_16_192_64_0p5_0p02_0034_0003.uasset" 5256
"/Engine/EngineMaterials/Substrate/GLints/dict_16_192_64_0p5_0p02_0035_0000" 5257
"../../../Engine/Content/EngineMaterials/Substrate/GLints/dict_16_192_64_0p5_0p02_0034_0011.uasset" 5258
"../../../Engine/Content/EngineMaterials/Substrate/GLints/dict_16_192_64_0p5_0p02_0034_0001.uasset" 5259
"../../../Engine/Content/EngineMaterials/Substrate/GLints/dict_16_192_64_0p5_0p02_0034_0007.uasset" 5260
"../../../Engine/Content/EngineMaterials/Substrate/GLints/dict_16_192_64_0p5_0p02_0034_0008.uasset" 5261
"../../../Engine/Content/EngineMaterials/Substrate/GLints/dict_16_192_64_0p5_0p02_0034_0010.uasset" 5262
"../../../Engine/Content/EngineMaterials/Substrate/GLints/dict_16_192_64_0p5_0p02_0034_0005.uasset" 5263
"../../../Engine/Content/EngineMaterials/Substrate/GLints/dict_16_192_64_0p5_0p02_0034_0012.uasset" 5264
"/Engine/EngineMaterials/Substrate/GLints/dict_16_192_64_0p5_0p02_0035_0001" 5265
"../../../Engine/Content/EngineMaterials/Substrate/GLints/dict_16_192_64_0p5_0p02_0034_0009.uasset" 5266
"/Engine/EngineMaterials/Substrate/GLints/dict_16_192_64_0p5_0p02_0035_0002" 5267
"/Engine/EngineMaterials/Substrate/GLints/dict_16_192_64_0p5_0p02_0035_0003" 5268
"/Engine/EngineMaterials/Substrate/GLints/dict_16_192_64_0p5_0p02_0035_0004" 5269
"/Engine/EngineMaterials/Substrate/GLints/dict_16_192_64_0p5_0p02_0035_0005" 5270
"/Engine/EngineMaterials/Substrate/GLints/dict_16_192_64_0p5_0p02_0035_0006" 5271
"/Engine/EngineMaterials/Substrate/GLints/dict_16_192_64_0p5_0p02_0035_0007" 5272
"/Engine/EngineMaterials/Substrate/GLints/dict_16_192_64_0p5_0p02_0035_0008" 5273
"/Engine/EngineMaterials/Substrate/GLints/dict_16_192_64_0p5_0p02_0035_0009" 5274
"/Engine/EngineMaterials/Substrate/GLints/dict_16_192_64_0p5_0p02_0035_0010" 5275
"/Engine/EngineMaterials/Substrate/GLints/dict_16_192_64_0p5_0p02_0035_0011" 5276
"/Engine/EngineMaterials/Substrate/GLints/dict_16_192_64_0p5_0p02_0035_0012" 5277
"/Engine/EngineMaterials/Substrate/GLints/dict_16_192_64_0p5_0p02_0035_0013" 5278
"/Engine/EngineMaterials/Substrate/GLints/dict_16_192_64_0p5_0p02_0035_0014" 5279
"/Engine/EngineMaterials/Substrate/GLints/dict_16_192_64_0p5_0p02_0035_0015" 5280
"/Engine/EngineMaterials/Substrate/GLints/dict_16_192_64_0p5_0p02_0036_0000" 5281
"/Engine/EngineMaterials/Substrate/GLints/dict_16_192_64_0p5_0p02_0034_0001" 5282
"../../../Engine/Content/EngineMaterials/Substrate/GLints/dict_16_192_64_0p5_0p02_0033_0007.uasset" 5283
"../../../Engine/Content/EngineMaterials/Substrate/GLints/dict_16_192_64_0p5_0p02_0033_0004.uasset" 5284
"../../../Engine/Content/EngineMaterials/Substrate/GLints/dict_16_192_64_0p5_0p02_0033_0003.uasset" 5285
"../../../Engine/Content/EngineMaterials/Substrate/GLints/dict_16_192_64_0p5_0p02_0033_0014.uasset" 5286
"../../../Engine/Content/EngineMaterials/Substrate/GLints/dict_16_192_64_0p5_0p02_0033_0015.uasset" 5287
"/Engine/EngineMaterials/Substrate/GLints/dict_16_192_64_0p5_0p02_0034_0002" 5288
"../../../Engine/Content/EngineMaterials/Substrate/GLints/dict_16_192_64_0p5_0p02_0033_0008.uasset" 5289
"../../../Engine/Content/EngineMaterials/Substrate/GLints/dict_16_192_64_0p5_0p02_0033_0005.uasset" 5290
"../../../Engine/Content/EngineMaterials/Substrate/GLints/dict_16_192_64_0p5_0p02_0033_0011.uasset" 5291
"../../../Engine/Content/EngineMaterials/Substrate/GLints/dict_16_192_64_0p5_0p02_0033_0006.uasset" 5292
"../../../Engine/Content/EngineMaterials/Substrate/GLints/dict_16_192_64_0p5_0p02_0033_0010.uasset" 5293
"../../../Engine/Content/EngineMaterials/Substrate/GLints/dict_16_192_64_0p5_0p02_0033_0009.uasset" 5294
"../../../Engine/Content/EngineMaterials/Substrate/GLints/dict_16_192_64_0p5_0p02_0033_0013.uasset" 5295
"../../../Engine/Content/EngineMaterials/Substrate/GLints/dict_16_192_64_0p5_0p02_0033_0012.uasset" 5296
"../../../Engine/Content/EngineMaterials/Substrate/GLints/dict_16_192_64_0p5_0p02_0034_0000.uasset" 5297
"../../../Engine/Content/EngineMaterials/Substrate/GLints/dict_16_192_64_0p5_0p02_0033_0002.uasset" 5298
"../../../Engine/Content/EngineMaterials/Substrate/GLints/dict_16_192_64_0p5_0p02_0033_0000.uasset" 5299
"../../../Engine/Content/EngineMaterials/Substrate/GLints/dict_16_192_64_0p5_0p02_0032_0015.uasset" 5300
"/Engine/EngineMaterials/Substrate/GLints/dict_16_192_64_0p5_0p02_0034_0003" 5301
"../../../Engine/Content/EngineMaterials/Substrate/GLints/dict_16_192_64_0p5_0p02_0033_0001.uasset" 5302
"/Engine/EngineMaterials/Substrate/GLints/dict_16_192_64_0p5_0p02_0034_0004" 5303
"/Engine/EngineMaterials/Substrate/GLints/dict_16_192_64_0p5_0p02_0034_0005" 5304
"/Engine/EngineMaterials/Substrate/GLints/dict_16_192_64_0p5_0p02_0034_0006" 5305
"/Engine/EngineMaterials/Substrate/GLints/dict_16_192_64_0p5_0p02_0034_0007" 5306
"/Engine/EngineMaterials/Substrate/GLints/dict_16_192_64_0p5_0p02_0034_0008" 5307
"/Engine/EngineMaterials/Substrate/GLints/dict_16_192_64_0p5_0p02_0034_0009" 5308
"/Engine/EngineMaterials/Substrate/GLints/dict_16_192_64_0p5_0p02_0034_0010" 5309
"/Engine/EngineMaterials/Substrate/GLints/dict_16_192_64_0p5_0p02_0034_0011" 5310
"/Engine/EngineMaterials/Substrate/GLints/dict_16_192_64_0p5_0p02_0034_0012" 5311
"/Engine/EngineMaterials/Substrate/GLints/dict_16_192_64_0p5_0p02_0034_0013" 5312
"/Engine/EngineMaterials/Substrate/GLints/dict_16_192_64_0p5_0p02_0034_0014" 5313
"/Engine/EngineMaterials/Substrate/GLints/dict_16_192_64_0p5_0p02_0032_0015" 5314
"../../../Engine/Content/EngineMaterials/Substrate/GLints/dict_16_192_64_0p5_0p02_0032_0009.uasset" 5315
"../../../Engine/Content/EngineMaterials/Substrate/GLints/dict_16_192_64_0p5_0p02_0032_0012.uasset" 5316
"../../../Engine/Content/EngineMaterials/Substrate/GLints/dict_16_192_64_0p5_0p02_0032_0014.uasset" 5317
"../../../Engine/Content/EngineMaterials/Substrate/GLints/dict_16_192_64_0p5_0p02_0032_0013.uasset" 5318
"../../../Engine/Content/EngineMaterials/Substrate/GLints/dict_16_192_64_0p5_0p02_0032_0010.uasset" 5319
"../../../Engine/Content/EngineMaterials/Substrate/GLints/dict_16_192_64_0p5_0p02_0032_0011.uasset" 5320
"../../../Engine/Content/EngineMaterials/Substrate/GLints/dict_16_192_64_0p5_0p02_0032_0004.uasset" 5321
"../../../Engine/Content/EngineMaterials/Substrate/GLints/dict_16_192_64_0p5_0p02_0032_0006.uasset" 5322
"/Engine/EngineMaterials/Substrate/GLints/dict_16_192_64_0p5_0p02_0033_0000" 5323
"../../../Engine/Content/EngineMaterials/Substrate/GLints/dict_16_192_64_0p5_0p02_0032_0007.uasset" 5324
"../../../Engine/Content/EngineMaterials/Substrate/GLints/dict_16_192_64_0p5_0p02_0032_0003.uasset" 5325
"../../../Engine/Content/EngineMaterials/Substrate/GLints/dict_16_192_64_0p5_0p02_0032_0008.uasset" 5326
"../../../Engine/Content/EngineMaterials/Substrate/GLints/dict_16_192_64_0p5_0p02_0032_0005.uasset" 5327
"../../../Engine/Content/EngineMaterials/Substrate/GLints/dict_16_192_64_0p5_0p02_0032_0002.uasset" 5328
"/Engine/EngineMaterials/Substrate/GLints/dict_16_192_64_0p5_0p02_0033_0001" 5329
"../../../Engine/Content/EngineMaterials/Substrate/GLints/dict_16_192_64_0p5_0p02_0032_0001.uasset" 5330
"/Engine/EngineMaterials/Substrate/GLints/dict_16_192_64_0p5_0p02_0033_0002" 5331
"/Engine/EngineMaterials/Substrate/GLints/dict_16_192_64_0p5_0p02_0033_0003" 5332
"/Engine/EngineMaterials/Substrate/GLints/dict_16_192_64_0p5_0p02_0033_0004" 5333
"/Engine/EngineMaterials/Substrate/GLints/dict_16_192_64_0p5_0p02_0033_0005" 5334
"/Engine/EngineMaterials/Substrate/GLints/dict_16_192_64_0p5_0p02_0033_0006" 5335
"/Engine/EngineMaterials/Substrate/GLints/dict_16_192_64_0p5_0p02_0033_0007" 5336
"/Engine/EngineMaterials/Substrate/GLints/dict_16_192_64_0p5_0p02_0033_0008" 5337
"/Engine/EngineMaterials/Substrate/GLints/dict_16_192_64_0p5_0p02_0033_0009" 5338
"/Engine/EngineMaterials/Substrate/GLints/dict_16_192_64_0p5_0p02_0033_0010" 5339
"/Engine/EngineMaterials/Substrate/GLints/dict_16_192_64_0p5_0p02_0033_0011" 5340
"/Engine/EngineMaterials/Substrate/GLints/dict_16_192_64_0p5_0p02_0033_0012" 5341
"/Engine/EngineMaterials/Substrate/GLints/dict_16_192_64_0p5_0p02_0033_0013" 5342
"/Engine/EngineMaterials/Substrate/GLints/dict_16_192_64_0p5_0p02_0033_0014" 5343
"/Engine/EngineMaterials/Substrate/GLints/dict_16_192_64_0p5_0p02_0033_0015" 5344
"/Engine/EngineMaterials/Substrate/GLints/dict_16_192_64_0p5_0p02_0034_0000" 5345
"/Engine/EngineMaterials/Substrate/GLints/dict_16_192_64_0p5_0p02_0032_0001" 5346
"../../../Engine/Content/EngineMaterials/Substrate/GLints/dict_16_192_64_0p5_0p02_0032_0000.uasset" 5347
"../../../Engine/Content/EngineMaterials/Substrate/GLints/dict_16_192_64_0p5_0p02_0031_0015.uasset" 5348
"../../../Engine/Content/EngineMaterials/Substrate/GLints/dict_16_192_64_0p5_0p02_0031_0013.uasset" 5349
"../../../Engine/Content/EngineMaterials/Substrate/GLints/dict_16_192_64_0p5_0p02_0031_0014.uasset" 5350
"/Engine/EngineMaterials/Substrate/GLints/dict_16_192_64_0p5_0p02_0032_0002" 5351
"/Engine/EngineMaterials/Substrate/GLints/dict_16_192_64_0p5_0p02_0032_0003" 5352
"../../../Engine/Content/EngineMaterials/Substrate/GLints/dict_16_192_64_0p5_0p02_0031_0006.uasset" 5353
"../../../Engine/Content/EngineMaterials/Substrate/GLints/dict_16_192_64_0p5_0p02_0031_0012.uasset" 5354
"/Engine/EngineMaterials/Substrate/GLints/dict_16_192_64_0p5_0p02_0032_0004" 5355
"../../../Engine/Content/EngineMaterials/Substrate/GLints/dict_16_192_64_0p5_0p02_0031_0007.uasset" 5356
"../../../Engine/Content/EngineMaterials/Substrate/GLints/dict_16_192_64_0p5_0p02_0031_0005.uasset" 5357
"../../../Engine/Content/EngineMaterials/Substrate/GLints/dict_16_192_64_0p5_0p02_0031_0010.uasset" 5358
"../../../Engine/Content/EngineMaterials/Substrate/GLints/dict_16_192_64_0p5_0p02_0031_0008.uasset" 5359
"../../../Engine/Content/EngineMaterials/Substrate/GLints/dict_16_192_64_0p5_0p02_0031_0004.uasset" 5360
"../../../Engine/Content/EngineMaterials/Substrate/GLints/dict_16_192_64_0p5_0p02_0031_0000.uasset" 5361
"../../../Engine/Content/EngineMaterials/Substrate/GLints/dict_16_192_64_0p5_0p02_0031_0002.uasset" 5362
"../../../Engine/Content/EngineMaterials/Substrate/GLints/dict_16_192_64_0p5_0p02_0031_0011.uasset" 5363
"../../../Engine/Content/EngineMaterials/Substrate/GLints/dict_16_192_64_0p5_0p02_0031_0009.uasset" 5364
"../../../Engine/Content/EngineMaterials/Substrate/GLints/dict_16_192_64_0p5_0p02_0031_0001.uasset" 5365
"../../../Engine/Content/EngineMaterials/Substrate/GLints/dict_16_192_64_0p5_0p02_0031_0003.uasset" 5366
"/Engine/EngineMaterials/Substrate/GLints/dict_16_192_64_0p5_0p02_0032_0005" 5367
"../../../Engine/Content/EngineMaterials/Substrate/GLints/dict_16_192_64_0p5_0p02_0030_0015.uasset" 5368
"/Engine/EngineMaterials/Substrate/GLints/dict_16_192_64_0p5_0p02_0032_0006" 5369
"/Engine/EngineMaterials/Substrate/GLints/dict_16_192_64_0p5_0p02_0032_0007" 5370
"/Engine/EngineMaterials/Substrate/GLints/dict_16_192_64_0p5_0p02_0032_0008" 5371
"/Engine/EngineMaterials/Substrate/GLints/dict_16_192_64_0p5_0p02_0032_0009" 5372
"/Engine/EngineMaterials/Substrate/GLints/dict_16_192_64_0p5_0p02_0032_0010" 5373
"/Engine/EngineMaterials/Substrate/GLints/dict_16_192_64_0p5_0p02_0032_0011" 5374
"/Engine/EngineMaterials/Substrate/GLints/dict_16_192_64_0p5_0p02_0032_0012" 5375
"/Engine/EngineMaterials/Substrate/GLints/dict_16_192_64_0p5_0p02_0032_0013" 5376
"/Engine/EngineMaterials/Substrate/GLints/dict_16_192_64_0p5_0p02_0032_0014" 5377
"/Engine/EngineMaterials/Substrate/GLints/dict_16_192_64_0p5_0p02_0030_0015" 5378
"../../../Engine/Content/EngineMaterials/Substrate/GLints/dict_16_192_64_0p5_0p02_0030_0006.uasset" 5379
"../../../Engine/Content/EngineMaterials/Substrate/GLints/dict_16_192_64_0p5_0p02_0030_0004.uasset" 5380
"../../../Engine/Content/EngineMaterials/Substrate/GLints/dict_16_192_64_0p5_0p02_0030_0005.uasset" 5381
"../../../Engine/Content/EngineMaterials/Substrate/GLints/dict_16_192_64_0p5_0p02_0030_0009.uasset" 5382
"../../../Engine/Content/EngineMaterials/Substrate/GLints/dict_16_192_64_0p5_0p02_0030_0008.uasset" 5383
"../../../Engine/Content/EngineMaterials/Substrate/GLints/dict_16_192_64_0p5_0p02_0030_0014.uasset" 5384
"../../../Engine/Content/EngineMaterials/Substrate/GLints/dict_16_192_64_0p5_0p02_0030_0011.uasset" 5385
"../../../Engine/Content/EngineMaterials/Substrate/GLints/dict_16_192_64_0p5_0p02_0030_0007.uasset" 5386
"../../../Engine/Content/EngineMaterials/Substrate/GLints/dict_16_192_64_0p5_0p02_0030_0012.uasset" 5387
"../../../Engine/Content/EngineMaterials/Substrate/GLints/dict_16_192_64_0p5_0p02_0030_0010.uasset" 5388
"/Engine/EngineMaterials/Substrate/GLints/dict_16_192_64_0p5_0p02_0031_0000" 5389
"../../../Engine/Content/EngineMaterials/Substrate/GLints/dict_16_192_64_0p5_0p02_0030_0013.uasset" 5390
"/Engine/EngineMaterials/Substrate/GLints/dict_16_192_64_0p5_0p02_0031_0001" 5391
"../../../Engine/Content/EngineMaterials/Substrate/GLints/dict_16_192_64_0p5_0p02_0030_0001.uasset" 5392
"../../../Engine/Content/EngineMaterials/Substrate/GLints/dict_16_192_64_0p5_0p02_0030_0003.uasset" 5393
"../../../Engine/Content/EngineMaterials/Substrate/GLints/dict_16_192_64_0p5_0p02_0030_0002.uasset" 5394
"/Engine/EngineMaterials/Substrate/GLints/dict_16_192_64_0p5_0p02_0031_0002" 5395
"/Engine/EngineMaterials/Substrate/GLints/dict_16_192_64_0p5_0p02_0031_0003" 5396
"/Engine/EngineMaterials/Substrate/GLints/dict_16_192_64_0p5_0p02_0031_0004" 5397
"/Engine/EngineMaterials/Substrate/GLints/dict_16_192_64_0p5_0p02_0031_0005" 5398
"/Engine/EngineMaterials/Substrate/GLints/dict_16_192_64_0p5_0p02_0031_0006" 5399
"/Engine/EngineMaterials/Substrate/GLints/dict_16_192_64_0p5_0p02_0031_0007" 5400
"/Engine/EngineMaterials/Substrate/GLints/dict_16_192_64_0p5_0p02_0031_0008" 5401
"/Engine/EngineMaterials/Substrate/GLints/dict_16_192_64_0p5_0p02_0031_0009" 5402
"/Engine/EngineMaterials/Substrate/GLints/dict_16_192_64_0p5_0p02_0031_0010" 5403
"/Engine/EngineMaterials/Substrate/GLints/dict_16_192_64_0p5_0p02_0031_0011" 5404
"/Engine/EngineMaterials/Substrate/GLints/dict_16_192_64_0p5_0p02_0031_0012" 5405
"/Engine/EngineMaterials/Substrate/GLints/dict_16_192_64_0p5_0p02_0031_0013" 5406
"/Engine/EngineMaterials/Substrate/GLints/dict_16_192_64_0p5_0p02_0031_0014" 5407
"/Engine/EngineMaterials/Substrate/GLints/dict_16_192_64_0p5_0p02_0031_0015" 5408
"/Engine/EngineMaterials/Substrate/GLints/dict_16_192_64_0p5_0p02_0032_0000" 5409
"/Engine/EngineMaterials/Substrate/GLints/dict_16_192_64_0p5_0p02_0030_0001" 5410
"../../../Engine/Content/EngineMaterials/Substrate/GLints/dict_16_192_64_0p5_0p02_0029_0015.uasset" 5411
"../../../Engine/Content/EngineMaterials/Substrate/GLints/dict_16_192_64_0p5_0p02_0029_0014.uasset" 5412
"../../../Engine/Content/EngineMaterials/Substrate/GLints/dict_16_192_64_0p5_0p02_0030_0000.uasset" 5413
"../../../Engine/Content/EngineMaterials/Substrate/GLints/dict_16_192_64_0p5_0p02_0029_0012.uasset" 5414
"../../../Engine/Content/EngineMaterials/Substrate/GLints/dict_16_192_64_0p5_0p02_0029_0009.uasset" 5415
"../../../Engine/Content/EngineMaterials/Substrate/GLints/dict_16_192_64_0p5_0p02_0029_0013.uasset" 5416
"../../../Engine/Content/EngineMaterials/Substrate/GLints/dict_16_192_64_0p5_0p02_0029_0011.uasset" 5417
"../../../Engine/Content/EngineMaterials/Substrate/GLints/dict_16_192_64_0p5_0p02_0029_0006.uasset" 5418
"../../../Engine/Content/EngineMaterials/Substrate/GLints/dict_16_192_64_0p5_0p02_0029_0003.uasset" 5419
"../../../Engine/Content/EngineMaterials/Substrate/GLints/dict_16_192_64_0p5_0p02_0029_0007.uasset" 5420
"../../../Engine/Content/EngineMaterials/Substrate/GLints/dict_16_192_64_0p5_0p02_0029_0002.uasset" 5421
"../../../Engine/Content/EngineMaterials/Substrate/GLints/dict_16_192_64_0p5_0p02_0029_0004.uasset" 5422
"../../../Engine/Content/EngineMaterials/Substrate/GLints/dict_16_192_64_0p5_0p02_0029_0001.uasset" 5423
"/Engine/EngineMaterials/Substrate/GLints/dict_16_192_64_0p5_0p02_0030_0002" 5424
"../../../Engine/Content/EngineMaterials/Substrate/GLints/dict_16_192_64_0p5_0p02_0029_0005.uasset" 5425
"../../../Engine/Content/EngineMaterials/Substrate/GLints/dict_16_192_64_0p5_0p02_0029_0010.uasset" 5426
"../../../Engine/Content/EngineMaterials/Substrate/GLints/dict_16_192_64_0p5_0p02_0028_0015.uasset" 5427
"../../../Engine/Content/EngineMaterials/Substrate/GLints/dict_16_192_64_0p5_0p02_0029_0008.uasset" 5428
"../../../Engine/Content/EngineMaterials/Substrate/GLints/dict_16_192_64_0p5_0p02_0029_0000.uasset" 5429
"/Engine/EngineMaterials/Substrate/GLints/dict_16_192_64_0p5_0p02_0030_0003" 5430
"/Engine/EngineMaterials/Substrate/GLints/dict_16_192_64_0p5_0p02_0030_0004" 5431
"/Engine/EngineMaterials/Substrate/GLints/dict_16_192_64_0p5_0p02_0030_0005" 5432
"/Engine/EngineMaterials/Substrate/GLints/dict_16_192_64_0p5_0p02_0030_0006" 5433
"/Engine/EngineMaterials/Substrate/GLints/dict_16_192_64_0p5_0p02_0030_0007" 5434
"/Engine/EngineMaterials/Substrate/GLints/dict_16_192_64_0p5_0p02_0030_0008" 5435
"/Engine/EngineMaterials/Substrate/GLints/dict_16_192_64_0p5_0p02_0030_0009" 5436
"/Engine/EngineMaterials/Substrate/GLints/dict_16_192_64_0p5_0p02_0030_0010" 5437
"/Engine/EngineMaterials/Substrate/GLints/dict_16_192_64_0p5_0p02_0030_0011" 5438
"/Engine/EngineMaterials/Substrate/GLints/dict_16_192_64_0p5_0p02_0030_0012" 5439
"/Engine/EngineMaterials/Substrate/GLints/dict_16_192_64_0p5_0p02_0030_0013" 5440
"/Engine/EngineMaterials/Substrate/GLints/dict_16_192_64_0p5_0p02_0030_0014" 5441
"/Engine/EngineMaterials/Substrate/GLints/dict_16_192_64_0p5_0p02_0028_0015" 5442
"../../../Engine/Content/EngineMaterials/Substrate/GLints/dict_16_192_64_0p5_0p02_0028_0014.uasset" 5443
"../../../Engine/Content/EngineMaterials/Substrate/GLints/dict_16_192_64_0p5_0p02_0028_0013.uasset" 5444
"../../../Engine/Content/EngineMaterials/Substrate/GLints/dict_16_192_64_0p5_0p02_0028_0005.uasset" 5445
"../../../Engine/Content/EngineMaterials/Substrate/GLints/dict_16_192_64_0p5_0p02_0028_0008.uasset" 5446
"../../../Engine/Content/EngineMaterials/Substrate/GLints/dict_16_192_64_0p5_0p02_0028_0009.uasset" 5447
"../../../Engine/Content/EngineMaterials/Substrate/GLints/dict_16_192_64_0p5_0p02_0028_0006.uasset" 5448
"/Engine/EngineMaterials/Substrate/GLints/dict_16_192_64_0p5_0p02_0029_0000" 5449
"../../../Engine/Content/EngineMaterials/Substrate/GLints/dict_16_192_64_0p5_0p02_0028_0010.uasset" 5450
"../../../Engine/Content/EngineMaterials/Substrate/GLints/dict_16_192_64_0p5_0p02_0028_0004.uasset" 5451
"../../../Engine/Content/EngineMaterials/Substrate/GLints/dict_16_192_64_0p5_0p02_0028_0011.uasset" 5452
"../../../Engine/Content/EngineMaterials/Substrate/GLints/dict_16_192_64_0p5_0p02_0028_0003.uasset" 5453
"../../../Engine/Content/EngineMaterials/Substrate/GLints/dict_16_192_64_0p5_0p02_0028_0012.uasset" 5454
"../../../Engine/Content/EngineMaterials/Substrate/GLints/dict_16_192_64_0p5_0p02_0028_0007.uasset" 5455
"../../../Engine/Content/EngineMaterials/Substrate/GLints/dict_16_192_64_0p5_0p02_0028_0001.uasset" 5456
"/Engine/EngineMaterials/Substrate/GLints/dict_16_192_64_0p5_0p02_0029_0001" 5457
"../../../Engine/Content/EngineMaterials/Substrate/GLints/dict_16_192_64_0p5_0p02_0028_0002.uasset" 5458
"/Engine/EngineMaterials/Substrate/GLints/dict_16_192_64_0p5_0p02_0029_0002" 5459
"/Engine/EngineMaterials/Substrate/GLints/dict_16_192_64_0p5_0p02_0029_0003" 5460
"/Engine/EngineMaterials/Substrate/GLints/dict_16_192_64_0p5_0p02_0029_0004" 5461
"/Engine/EngineMaterials/Substrate/GLints/dict_16_192_64_0p5_0p02_0029_0005" 5462
"/Engine/EngineMaterials/Substrate/GLints/dict_16_192_64_0p5_0p02_0029_0006" 5463
"/Engine/EngineMaterials/Substrate/GLints/dict_16_192_64_0p5_0p02_0029_0007" 5464
"/Engine/EngineMaterials/Substrate/GLints/dict_16_192_64_0p5_0p02_0029_0008" 5465
"/Engine/EngineMaterials/Substrate/GLints/dict_16_192_64_0p5_0p02_0029_0009" 5466
"/Engine/EngineMaterials/Substrate/GLints/dict_16_192_64_0p5_0p02_0029_0010" 5467
"/Engine/EngineMaterials/Substrate/GLints/dict_16_192_64_0p5_0p02_0029_0011" 5468
"/Engine/EngineMaterials/Substrate/GLints/dict_16_192_64_0p5_0p02_0029_0012" 5469
"/Engine/EngineMaterials/Substrate/GLints/dict_16_192_64_0p5_0p02_0029_0013" 5470
"/Engine/EngineMaterials/Substrate/GLints/dict_16_192_64_0p5_0p02_0029_0014" 5471
"/Engine/EngineMaterials/Substrate/GLints/dict_16_192_64_0p5_0p02_0029_0015" 5472
"/Engine/EngineMaterials/Substrate/GLints/dict_16_192_64_0p5_0p02_0030_0000" 5473
"/Engine/EngineMaterials/Substrate/GLints/dict_16_192_64_0p5_0p02_0028_0001" 5474
"../../../Engine/Content/EngineMaterials/Substrate/GLints/dict_16_192_64_0p5_0p02_0027_0015.uasset" 5475
"../../../Engine/Content/EngineMaterials/Substrate/GLints/dict_16_192_64_0p5_0p02_0027_0005.uasset" 5476
"/Engine/EngineMaterials/Substrate/GLints/dict_16_192_64_0p5_0p02_0028_0002" 5477
"../../../Engine/Content/EngineMaterials/Substrate/GLints/dict_16_192_64_0p5_0p02_0027_0014.uasset" 5478
"../../../Engine/Content/EngineMaterials/Substrate/GLints/dict_16_192_64_0p5_0p02_0027_0012.uasset" 5479
"../../../Engine/Content/EngineMaterials/Substrate/GLints/dict_16_192_64_0p5_0p02_0027_0013.uasset" 5480
"../../../Engine/Content/EngineMaterials/Substrate/GLints/dict_16_192_64_0p5_0p02_0027_0004.uasset" 5481
"../../../Engine/Content/EngineMaterials/Substrate/GLints/dict_16_192_64_0p5_0p02_0027_0011.uasset" 5482
"../../../Engine/Content/EngineMaterials/Substrate/GLints/dict_16_192_64_0p5_0p02_0027_0002.uasset" 5483
"../../../Engine/Content/EngineMaterials/Substrate/GLints/dict_16_192_64_0p5_0p02_0027_0007.uasset" 5484
"../../../Engine/Content/EngineMaterials/Substrate/GLints/dict_16_192_64_0p5_0p02_0027_0006.uasset" 5485
"../../../Engine/Content/EngineMaterials/Substrate/GLints/dict_16_192_64_0p5_0p02_0027_0001.uasset" 5486
"../../../Engine/Content/EngineMaterials/Substrate/GLints/dict_16_192_64_0p5_0p02_0027_0009.uasset" 5487
"../../../Engine/Content/EngineMaterials/Substrate/GLints/dict_16_192_64_0p5_0p02_0027_0003.uasset" 5488
"../../../Engine/Content/EngineMaterials/Substrate/GLints/dict_16_192_64_0p5_0p02_0027_0008.uasset" 5489
"../../../Engine/Content/EngineMaterials/Substrate/GLints/dict_16_192_64_0p5_0p02_0028_0000.uasset" 5490
"../../../Engine/Content/EngineMaterials/Substrate/GLints/dict_16_192_64_0p5_0p02_0027_0010.uasset" 5491
"../../../Engine/Content/EngineMaterials/Substrate/GLints/dict_16_192_64_0p5_0p02_0027_0000.uasset" 5492
"/Engine/EngineMaterials/Substrate/GLints/dict_16_192_64_0p5_0p02_0028_0003" 5493
"../../../Engine/Content/EngineMaterials/Substrate/GLints/dict_16_192_64_0p5_0p02_0026_0015.uasset" 5494
"/Engine/EngineMaterials/Substrate/GLints/dict_16_192_64_0p5_0p02_0028_0004" 5495
"/Engine/EngineMaterials/Substrate/GLints/dict_16_192_64_0p5_0p02_0028_0005" 5496
"/Engine/EngineMaterials/Substrate/GLints/dict_16_192_64_0p5_0p02_0028_0006" 5497
"/Engine/EngineMaterials/Substrate/GLints/dict_16_192_64_0p5_0p02_0028_0007" 5498
"/Engine/EngineMaterials/Substrate/GLints/dict_16_192_64_0p5_0p02_0028_0008" 5499
"/Engine/EngineMaterials/Substrate/GLints/dict_16_192_64_0p5_0p02_0028_0009" 5500
"/Engine/EngineMaterials/Substrate/GLints/dict_16_192_64_0p5_0p02_0028_0010" 5501
"/Engine/EngineMaterials/Substrate/GLints/dict_16_192_64_0p5_0p02_0028_0011" 5502
"/Engine/EngineMaterials/Substrate/GLints/dict_16_192_64_0p5_0p02_0028_0012" 5503
"/Engine/EngineMaterials/Substrate/GLints/dict_16_192_64_0p5_0p02_0028_0013" 5504
"/Engine/EngineMaterials/Substrate/GLints/dict_16_192_64_0p5_0p02_0028_0014" 5505
"/Engine/EngineMaterials/Substrate/GLints/dict_16_192_64_0p5_0p02_0026_0015" 5506
"../../../Engine/Content/EngineMaterials/Substrate/GLints/dict_16_192_64_0p5_0p02_0026_0010.uasset" 5507
"../../../Engine/Content/EngineMaterials/Substrate/GLints/dict_16_192_64_0p5_0p02_0026_0014.uasset" 5508
"../../../Engine/Content/EngineMaterials/Substrate/GLints/dict_16_192_64_0p5_0p02_0026_0012.uasset" 5509
"../../../Engine/Content/EngineMaterials/Substrate/GLints/dict_16_192_64_0p5_0p02_0026_0013.uasset" 5510
"../../../Engine/Content/EngineMaterials/Substrate/GLints/dict_16_192_64_0p5_0p02_0026_0008.uasset" 5511
"../../../Engine/Content/EngineMaterials/Substrate/GLints/dict_16_192_64_0p5_0p02_0026_0009.uasset" 5512
"../../../Engine/Content/EngineMaterials/Substrate/GLints/dict_16_192_64_0p5_0p02_0026_0011.uasset" 5513
"../../../Engine/Content/EngineMaterials/Substrate/GLints/dict_16_192_64_0p5_0p02_0026_0007.uasset" 5514
"/Engine/EngineMaterials/Substrate/GLints/dict_16_192_64_0p5_0p02_0027_0000" 5515
"../../../Engine/Content/EngineMaterials/Substrate/GLints/dict_16_192_64_0p5_0p02_0026_0002.uasset" 5516
"../../../Engine/Content/EngineMaterials/Substrate/GLints/dict_16_192_64_0p5_0p02_0026_0005.uasset" 5517
"../../../Engine/Content/EngineMaterials/Substrate/GLints/dict_16_192_64_0p5_0p02_0026_0001.uasset" 5518
"/Engine/EngineMaterials/Substrate/GLints/dict_16_192_64_0p5_0p02_0027_0001" 5519
"../../../Engine/Content/EngineMaterials/Substrate/GLints/dict_16_192_64_0p5_0p02_0026_0003.uasset" 5520
"../../../Engine/Content/EngineMaterials/Substrate/GLints/dict_16_192_64_0p5_0p02_0026_0004.uasset" 5521
"/Engine/EngineMaterials/Substrate/GLints/dict_16_192_64_0p5_0p02_0027_0002" 5522
"../../../Engine/Content/EngineMaterials/Substrate/GLints/dict_16_192_64_0p5_0p02_0026_0006.uasset" 5523
"/Engine/EngineMaterials/Substrate/GLints/dict_16_192_64_0p5_0p02_0027_0003" 5524
"/Engine/EngineMaterials/Substrate/GLints/dict_16_192_64_0p5_0p02_0027_0004" 5525
"/Engine/EngineMaterials/Substrate/GLints/dict_16_192_64_0p5_0p02_0027_0005" 5526
"/Engine/EngineMaterials/Substrate/GLints/dict_16_192_64_0p5_0p02_0027_0006" 5527
"/Engine/EngineMaterials/Substrate/GLints/dict_16_192_64_0p5_0p02_0027_0007" 5528
"/Engine/EngineMaterials/Substrate/GLints/dict_16_192_64_0p5_0p02_0027_0008" 5529
"/Engine/EngineMaterials/Substrate/GLints/dict_16_192_64_0p5_0p02_0027_0009" 5530
"/Engine/EngineMaterials/Substrate/GLints/dict_16_192_64_0p5_0p02_0027_0010" 5531
"/Engine/EngineMaterials/Substrate/GLints/dict_16_192_64_0p5_0p02_0027_0011" 5532
"/Engine/EngineMaterials/Substrate/GLints/dict_16_192_64_0p5_0p02_0027_0012" 5533
"/Engine/EngineMaterials/Substrate/GLints/dict_16_192_64_0p5_0p02_0027_0013" 5534
"/Engine/EngineMaterials/Substrate/GLints/dict_16_192_64_0p5_0p02_0027_0014" 5535
"/Engine/EngineMaterials/Substrate/GLints/dict_16_192_64_0p5_0p02_0027_0015" 5536
"/Engine/EngineMaterials/Substrate/GLints/dict_16_192_64_0p5_0p02_0028_0000" 5537
"/Engine/EngineMaterials/Substrate/GLints/dict_16_192_64_0p5_0p02_0026_0001" 5538
"../../../Engine/Content/EngineMaterials/Substrate/GLints/dict_16_192_64_0p5_0p02_0025_0015.uasset" 5539
"../../../Engine/Content/EngineMaterials/Substrate/GLints/dict_16_192_64_0p5_0p02_0026_0000.uasset" 5540
"../../../Engine/Content/EngineMaterials/Substrate/GLints/dict_16_192_64_0p5_0p02_0025_0013.uasset" 5541
"../../../Engine/Content/EngineMaterials/Substrate/GLints/dict_16_192_64_0p5_0p02_0025_0014.uasset" 5542
"../../../Engine/Content/EngineMaterials/Substrate/GLints/dict_16_192_64_0p5_0p02_0025_0010.uasset" 5543
"../../../Engine/Content/EngineMaterials/Substrate/GLints/dict_16_192_64_0p5_0p02_0025_0009.uasset" 5544
"/Engine/EngineMaterials/Substrate/GLints/dict_16_192_64_0p5_0p02_0026_0002" 5545
"../../../Engine/Content/EngineMaterials/Substrate/GLints/dict_16_192_64_0p5_0p02_0025_0011.uasset" 5546
"../../../Engine/Content/EngineMaterials/Substrate/GLints/dict_16_192_64_0p5_0p02_0025_0012.uasset" 5547
"/Engine/EngineMaterials/Substrate/GLints/dict_16_192_64_0p5_0p02_0026_0003" 5548
"../../../Engine/Content/EngineMaterials/Substrate/GLints/dict_16_192_64_0p5_0p02_0025_0005.uasset" 5549
"../../../Engine/Content/EngineMaterials/Substrate/GLints/dict_16_192_64_0p5_0p02_0025_0007.uasset" 5550
"../../../Engine/Content/EngineMaterials/Substrate/GLints/dict_16_192_64_0p5_0p02_0025_0004.uasset" 5551
"/Engine/EngineMaterials/Substrate/GLints/dict_16_192_64_0p5_0p02_0026_0004" 5552
"../../../Engine/Content/EngineMaterials/Substrate/GLints/dict_16_192_64_0p5_0p02_0025_0001.uasset" 5553
"../../../Engine/Content/EngineMaterials/Substrate/GLints/dict_16_192_64_0p5_0p02_0025_0006.uasset" 5554
"../../../Engine/Content/EngineMaterials/Substrate/GLints/dict_16_192_64_0p5_0p02_0025_0002.uasset" 5555
"../../../Engine/Content/EngineMaterials/Substrate/GLints/dict_16_192_64_0p5_0p02_0025_0000.uasset" 5556
"../../../Engine/Content/EngineMaterials/Substrate/GLints/dict_16_192_64_0p5_0p02_0024_0015.uasset" 5557
"../../../Engine/Content/EngineMaterials/Substrate/GLints/dict_16_192_64_0p5_0p02_0025_0008.uasset" 5558
"/Engine/EngineMaterials/Substrate/GLints/dict_16_192_64_0p5_0p02_0026_0005" 5559
"../../../Engine/Content/EngineMaterials/Substrate/GLints/dict_16_192_64_0p5_0p02_0025_0003.uasset" 5560
"/Engine/EngineMaterials/Substrate/GLints/dict_16_192_64_0p5_0p02_0026_0006" 5561
"/Engine/EngineMaterials/Substrate/GLints/dict_16_192_64_0p5_0p02_0026_0007" 5562
"/Engine/EngineMaterials/Substrate/GLints/dict_16_192_64_0p5_0p02_0026_0008" 5563
"/Engine/EngineMaterials/Substrate/GLints/dict_16_192_64_0p5_0p02_0026_0009" 5564
"/Engine/EngineMaterials/Substrate/GLints/dict_16_192_64_0p5_0p02_0026_0010" 5565
"/Engine/EngineMaterials/Substrate/GLints/dict_16_192_64_0p5_0p02_0026_0011" 5566
"/Engine/EngineMaterials/Substrate/GLints/dict_16_192_64_0p5_0p02_0026_0012" 5567
"/Engine/EngineMaterials/Substrate/GLints/dict_16_192_64_0p5_0p02_0026_0013" 5568
"/Engine/EngineMaterials/Substrate/GLints/dict_16_192_64_0p5_0p02_0026_0014" 5569
"/Engine/EngineMaterials/Substrate/GLints/dict_16_192_64_0p5_0p02_0024_0015" 5570
"../../../Engine/Content/EngineMaterials/Substrate/GLints/dict_16_192_64_0p5_0p02_0024_0012.uasset" 5571
"../../../Engine/Content/EngineMaterials/Substrate/GLints/dict_16_192_64_0p5_0p02_0024_0014.uasset" 5572
"../../../Engine/Content/EngineMaterials/Substrate/GLints/dict_16_192_64_0p5_0p02_0024_0010.uasset" 5573
"../../../Engine/Content/EngineMaterials/Substrate/GLints/dict_16_192_64_0p5_0p02_0024_0005.uasset" 5574
"../../../Engine/Content/EngineMaterials/Substrate/GLints/dict_16_192_64_0p5_0p02_0024_0008.uasset" 5575
"../../../Engine/Content/EngineMaterials/Substrate/GLints/dict_16_192_64_0p5_0p02_0024_0004.uasset" 5576
"../../../Engine/Content/EngineMaterials/Substrate/GLints/dict_16_192_64_0p5_0p02_0024_0009.uasset" 5577
"../../../Engine/Content/EngineMaterials/Substrate/GLints/dict_16_192_64_0p5_0p02_0024_0006.uasset" 5578
"../../../Engine/Content/EngineMaterials/Substrate/GLints/dict_16_192_64_0p5_0p02_0024_0011.uasset" 5579
"../../../Engine/Content/EngineMaterials/Substrate/GLints/dict_16_192_64_0p5_0p02_0024_0007.uasset" 5580
"../../../Engine/Content/EngineMaterials/Substrate/GLints/dict_16_192_64_0p5_0p02_0024_0013.uasset" 5581
"../../../Engine/Content/EngineMaterials/Substrate/GLints/dict_16_192_64_0p5_0p02_0024_0002.uasset" 5582
"../../../Engine/Content/EngineMaterials/Substrate/GLints/dict_16_192_64_0p5_0p02_0024_0003.uasset" 5583
"../../../Engine/Content/EngineMaterials/Substrate/GLints/dict_16_192_64_0p5_0p02_0024_0001.uasset" 5584
"/Engine/EngineMaterials/Substrate/GLints/dict_16_192_64_0p5_0p02_0025_0000" 5585
"/Engine/EngineMaterials/Substrate/GLints/dict_16_192_64_0p5_0p02_0025_0001" 5586
"/Engine/EngineMaterials/Substrate/GLints/dict_16_192_64_0p5_0p02_0025_0002" 5587
"/Engine/EngineMaterials/Substrate/GLints/dict_16_192_64_0p5_0p02_0025_0003" 5588
"/Engine/EngineMaterials/Substrate/GLints/dict_16_192_64_0p5_0p02_0025_0004" 5589
"/Engine/EngineMaterials/Substrate/GLints/dict_16_192_64_0p5_0p02_0025_0005" 5590
"/Engine/EngineMaterials/Substrate/GLints/dict_16_192_64_0p5_0p02_0025_0006" 5591
"/Engine/EngineMaterials/Substrate/GLints/dict_16_192_64_0p5_0p02_0025_0007" 5592
"/Engine/EngineMaterials/Substrate/GLints/dict_16_192_64_0p5_0p02_0025_0008" 5593
"/Engine/EngineMaterials/Substrate/GLints/dict_16_192_64_0p5_0p02_0025_0009" 5594
"/Engine/EngineMaterials/Substrate/GLints/dict_16_192_64_0p5_0p02_0025_0010" 5595
"/Engine/EngineMaterials/Substrate/GLints/dict_16_192_64_0p5_0p02_0025_0011" 5596
"/Engine/EngineMaterials/Substrate/GLints/dict_16_192_64_0p5_0p02_0025_0012" 5597
"/Engine/EngineMaterials/Substrate/GLints/dict_16_192_64_0p5_0p02_0025_0013" 5598
"/Engine/EngineMaterials/Substrate/GLints/dict_16_192_64_0p5_0p02_0025_0014" 5599
"/Engine/EngineMaterials/Substrate/GLints/dict_16_192_64_0p5_0p02_0025_0015" 5600
"/Engine/EngineMaterials/Substrate/GLints/dict_16_192_64_0p5_0p02_0026_0000" 5601
"/Engine/EngineMaterials/Substrate/GLints/dict_16_192_64_0p5_0p02_0024_0001" 5602
"../../../Engine/Content/EngineMaterials/Substrate/GLints/dict_16_192_64_0p5_0p02_0023_0013.uasset" 5603
"../../../Engine/Content/EngineMaterials/Substrate/GLints/dict_16_192_64_0p5_0p02_0023_0009.uasset" 5604
"../../../Engine/Content/EngineMaterials/Substrate/GLints/dict_16_192_64_0p5_0p02_0023_0014.uasset" 5605
"../../../Engine/Content/EngineMaterials/Substrate/GLints/dict_16_192_64_0p5_0p02_0023_0012.uasset" 5606
"../../../Engine/Content/EngineMaterials/Substrate/GLints/dict_16_192_64_0p5_0p02_0023_0015.uasset" 5607
"../../../Engine/Content/EngineMaterials/Substrate/GLints/dict_16_192_64_0p5_0p02_0023_0010.uasset" 5608
"../../../Engine/Content/EngineMaterials/Substrate/GLints/dict_16_192_64_0p5_0p02_0023_0011.uasset" 5609
"../../../Engine/Content/EngineMaterials/Substrate/GLints/dict_16_192_64_0p5_0p02_0023_0006.uasset" 5610
"../../../Engine/Content/EngineMaterials/Substrate/GLints/dict_16_192_64_0p5_0p02_0023_0005.uasset" 5611
"../../../Engine/Content/EngineMaterials/Substrate/GLints/dict_16_192_64_0p5_0p02_0024_0000.uasset" 5612
"../../../Engine/Content/EngineMaterials/Substrate/GLints/dict_16_192_64_0p5_0p02_0023_0004.uasset" 5613
"../../../Engine/Content/EngineMaterials/Substrate/GLints/dict_16_192_64_0p5_0p02_0023_0003.uasset" 5614
"../../../Engine/Content/EngineMaterials/Substrate/GLints/dict_16_192_64_0p5_0p02_0023_0007.uasset" 5615
"../../../Engine/Content/EngineMaterials/Substrate/GLints/dict_16_192_64_0p5_0p02_0023_0008.uasset" 5616
"../../../Engine/Content/EngineMaterials/Substrate/GLints/dict_16_192_64_0p5_0p02_0023_0001.uasset" 5617
"../../../Engine/Content/EngineMaterials/Substrate/GLints/dict_16_192_64_0p5_0p02_0022_0015.uasset" 5618
"../../../Engine/Content/EngineMaterials/Substrate/GLints/dict_16_192_64_0p5_0p02_0023_0000.uasset" 5619
"/Engine/EngineMaterials/Substrate/GLints/dict_16_192_64_0p5_0p02_0024_0002" 5620
"../../../Engine/Content/EngineMaterials/Substrate/GLints/dict_16_192_64_0p5_0p02_0023_0002.uasset" 5621
"/Engine/EngineMaterials/Substrate/GLints/dict_16_192_64_0p5_0p02_0024_0003" 5622
"/Engine/EngineMaterials/Substrate/GLints/dict_16_192_64_0p5_0p02_0024_0004" 5623
"/Engine/EngineMaterials/Substrate/GLints/dict_16_192_64_0p5_0p02_0024_0005" 5624
"/Engine/EngineMaterials/Substrate/GLints/dict_16_192_64_0p5_0p02_0024_0006" 5625
"/Engine/EngineMaterials/Substrate/GLints/dict_16_192_64_0p5_0p02_0024_0007" 5626
"/Engine/EngineMaterials/Substrate/GLints/dict_16_192_64_0p5_0p02_0024_0008" 5627
"/Engine/EngineMaterials/Substrate/GLints/dict_16_192_64_0p5_0p02_0024_0009" 5628
"/Engine/EngineMaterials/Substrate/GLints/dict_16_192_64_0p5_0p02_0024_0010" 5629
"/Engine/EngineMaterials/Substrate/GLints/dict_16_192_64_0p5_0p02_0024_0011" 5630
"/Engine/EngineMaterials/Substrate/GLints/dict_16_192_64_0p5_0p02_0024_0012" 5631
"/Engine/EngineMaterials/Substrate/GLints/dict_16_192_64_0p5_0p02_0024_0013" 5632
"/Engine/EngineMaterials/Substrate/GLints/dict_16_192_64_0p5_0p02_0024_0014" 5633
"/Engine/EngineMaterials/Substrate/GLints/dict_16_192_64_0p5_0p02_0022_0015" 5634
"../../../Engine/Content/EngineMaterials/Substrate/GLints/dict_16_192_64_0p5_0p02_0022_0013.uasset" 5635
"../../../Engine/Content/EngineMaterials/Substrate/GLints/dict_16_192_64_0p5_0p02_0022_0014.uasset" 5636
"/Engine/EngineMaterials/Substrate/GLints/dict_16_192_64_0p5_0p02_0023_0000" 5637
"/Engine/EngineMaterials/Substrate/GLints/dict_16_192_64_0p5_0p02_0023_0001" 5638
"../../../Engine/Content/EngineMaterials/Substrate/GLints/dict_16_192_64_0p5_0p02_0022_0010.uasset" 5639
"../../../Engine/Content/EngineMaterials/Substrate/GLints/dict_16_192_64_0p5_0p02_0022_0008.uasset" 5640
"../../../Engine/Content/EngineMaterials/Substrate/GLints/dict_16_192_64_0p5_0p02_0022_0011.uasset" 5641
"../../../Engine/Content/EngineMaterials/Substrate/GLints/dict_16_192_64_0p5_0p02_0022_0012.uasset" 5642
"../../../Engine/Content/EngineMaterials/Substrate/GLints/dict_16_192_64_0p5_0p02_0022_0009.uasset" 5643
"../../../Engine/Content/EngineMaterials/Substrate/GLints/dict_16_192_64_0p5_0p02_0022_0007.uasset" 5644
"/Engine/EngineMaterials/Substrate/GLints/dict_16_192_64_0p5_0p02_0023_0002" 5645
"../../../Engine/Content/EngineMaterials/Substrate/GLints/dict_16_192_64_0p5_0p02_0022_0006.uasset" 5646
"../../../Engine/Content/EngineMaterials/Substrate/GLints/dict_16_192_64_0p5_0p02_0022_0004.uasset" 5647
"../../../Engine/Content/EngineMaterials/Substrate/GLints/dict_16_192_64_0p5_0p02_0022_0005.uasset" 5648
"../../../Engine/Content/EngineMaterials/Substrate/GLints/dict_16_192_64_0p5_0p02_0022_0002.uasset" 5649
"../../../Engine/Content/EngineMaterials/Substrate/GLints/dict_16_192_64_0p5_0p02_0022_0001.uasset" 5650
"../../../Engine/Content/EngineMaterials/Substrate/GLints/dict_16_192_64_0p5_0p02_0022_0003.uasset" 5651
"/Engine/EngineMaterials/Substrate/GLints/dict_16_192_64_0p5_0p02_0023_0003" 5652
"/Engine/EngineMaterials/Substrate/GLints/dict_16_192_64_0p5_0p02_0023_0004" 5653
"/Engine/EngineMaterials/Substrate/GLints/dict_16_192_64_0p5_0p02_0023_0005" 5654
"/Engine/EngineMaterials/Substrate/GLints/dict_16_192_64_0p5_0p02_0023_0006" 5655
"/Engine/EngineMaterials/Substrate/GLints/dict_16_192_64_0p5_0p02_0023_0007" 5656
"/Engine/EngineMaterials/Substrate/GLints/dict_16_192_64_0p5_0p02_0023_0008" 5657
"/Engine/EngineMaterials/Substrate/GLints/dict_16_192_64_0p5_0p02_0023_0009" 5658
"/Engine/EngineMaterials/Substrate/GLints/dict_16_192_64_0p5_0p02_0023_0010" 5659
"/Engine/EngineMaterials/Substrate/GLints/dict_16_192_64_0p5_0p02_0023_0011" 5660
"/Engine/EngineMaterials/Substrate/GLints/dict_16_192_64_0p5_0p02_0023_0012" 5661
"/Engine/EngineMaterials/Substrate/GLints/dict_16_192_64_0p5_0p02_0023_0013" 5662
"/Engine/EngineMaterials/Substrate/GLints/dict_16_192_64_0p5_0p02_0023_0014" 5663
"/Engine/EngineMaterials/Substrate/GLints/dict_16_192_64_0p5_0p02_0023_0015" 5664
"/Engine/EngineMaterials/Substrate/GLints/dict_16_192_64_0p5_0p02_0024_0000" 5665
"/Engine/EngineMaterials/Substrate/GLints/dict_16_192_64_0p5_0p02_0022_0001" 5666
"../../../Engine/Content/EngineMaterials/Substrate/GLints/dict_16_192_64_0p5_0p02_0021_0014.uasset" 5667
"../../../Engine/Content/EngineMaterials/Substrate/GLints/dict_16_192_64_0p5_0p02_0021_0009.uasset" 5668
"/Engine/EngineMaterials/Substrate/GLints/dict_16_192_64_0p5_0p02_0022_0002" 5669
"../../../Engine/Content/EngineMaterials/Substrate/GLints/dict_16_192_64_0p5_0p02_0021_0006.uasset" 5670
"../../../Engine/Content/EngineMaterials/Substrate/GLints/dict_16_192_64_0p5_0p02_0021_0008.uasset" 5671
"../../../Engine/Content/EngineMaterials/Substrate/GLints/dict_16_192_64_0p5_0p02_0021_0010.uasset" 5672
"../../../Engine/Content/EngineMaterials/Substrate/GLints/dict_16_192_64_0p5_0p02_0021_0011.uasset" 5673
"../../../Engine/Content/EngineMaterials/Substrate/GLints/dict_16_192_64_0p5_0p02_0021_0015.uasset" 5674
"../../../Engine/Content/EngineMaterials/Substrate/GLints/dict_16_192_64_0p5_0p02_0021_0004.uasset" 5675
"../../../Engine/Content/EngineMaterials/Substrate/GLints/dict_16_192_64_0p5_0p02_0021_0005.uasset" 5676
"../../../Engine/Content/EngineMaterials/Substrate/GLints/dict_16_192_64_0p5_0p02_0021_0007.uasset" 5677
"../../../Engine/Content/EngineMaterials/Substrate/GLints/dict_16_192_64_0p5_0p02_0021_0012.uasset" 5678
"../../../Engine/Content/EngineMaterials/Substrate/GLints/dict_16_192_64_0p5_0p02_0021_0013.uasset" 5679
"../../../Engine/Content/EngineMaterials/Substrate/GLints/dict_16_192_64_0p5_0p02_0022_0000.uasset" 5680
"/Engine/EngineMaterials/Substrate/GLints/dict_16_192_64_0p5_0p02_0022_0003" 5681
"../../../Engine/Content/EngineMaterials/Substrate/GLints/dict_16_192_64_0p5_0p02_0021_0001.uasset" 5682
"../../../Engine/Content/EngineMaterials/Substrate/GLints/dict_16_192_64_0p5_0p02_0021_0002.uasset" 5683
"../../../Engine/Content/EngineMaterials/Substrate/GLints/dict_16_192_64_0p5_0p02_0021_0003.uasset" 5684
"/Engine/EngineMaterials/Substrate/GLints/dict_16_192_64_0p5_0p02_0022_0004" 5685
"../../../Engine/Content/EngineMaterials/Substrate/GLints/dict_16_192_64_0p5_0p02_0020_0015.uasset" 5686
"../../../Engine/Content/EngineMaterials/Substrate/GLints/dict_16_192_64_0p5_0p02_0021_0000.uasset" 5687
"/Engine/EngineMaterials/Substrate/GLints/dict_16_192_64_0p5_0p02_0022_0005" 5688
"/Engine/EngineMaterials/Substrate/GLints/dict_16_192_64_0p5_0p02_0022_0006" 5689
"/Engine/EngineMaterials/Substrate/GLints/dict_16_192_64_0p5_0p02_0022_0007" 5690
"/Engine/EngineMaterials/Substrate/GLints/dict_16_192_64_0p5_0p02_0022_0008" 5691
"/Engine/EngineMaterials/Substrate/GLints/dict_16_192_64_0p5_0p02_0022_0009" 5692
"/Engine/EngineMaterials/Substrate/GLints/dict_16_192_64_0p5_0p02_0022_0010" 5693
"/Engine/EngineMaterials/Substrate/GLints/dict_16_192_64_0p5_0p02_0022_0011" 5694
"/Engine/EngineMaterials/Substrate/GLints/dict_16_192_64_0p5_0p02_0022_0012" 5695
"/Engine/EngineMaterials/Substrate/GLints/dict_16_192_64_0p5_0p02_0022_0013" 5696
"/Engine/EngineMaterials/Substrate/GLints/dict_16_192_64_0p5_0p02_0022_0014" 5697
"/Engine/EngineMaterials/Substrate/GLints/dict_16_192_64_0p5_0p02_0020_0015" 5698
"../../../Engine/Content/EngineMaterials/Substrate/GLints/dict_16_192_64_0p5_0p02_0020_0014.uasset" 5699
"../../../Engine/Content/EngineMaterials/Substrate/GLints/dict_16_192_64_0p5_0p02_0020_0013.uasset" 5700
"../../../Engine/Content/EngineMaterials/Substrate/GLints/dict_16_192_64_0p5_0p02_0020_0010.uasset" 5701
"../../../Engine/Content/EngineMaterials/Substrate/GLints/dict_16_192_64_0p5_0p02_0020_0012.uasset" 5702
"../../../Engine/Content/EngineMaterials/Substrate/GLints/dict_16_192_64_0p5_0p02_0020_0008.uasset" 5703
"../../../Engine/Content/EngineMaterials/Substrate/GLints/dict_16_192_64_0p5_0p02_0020_0011.uasset" 5704
"../../../Engine/Content/EngineMaterials/Substrate/GLints/dict_16_192_64_0p5_0p02_0020_0009.uasset" 5705
"../../../Engine/Content/EngineMaterials/Substrate/GLints/dict_16_192_64_0p5_0p02_0020_0006.uasset" 5706
"../../../Engine/Content/EngineMaterials/Substrate/GLints/dict_16_192_64_0p5_0p02_0020_0007.uasset" 5707
"../../../Engine/Content/EngineMaterials/Substrate/GLints/dict_16_192_64_0p5_0p02_0020_0004.uasset" 5708
"../../../Engine/Content/EngineMaterials/Substrate/GLints/dict_16_192_64_0p5_0p02_0020_0002.uasset" 5709
"../../../Engine/Content/EngineMaterials/Substrate/GLints/dict_16_192_64_0p5_0p02_0020_0003.uasset" 5710
"../../../Engine/Content/EngineMaterials/Substrate/GLints/dict_16_192_64_0p5_0p02_0020_0001.uasset" 5711
"../../../Engine/Content/EngineMaterials/Substrate/GLints/dict_16_192_64_0p5_0p02_0020_0005.uasset" 5712
"/Engine/EngineMaterials/Substrate/GLints/dict_16_192_64_0p5_0p02_0021_0000" 5713
"/Engine/EngineMaterials/Substrate/GLints/dict_16_192_64_0p5_0p02_0021_0001" 5714
"/Engine/EngineMaterials/Substrate/GLints/dict_16_192_64_0p5_0p02_0021_0002" 5715
"/Engine/EngineMaterials/Substrate/GLints/dict_16_192_64_0p5_0p02_0021_0003" 5716
"/Engine/EngineMaterials/Substrate/GLints/dict_16_192_64_0p5_0p02_0021_0004" 5717
"/Engine/EngineMaterials/Substrate/GLints/dict_16_192_64_0p5_0p02_0021_0005" 5718
"/Engine/EngineMaterials/Substrate/GLints/dict_16_192_64_0p5_0p02_0021_0006" 5719
"/Engine/EngineMaterials/Substrate/GLints/dict_16_192_64_0p5_0p02_0021_0007" 5720
"/Engine/EngineMaterials/Substrate/GLints/dict_16_192_64_0p5_0p02_0021_0008" 5721
"/Engine/EngineMaterials/Substrate/GLints/dict_16_192_64_0p5_0p02_0021_0009" 5722
"/Engine/EngineMaterials/Substrate/GLints/dict_16_192_64_0p5_0p02_0021_0010" 5723
"/Engine/EngineMaterials/Substrate/GLints/dict_16_192_64_0p5_0p02_0021_0011" 5724
"/Engine/EngineMaterials/Substrate/GLints/dict_16_192_64_0p5_0p02_0021_0012" 5725
"/Engine/EngineMaterials/Substrate/GLints/dict_16_192_64_0p5_0p02_0021_0013" 5726
"/Engine/EngineMaterials/Substrate/GLints/dict_16_192_64_0p5_0p02_0021_0014" 5727
"/Engine/EngineMaterials/Substrate/GLints/dict_16_192_64_0p5_0p02_0021_0015" 5728
"/Engine/EngineMaterials/Substrate/GLints/dict_16_192_64_0p5_0p02_0022_0000" 5729
"/Engine/EngineMaterials/Substrate/GLints/dict_16_192_64_0p5_0p02_0020_0001" 5730
"../../../Engine/Content/EngineMaterials/Substrate/GLints/dict_16_192_64_0p5_0p02_0020_0000.uasset" 5731
"../../../Engine/Content/EngineMaterials/Substrate/GLints/dict_16_192_64_0p5_0p02_0019_0014.uasset" 5732
"../../../Engine/Content/EngineMaterials/Substrate/GLints/dict_16_192_64_0p5_0p02_0019_0013.uasset" 5733
"../../../Engine/Content/EngineMaterials/Substrate/GLints/dict_16_192_64_0p5_0p02_0019_0015.uasset" 5734
"../../../Engine/Content/EngineMaterials/Substrate/GLints/dict_16_192_64_0p5_0p02_0019_0010.uasset" 5735
"../../../Engine/Content/EngineMaterials/Substrate/GLints/dict_16_192_64_0p5_0p02_0019_0011.uasset" 5736
"../../../Engine/Content/EngineMaterials/Substrate/GLints/dict_16_192_64_0p5_0p02_0019_0009.uasset" 5737
"../../../Engine/Content/EngineMaterials/Substrate/GLints/dict_16_192_64_0p5_0p02_0019_0012.uasset" 5738
"../../../Engine/Content/EngineMaterials/Substrate/GLints/dict_16_192_64_0p5_0p02_0019_0007.uasset" 5739
"/Engine/EngineMaterials/Substrate/GLints/dict_16_192_64_0p5_0p02_0020_0002" 5740
"../../../Engine/Content/EngineMaterials/Substrate/GLints/dict_16_192_64_0p5_0p02_0019_0003.uasset" 5741
"../../../Engine/Content/EngineMaterials/Substrate/GLints/dict_16_192_64_0p5_0p02_0019_0004.uasset" 5742
"../../../Engine/Content/EngineMaterials/Substrate/GLints/dict_16_192_64_0p5_0p02_0019_0001.uasset" 5743
"../../../Engine/Content/EngineMaterials/Substrate/GLints/dict_16_192_64_0p5_0p02_0019_0000.uasset" 5744
"/Engine/EngineMaterials/Substrate/GLints/dict_16_192_64_0p5_0p02_0020_0003" 5745
"../../../Engine/Content/EngineMaterials/Substrate/GLints/dict_16_192_64_0p5_0p02_0019_0005.uasset" 5746
"../../../Engine/Content/EngineMaterials/Substrate/GLints/dict_16_192_64_0p5_0p02_0019_0006.uasset" 5747
"../../../Engine/Content/EngineMaterials/Substrate/GLints/dict_16_192_64_0p5_0p02_0019_0002.uasset" 5748
"../../../Engine/Content/EngineMaterials/Substrate/GLints/dict_16_192_64_0p5_0p02_0018_0015.uasset" 5749
"/Engine/EngineMaterials/Substrate/GLints/dict_16_192_64_0p5_0p02_0020_0004" 5750
"../../../Engine/Content/EngineMaterials/Substrate/GLints/dict_16_192_64_0p5_0p02_0019_0008.uasset" 5751
"/Engine/EngineMaterials/Substrate/GLints/dict_16_192_64_0p5_0p02_0020_0005" 5752
"/Engine/EngineMaterials/Substrate/GLints/dict_16_192_64_0p5_0p02_0020_0006" 5753
"/Engine/EngineMaterials/Substrate/GLints/dict_16_192_64_0p5_0p02_0020_0007" 5754
"/Engine/EngineMaterials/Substrate/GLints/dict_16_192_64_0p5_0p02_0020_0008" 5755
"/Engine/EngineMaterials/Substrate/GLints/dict_16_192_64_0p5_0p02_0020_0009" 5756
"/Engine/EngineMaterials/Substrate/GLints/dict_16_192_64_0p5_0p02_0020_0010" 5757
"/Engine/EngineMaterials/Substrate/GLints/dict_16_192_64_0p5_0p02_0020_0011" 5758
"/Engine/EngineMaterials/Substrate/GLints/dict_16_192_64_0p5_0p02_0020_0012" 5759
"/Engine/EngineMaterials/Substrate/GLints/dict_16_192_64_0p5_0p02_0020_0013" 5760
"/Engine/EngineMaterials/Substrate/GLints/dict_16_192_64_0p5_0p02_0020_0014" 5761
"/Engine/EngineMaterials/Substrate/GLints/dict_16_192_64_0p5_0p02_0018_0015" 5762
"../../../Engine/Content/EngineMaterials/Substrate/GLints/dict_16_192_64_0p5_0p02_0018_0005.uasset" 5763
"../../../Engine/Content/EngineMaterials/Substrate/GLints/dict_16_192_64_0p5_0p02_0018_0007.uasset" 5764
"../../../Engine/Content/EngineMaterials/Substrate/GLints/dict_16_192_64_0p5_0p02_0018_0012.uasset" 5765
"../../../Engine/Content/EngineMaterials/Substrate/GLints/dict_16_192_64_0p5_0p02_0018_0011.uasset" 5766
"../../../Engine/Content/EngineMaterials/Substrate/GLints/dict_16_192_64_0p5_0p02_0018_0006.uasset" 5767
"../../../Engine/Content/EngineMaterials/Substrate/GLints/dict_16_192_64_0p5_0p02_0018_0013.uasset" 5768
"../../../Engine/Content/EngineMaterials/Substrate/GLints/dict_16_192_64_0p5_0p02_0018_0008.uasset" 5769
"../../../Engine/Content/EngineMaterials/Substrate/GLints/dict_16_192_64_0p5_0p02_0018_0004.uasset" 5770
"../../../Engine/Content/EngineMaterials/Substrate/GLints/dict_16_192_64_0p5_0p02_0018_0009.uasset" 5771
"../../../Engine/Content/EngineMaterials/Substrate/GLints/dict_16_192_64_0p5_0p02_0018_0002.uasset" 5772
"../../../Engine/Content/EngineMaterials/Substrate/GLints/dict_16_192_64_0p5_0p02_0018_0003.uasset" 5773
"../../../Engine/Content/EngineMaterials/Substrate/GLints/dict_16_192_64_0p5_0p02_0018_0010.uasset" 5774
"../../../Engine/Content/EngineMaterials/Substrate/GLints/dict_16_192_64_0p5_0p02_0018_0001.uasset" 5775
"../../../Engine/Content/EngineMaterials/Substrate/GLints/dict_16_192_64_0p5_0p02_0018_0014.uasset" 5776
"/Engine/EngineMaterials/Substrate/GLints/dict_16_192_64_0p5_0p02_0019_0000" 5777
"/Engine/EngineMaterials/Substrate/GLints/dict_16_192_64_0p5_0p02_0019_0001" 5778
"/Engine/EngineMaterials/Substrate/GLints/dict_16_192_64_0p5_0p02_0019_0002" 5779
"/Engine/EngineMaterials/Substrate/GLints/dict_16_192_64_0p5_0p02_0019_0003" 5780
"/Engine/EngineMaterials/Substrate/GLints/dict_16_192_64_0p5_0p02_0019_0004" 5781
"/Engine/EngineMaterials/Substrate/GLints/dict_16_192_64_0p5_0p02_0019_0005" 5782
"/Engine/EngineMaterials/Substrate/GLints/dict_16_192_64_0p5_0p02_0019_0006" 5783
"/Engine/EngineMaterials/Substrate/GLints/dict_16_192_64_0p5_0p02_0019_0007" 5784
"/Engine/EngineMaterials/Substrate/GLints/dict_16_192_64_0p5_0p02_0019_0008" 5785
"/Engine/EngineMaterials/Substrate/GLints/dict_16_192_64_0p5_0p02_0019_0009" 5786
"/Engine/EngineMaterials/Substrate/GLints/dict_16_192_64_0p5_0p02_0019_0010" 5787
"/Engine/EngineMaterials/Substrate/GLints/dict_16_192_64_0p5_0p02_0019_0011" 5788
"/Engine/EngineMaterials/Substrate/GLints/dict_16_192_64_0p5_0p02_0019_0012" 5789
"/Engine/EngineMaterials/Substrate/GLints/dict_16_192_64_0p5_0p02_0019_0013" 5790
"/Engine/EngineMaterials/Substrate/GLints/dict_16_192_64_0p5_0p02_0019_0014" 5791
"/Engine/EngineMaterials/Substrate/GLints/dict_16_192_64_0p5_0p02_0019_0015" 5792
"/Engine/EngineMaterials/Substrate/GLints/dict_16_192_64_0p5_0p02_0020_0000" 5793
"/Engine/EngineMaterials/Substrate/GLints/dict_16_192_64_0p5_0p02_0018_0001" 5794
"../../../Engine/Content/EngineMaterials/Substrate/GLints/dict_16_192_64_0p5_0p02_0017_0012.uasset" 5795
"../../../Engine/Content/EngineMaterials/Substrate/GLints/dict_16_192_64_0p5_0p02_0017_0010.uasset" 5796
"../../../Engine/Content/EngineMaterials/Substrate/GLints/dict_16_192_64_0p5_0p02_0017_0011.uasset" 5797
"../../../Engine/Content/EngineMaterials/Substrate/GLints/dict_16_192_64_0p5_0p02_0018_0000.uasset" 5798
"../../../Engine/Content/EngineMaterials/Substrate/GLints/dict_16_192_64_0p5_0p02_0017_0013.uasset" 5799
"../../../Engine/Content/EngineMaterials/Substrate/GLints/dict_16_192_64_0p5_0p02_0017_0009.uasset" 5800
"../../../Engine/Content/EngineMaterials/Substrate/GLints/dict_16_192_64_0p5_0p02_0017_0008.uasset" 5801
"../../../Engine/Content/EngineMaterials/Substrate/GLints/dict_16_192_64_0p5_0p02_0017_0006.uasset" 5802
"../../../Engine/Content/EngineMaterials/Substrate/GLints/dict_16_192_64_0p5_0p02_0017_0015.uasset" 5803
"../../../Engine/Content/EngineMaterials/Substrate/GLints/dict_16_192_64_0p5_0p02_0017_0005.uasset" 5804
"../../../Engine/Content/EngineMaterials/Substrate/GLints/dict_16_192_64_0p5_0p02_0017_0007.uasset" 5805
"../../../Engine/Content/EngineMaterials/Substrate/GLints/dict_16_192_64_0p5_0p02_0017_0014.uasset" 5806
"../../../Engine/Content/EngineMaterials/Substrate/GLints/dict_16_192_64_0p5_0p02_0017_0003.uasset" 5807
"../../../Engine/Content/EngineMaterials/Substrate/GLints/dict_16_192_64_0p5_0p02_0017_0004.uasset" 5808
"/Engine/EngineMaterials/Substrate/GLints/dict_16_192_64_0p5_0p02_0018_0002" 5809
"../../../Engine/Content/EngineMaterials/Substrate/GLints/dict_16_192_64_0p5_0p02_0017_0000.uasset" 5810
"../../../Engine/Content/EngineMaterials/Substrate/GLints/dict_16_192_64_0p5_0p02_0017_0002.uasset" 5811
"../../../Engine/Content/EngineMaterials/Substrate/GLints/dict_16_192_64_0p5_0p02_0017_0001.uasset" 5812
"../../../Engine/Content/EngineMaterials/Substrate/GLints/dict_16_192_64_0p5_0p02_0016_0015.uasset" 5813
"/Engine/EngineMaterials/Substrate/GLints/dict_16_192_64_0p5_0p02_0018_0003" 5814
"/Engine/EngineMaterials/Substrate/GLints/dict_16_192_64_0p5_0p02_0018_0004" 5815
"/Engine/EngineMaterials/Substrate/GLints/dict_16_192_64_0p5_0p02_0018_0005" 5816
"/Engine/EngineMaterials/Substrate/GLints/dict_16_192_64_0p5_0p02_0018_0006" 5817
"/Engine/EngineMaterials/Substrate/GLints/dict_16_192_64_0p5_0p02_0018_0007" 5818
"/Engine/EngineMaterials/Substrate/GLints/dict_16_192_64_0p5_0p02_0018_0008" 5819
"/Engine/EngineMaterials/Substrate/GLints/dict_16_192_64_0p5_0p02_0018_0009" 5820
"/Engine/EngineMaterials/Substrate/GLints/dict_16_192_64_0p5_0p02_0018_0010" 5821
"/Engine/EngineMaterials/Substrate/GLints/dict_16_192_64_0p5_0p02_0018_0011" 5822
"/Engine/EngineMaterials/Substrate/GLints/dict_16_192_64_0p5_0p02_0018_0012" 5823
"/Engine/EngineMaterials/Substrate/GLints/dict_16_192_64_0p5_0p02_0018_0013" 5824
"/Engine/EngineMaterials/Substrate/GLints/dict_16_192_64_0p5_0p02_0018_0014" 5825
"/Engine/EngineMaterials/Substrate/GLints/dict_16_192_64_0p5_0p02_0016_0015" 5826
"../../../Engine/Content/EngineMaterials/Substrate/GLints/dict_16_192_64_0p5_0p02_0016_0010.uasset" 5827
"../../../Engine/Content/EngineMaterials/Substrate/GLints/dict_16_192_64_0p5_0p02_0016_0013.uasset" 5828
"../../../Engine/Content/EngineMaterials/Substrate/GLints/dict_16_192_64_0p5_0p02_0016_0014.uasset" 5829
"../../../Engine/Content/EngineMaterials/Substrate/GLints/dict_16_192_64_0p5_0p02_0016_0009.uasset" 5830
"../../../Engine/Content/EngineMaterials/Substrate/GLints/dict_16_192_64_0p5_0p02_0016_0008.uasset" 5831
"../../../Engine/Content/EngineMaterials/Substrate/GLints/dict_16_192_64_0p5_0p02_0016_0006.uasset" 5832
"../../../Engine/Content/EngineMaterials/Substrate/GLints/dict_16_192_64_0p5_0p02_0016_0011.uasset" 5833
"../../../Engine/Content/EngineMaterials/Substrate/GLints/dict_16_192_64_0p5_0p02_0016_0002.uasset" 5834
"/Engine/EngineMaterials/Substrate/GLints/dict_16_192_64_0p5_0p02_0017_0000" 5835
"../../../Engine/Content/EngineMaterials/Substrate/GLints/dict_16_192_64_0p5_0p02_0016_0005.uasset" 5836
"../../../Engine/Content/EngineMaterials/Substrate/GLints/dict_16_192_64_0p5_0p02_0016_0012.uasset" 5837
"../../../Engine/Content/EngineMaterials/Substrate/GLints/dict_16_192_64_0p5_0p02_0016_0003.uasset" 5838
"../../../Engine/Content/EngineMaterials/Substrate/GLints/dict_16_192_64_0p5_0p02_0016_0007.uasset" 5839
"../../../Engine/Content/EngineMaterials/Substrate/GLints/dict_16_192_64_0p5_0p02_0016_0004.uasset" 5840
"../../../Engine/Content/EngineMaterials/Substrate/GLints/dict_16_192_64_0p5_0p02_0016_0001.uasset" 5841
"/Engine/EngineMaterials/Substrate/GLints/dict_16_192_64_0p5_0p02_0017_0001" 5842
"/Engine/EngineMaterials/Substrate/GLints/dict_16_192_64_0p5_0p02_0017_0002" 5843
"/Engine/EngineMaterials/Substrate/GLints/dict_16_192_64_0p5_0p02_0017_0003" 5844
"/Engine/EngineMaterials/Substrate/GLints/dict_16_192_64_0p5_0p02_0017_0004" 5845
"/Engine/EngineMaterials/Substrate/GLints/dict_16_192_64_0p5_0p02_0017_0005" 5846
"/Engine/EngineMaterials/Substrate/GLints/dict_16_192_64_0p5_0p02_0017_0006" 5847
"/Engine/EngineMaterials/Substrate/GLints/dict_16_192_64_0p5_0p02_0017_0007" 5848
"/Engine/EngineMaterials/Substrate/GLints/dict_16_192_64_0p5_0p02_0017_0008" 5849
"/Engine/EngineMaterials/Substrate/GLints/dict_16_192_64_0p5_0p02_0017_0009" 5850
"/Engine/EngineMaterials/Substrate/GLints/dict_16_192_64_0p5_0p02_0017_0010" 5851
"/Engine/EngineMaterials/Substrate/GLints/dict_16_192_64_0p5_0p02_0017_0011" 5852
"/Engine/EngineMaterials/Substrate/GLints/dict_16_192_64_0p5_0p02_0017_0012" 5853
"/Engine/EngineMaterials/Substrate/GLints/dict_16_192_64_0p5_0p02_0017_0013" 5854
"/Engine/EngineMaterials/Substrate/GLints/dict_16_192_64_0p5_0p02_0017_0014" 5855
"/Engine/EngineMaterials/Substrate/GLints/dict_16_192_64_0p5_0p02_0017_0015" 5856
"/Engine/EngineMaterials/Substrate/GLints/dict_16_192_64_0p5_0p02_0018_0000" 5857
"/Engine/EngineMaterials/Substrate/GLints/dict_16_192_64_0p5_0p02_0016_0001" 5858
"../../../Engine/Content/EngineMaterials/Substrate/GLints/dict_16_192_64_0p5_0p02_0015_0012.uasset" 5859
"/Engine/EngineMaterials/Substrate/GLints/dict_16_192_64_0p5_0p02_0016_0002" 5860
"../../../Engine/Content/EngineMaterials/Substrate/GLints/dict_16_192_64_0p5_0p02_0015_0014.uasset" 5861
"../../../Engine/Content/EngineMaterials/Substrate/GLints/dict_16_192_64_0p5_0p02_0015_0004.uasset" 5862
"../../../Engine/Content/EngineMaterials/Substrate/GLints/dict_16_192_64_0p5_0p02_0015_0005.uasset" 5863
"../../../Engine/Content/EngineMaterials/Substrate/GLints/dict_16_192_64_0p5_0p02_0015_0003.uasset" 5864
"../../../Engine/Content/EngineMaterials/Substrate/GLints/dict_16_192_64_0p5_0p02_0015_0013.uasset" 5865
"../../../Engine/Content/EngineMaterials/Substrate/GLints/dict_16_192_64_0p5_0p02_0015_0011.uasset" 5866
"../../../Engine/Content/EngineMaterials/Substrate/GLints/dict_16_192_64_0p5_0p02_0015_0007.uasset" 5867
"../../../Engine/Content/EngineMaterials/Substrate/GLints/dict_16_192_64_0p5_0p02_0015_0006.uasset" 5868
"../../../Engine/Content/EngineMaterials/Substrate/GLints/dict_16_192_64_0p5_0p02_0015_0010.uasset" 5869
"../../../Engine/Content/EngineMaterials/Substrate/GLints/dict_16_192_64_0p5_0p02_0015_0008.uasset" 5870
"../../../Engine/Content/EngineMaterials/Substrate/GLints/dict_16_192_64_0p5_0p02_0015_0009.uasset" 5871
"/Engine/EngineMaterials/Substrate/GLints/dict_16_192_64_0p5_0p02_0016_0003" 5872
"../../../Engine/Content/EngineMaterials/Substrate/GLints/dict_16_192_64_0p5_0p02_0015_0015.uasset" 5873
"../../../Engine/Content/EngineMaterials/Substrate/GLints/dict_16_192_64_0p5_0p02_0015_0001.uasset" 5874
"../../../Engine/Content/EngineMaterials/Substrate/GLints/dict_16_192_64_0p5_0p02_0016_0000.uasset" 5875
"../../../Engine/Content/EngineMaterials/Substrate/GLints/dict_16_192_64_0p5_0p02_0015_0000.uasset" 5876
"../../../Engine/Content/EngineMaterials/Substrate/GLints/dict_16_192_64_0p5_0p02_0014_0015.uasset" 5877
"../../../Engine/Content/EngineMaterials/Substrate/GLints/dict_16_192_64_0p5_0p02_0015_0002.uasset" 5878
"/Engine/EngineMaterials/Substrate/GLints/dict_16_192_64_0p5_0p02_0016_0004" 5879
"/Engine/EngineMaterials/Substrate/GLints/dict_16_192_64_0p5_0p02_0016_0005" 5880
"/Engine/EngineMaterials/Substrate/GLints/dict_16_192_64_0p5_0p02_0016_0006" 5881
"/Engine/EngineMaterials/Substrate/GLints/dict_16_192_64_0p5_0p02_0016_0007" 5882
"/Engine/EngineMaterials/Substrate/GLints/dict_16_192_64_0p5_0p02_0016_0008" 5883
"/Engine/EngineMaterials/Substrate/GLints/dict_16_192_64_0p5_0p02_0016_0009" 5884
"/Engine/EngineMaterials/Substrate/GLints/dict_16_192_64_0p5_0p02_0016_0010" 5885
"/Engine/EngineMaterials/Substrate/GLints/dict_16_192_64_0p5_0p02_0016_0011" 5886
"/Engine/EngineMaterials/Substrate/GLints/dict_16_192_64_0p5_0p02_0016_0012" 5887
"/Engine/EngineMaterials/Substrate/GLints/dict_16_192_64_0p5_0p02_0016_0013" 5888
"/Engine/EngineMaterials/Substrate/GLints/dict_16_192_64_0p5_0p02_0016_0014" 5889
"/Engine/EngineMaterials/Substrate/GLints/dict_16_192_64_0p5_0p02_0014_0015" 5890
"../../../Engine/Content/EngineMaterials/Substrate/GLints/dict_16_192_64_0p5_0p02_0014_0013.uasset" 5891
"../../../Engine/Content/EngineMaterials/Substrate/GLints/dict_16_192_64_0p5_0p02_0014_0009.uasset" 5892
"../../../Engine/Content/EngineMaterials/Substrate/GLints/dict_16_192_64_0p5_0p02_0014_0014.uasset" 5893
"../../../Engine/Content/EngineMaterials/Substrate/GLints/dict_16_192_64_0p5_0p02_0014_0010.uasset" 5894
"../../../Engine/Content/EngineMaterials/Substrate/GLints/dict_16_192_64_0p5_0p02_0014_0011.uasset" 5895
"../../../Engine/Content/EngineMaterials/Substrate/GLints/dict_16_192_64_0p5_0p02_0014_0012.uasset" 5896
"../../../Engine/Content/EngineMaterials/Substrate/GLints/dict_16_192_64_0p5_0p02_0014_0006.uasset" 5897
"../../../Engine/Content/EngineMaterials/Substrate/GLints/dict_16_192_64_0p5_0p02_0014_0005.uasset" 5898
"/Engine/EngineMaterials/Substrate/GLints/dict_16_192_64_0p5_0p02_0015_0000" 5899
"../../../Engine/Content/EngineMaterials/Substrate/GLints/dict_16_192_64_0p5_0p02_0014_0007.uasset" 5900
"../../../Engine/Content/EngineMaterials/Substrate/GLints/dict_16_192_64_0p5_0p02_0014_0004.uasset" 5901
"../../../Engine/Content/EngineMaterials/Substrate/GLints/dict_16_192_64_0p5_0p02_0014_0002.uasset" 5902
"../../../Engine/Content/EngineMaterials/Substrate/GLints/dict_16_192_64_0p5_0p02_0014_0003.uasset" 5903
"../../../Engine/Content/EngineMaterials/Substrate/GLints/dict_16_192_64_0p5_0p02_0014_0008.uasset" 5904
"../../../Engine/Content/EngineMaterials/Substrate/GLints/dict_16_192_64_0p5_0p02_0014_0001.uasset" 5905
"/Engine/EngineMaterials/Substrate/GLints/dict_16_192_64_0p5_0p02_0015_0001" 5906
"/Engine/EngineMaterials/Substrate/GLints/dict_16_192_64_0p5_0p02_0015_0002" 5907
"/Engine/EngineMaterials/Substrate/GLints/dict_16_192_64_0p5_0p02_0015_0003" 5908
"/Engine/EngineMaterials/Substrate/GLints/dict_16_192_64_0p5_0p02_0015_0004" 5909
"/Engine/EngineMaterials/Substrate/GLints/dict_16_192_64_0p5_0p02_0015_0005" 5910
"/Engine/EngineMaterials/Substrate/GLints/dict_16_192_64_0p5_0p02_0015_0006" 5911
"/Engine/EngineMaterials/Substrate/GLints/dict_16_192_64_0p5_0p02_0015_0007" 5912
"/Engine/EngineMaterials/Substrate/GLints/dict_16_192_64_0p5_0p02_0015_0008" 5913
"/Engine/EngineMaterials/Substrate/GLints/dict_16_192_64_0p5_0p02_0015_0009" 5914
"/Engine/EngineMaterials/Substrate/GLints/dict_16_192_64_0p5_0p02_0015_0010" 5915
"/Engine/EngineMaterials/Substrate/GLints/dict_16_192_64_0p5_0p02_0015_0011" 5916
"/Engine/EngineMaterials/Substrate/GLints/dict_16_192_64_0p5_0p02_0015_0012" 5917
"/Engine/EngineMaterials/Substrate/GLints/dict_16_192_64_0p5_0p02_0015_0013" 5918
"/Engine/EngineMaterials/Substrate/GLints/dict_16_192_64_0p5_0p02_0015_0014" 5919
"/Engine/EngineMaterials/Substrate/GLints/dict_16_192_64_0p5_0p02_0015_0015" 5920
"/Engine/EngineMaterials/Substrate/GLints/dict_16_192_64_0p5_0p02_0016_0000" 5921
"/Engine/EngineMaterials/Substrate/GLints/dict_16_192_64_0p5_0p02_0014_0001" 5922
"../../../Engine/Content/EngineMaterials/Substrate/GLints/dict_16_192_64_0p5_0p02_0013_0014.uasset" 5923
"../../../Engine/Content/EngineMaterials/Substrate/GLints/dict_16_192_64_0p5_0p02_0013_0013.uasset" 5924
"../../../Engine/Content/EngineMaterials/Substrate/GLints/dict_16_192_64_0p5_0p02_0014_0000.uasset" 5925
"../../../Engine/Content/EngineMaterials/Substrate/GLints/dict_16_192_64_0p5_0p02_0013_0015.uasset" 5926
"/Engine/EngineMaterials/Substrate/GLints/dict_16_192_64_0p5_0p02_0014_0002" 5927
"../../../Engine/Content/EngineMaterials/Substrate/GLints/dict_16_192_64_0p5_0p02_0013_0007.uasset" 5928
"../../../Engine/Content/EngineMaterials/Substrate/GLints/dict_16_192_64_0p5_0p02_0013_0006.uasset" 5929
"../../../Engine/Content/EngineMaterials/Substrate/GLints/dict_16_192_64_0p5_0p02_0013_0002.uasset" 5930
"../../../Engine/Content/EngineMaterials/Substrate/GLints/dict_16_192_64_0p5_0p02_0013_0008.uasset" 5931
"../../../Engine/Content/EngineMaterials/Substrate/GLints/dict_16_192_64_0p5_0p02_0013_0011.uasset" 5932
"../../../Engine/Content/EngineMaterials/Substrate/GLints/dict_16_192_64_0p5_0p02_0013_0001.uasset" 5933
"../../../Engine/Content/EngineMaterials/Substrate/GLints/dict_16_192_64_0p5_0p02_0013_0012.uasset" 5934
"../../../Engine/Content/EngineMaterials/Substrate/GLints/dict_16_192_64_0p5_0p02_0013_0010.uasset" 5935
"../../../Engine/Content/EngineMaterials/Substrate/GLints/dict_16_192_64_0p5_0p02_0013_0005.uasset" 5936
"../../../Engine/Content/EngineMaterials/Substrate/GLints/dict_16_192_64_0p5_0p02_0013_0009.uasset" 5937
"../../../Engine/Content/EngineMaterials/Substrate/GLints/dict_16_192_64_0p5_0p02_0012_0015.uasset" 5938
"../../../Engine/Content/EngineMaterials/Substrate/GLints/dict_16_192_64_0p5_0p02_0013_0000.uasset" 5939
"../../../Engine/Content/EngineMaterials/Substrate/GLints/dict_16_192_64_0p5_0p02_0013_0004.uasset" 5940
"../../../Engine/Content/EngineMaterials/Substrate/GLints/dict_16_192_64_0p5_0p02_0013_0003.uasset" 5941
"/Engine/EngineMaterials/Substrate/GLints/dict_16_192_64_0p5_0p02_0014_0003" 5942
"/Engine/EngineMaterials/Substrate/GLints/dict_16_192_64_0p5_0p02_0014_0004" 5943
"/Engine/EngineMaterials/Substrate/GLints/dict_16_192_64_0p5_0p02_0014_0005" 5944
"/Engine/EngineMaterials/Substrate/GLints/dict_16_192_64_0p5_0p02_0014_0006" 5945
"/Engine/EngineMaterials/Substrate/GLints/dict_16_192_64_0p5_0p02_0014_0007" 5946
"/Engine/EngineMaterials/Substrate/GLints/dict_16_192_64_0p5_0p02_0014_0008" 5947
"/Engine/EngineMaterials/Substrate/GLints/dict_16_192_64_0p5_0p02_0014_0009" 5948
"/Engine/EngineMaterials/Substrate/GLints/dict_16_192_64_0p5_0p02_0014_0010" 5949
"/Engine/EngineMaterials/Substrate/GLints/dict_16_192_64_0p5_0p02_0014_0011" 5950
"/Engine/EngineMaterials/Substrate/GLints/dict_16_192_64_0p5_0p02_0014_0012" 5951
"/Engine/EngineMaterials/Substrate/GLints/dict_16_192_64_0p5_0p02_0014_0013" 5952
"/Engine/EngineMaterials/Substrate/GLints/dict_16_192_64_0p5_0p02_0014_0014" 5953
"/Engine/EngineMaterials/Substrate/GLints/dict_16_192_64_0p5_0p02_0012_0015" 5954
"../../../Engine/Content/EngineMaterials/Substrate/GLints/dict_16_192_64_0p5_0p02_0012_0007.uasset" 5955
"../../../Engine/Content/EngineMaterials/Substrate/GLints/dict_16_192_64_0p5_0p02_0012_0014.uasset" 5956
"../../../Engine/Content/EngineMaterials/Substrate/GLints/dict_16_192_64_0p5_0p02_0012_0008.uasset" 5957
"../../../Engine/Content/EngineMaterials/Substrate/GLints/dict_16_192_64_0p5_0p02_0012_0013.uasset" 5958
"../../../Engine/Content/EngineMaterials/Substrate/GLints/dict_16_192_64_0p5_0p02_0012_0006.uasset" 5959
"../../../Engine/Content/EngineMaterials/Substrate/GLints/dict_16_192_64_0p5_0p02_0012_0003.uasset" 5960
"../../../Engine/Content/EngineMaterials/Substrate/GLints/dict_16_192_64_0p5_0p02_0012_0012.uasset" 5961
"../../../Engine/Content/EngineMaterials/Substrate/GLints/dict_16_192_64_0p5_0p02_0012_0005.uasset" 5962
"../../../Engine/Content/EngineMaterials/Substrate/GLints/dict_16_192_64_0p5_0p02_0012_0001.uasset" 5963
"../../../Engine/Content/EngineMaterials/Substrate/GLints/dict_16_192_64_0p5_0p02_0012_0004.uasset" 5964
"../../../Engine/Content/EngineMaterials/Substrate/GLints/dict_16_192_64_0p5_0p02_0012_0010.uasset" 5965
"../../../Engine/Content/EngineMaterials/Substrate/GLints/dict_16_192_64_0p5_0p02_0012_0002.uasset" 5966
"../../../Engine/Content/EngineMaterials/Substrate/GLints/dict_16_192_64_0p5_0p02_0012_0009.uasset" 5967
"../../../Engine/Content/EngineMaterials/Substrate/GLints/dict_16_192_64_0p5_0p02_0012_0011.uasset" 5968
"/Engine/EngineMaterials/Substrate/GLints/dict_16_192_64_0p5_0p02_0013_0000" 5969
"/Engine/EngineMaterials/Substrate/GLints/dict_16_192_64_0p5_0p02_0013_0001" 5970
"/Engine/EngineMaterials/Substrate/GLints/dict_16_192_64_0p5_0p02_0013_0002" 5971
"/Engine/EngineMaterials/Substrate/GLints/dict_16_192_64_0p5_0p02_0013_0003" 5972
"/Engine/EngineMaterials/Substrate/GLints/dict_16_192_64_0p5_0p02_0013_0004" 5973
"/Engine/EngineMaterials/Substrate/GLints/dict_16_192_64_0p5_0p02_0013_0005" 5974
"/Engine/EngineMaterials/Substrate/GLints/dict_16_192_64_0p5_0p02_0013_0006" 5975
"/Engine/EngineMaterials/Substrate/GLints/dict_16_192_64_0p5_0p02_0013_0007" 5976
"/Engine/EngineMaterials/Substrate/GLints/dict_16_192_64_0p5_0p02_0013_0008" 5977
"/Engine/EngineMaterials/Substrate/GLints/dict_16_192_64_0p5_0p02_0013_0009" 5978
"/Engine/EngineMaterials/Substrate/GLints/dict_16_192_64_0p5_0p02_0013_0010" 5979
"/Engine/EngineMaterials/Substrate/GLints/dict_16_192_64_0p5_0p02_0013_0011" 5980
"/Engine/EngineMaterials/Substrate/GLints/dict_16_192_64_0p5_0p02_0013_0012" 5981
"/Engine/EngineMaterials/Substrate/GLints/dict_16_192_64_0p5_0p02_0013_0013" 5982
"/Engine/EngineMaterials/Substrate/GLints/dict_16_192_64_0p5_0p02_0013_0014" 5983
"/Engine/EngineMaterials/Substrate/GLints/dict_16_192_64_0p5_0p02_0013_0015" 5984
"/Engine/EngineMaterials/Substrate/GLints/dict_16_192_64_0p5_0p02_0014_0000" 5985
"/Engine/EngineMaterials/Substrate/GLints/dict_16_192_64_0p5_0p02_0012_0001" 5986
"../../../Engine/Content/EngineMaterials/Substrate/GLints/dict_16_192_64_0p5_0p02_0011_0009.uasset" 5987
"../../../Engine/Content/EngineMaterials/Substrate/GLints/dict_16_192_64_0p5_0p02_0011_0010.uasset" 5988
"../../../Engine/Content/EngineMaterials/Substrate/GLints/dict_16_192_64_0p5_0p02_0011_0007.uasset" 5989
"../../../Engine/Content/EngineMaterials/Substrate/GLints/dict_16_192_64_0p5_0p02_0011_0006.uasset" 5990
"../../../Engine/Content/EngineMaterials/Substrate/GLints/dict_16_192_64_0p5_0p02_0011_0014.uasset" 5991
"../../../Engine/Content/EngineMaterials/Substrate/GLints/dict_16_192_64_0p5_0p02_0011_0011.uasset" 5992
"../../../Engine/Content/EngineMaterials/Substrate/GLints/dict_16_192_64_0p5_0p02_0011_0012.uasset" 5993
"../../../Engine/Content/EngineMaterials/Substrate/GLints/dict_16_192_64_0p5_0p02_0012_0000.uasset" 5994
"../../../Engine/Content/EngineMaterials/Substrate/GLints/dict_16_192_64_0p5_0p02_0011_0003.uasset" 5995
"/Engine/EngineMaterials/Substrate/GLints/dict_16_192_64_0p5_0p02_0012_0002" 5996
"../../../Engine/Content/EngineMaterials/Substrate/GLints/dict_16_192_64_0p5_0p02_0011_0013.uasset" 5997
"../../../Engine/Content/EngineMaterials/Substrate/GLints/dict_16_192_64_0p5_0p02_0011_0015.uasset" 5998
"../../../Engine/Content/EngineMaterials/Substrate/GLints/dict_16_192_64_0p5_0p02_0011_0008.uasset" 5999
"../../../Engine/Content/EngineMaterials/Substrate/GLints/dict_16_192_64_0p5_0p02_0011_0005.uasset" 6000
"../../../Engine/Content/EngineMaterials/Substrate/GLints/dict_16_192_64_0p5_0p02_0011_0004.uasset" 6001
"../../../Engine/Content/EngineMaterials/Substrate/GLints/dict_16_192_64_0p5_0p02_0011_0000.uasset" 6002
"../../../Engine/Content/EngineMaterials/Substrate/GLints/dict_16_192_64_0p5_0p02_0011_0001.uasset" 6003
"../../../Engine/Content/EngineMaterials/Substrate/GLints/dict_16_192_64_0p5_0p02_0011_0002.uasset" 6004
"../../../Engine/Content/EngineMaterials/Substrate/GLints/dict_16_192_64_0p5_0p02_0010_0015.uasset" 6005
"/Engine/EngineMaterials/Substrate/GLints/dict_16_192_64_0p5_0p02_0012_0003" 6006
"/Engine/EngineMaterials/Substrate/GLints/dict_16_192_64_0p5_0p02_0012_0004" 6007
"/Engine/EngineMaterials/Substrate/GLints/dict_16_192_64_0p5_0p02_0012_0005" 6008
"/Engine/EngineMaterials/Substrate/GLints/dict_16_192_64_0p5_0p02_0012_0006" 6009
"/Engine/EngineMaterials/Substrate/GLints/dict_16_192_64_0p5_0p02_0012_0007" 6010
"/Engine/EngineMaterials/Substrate/GLints/dict_16_192_64_0p5_0p02_0012_0008" 6011
"/Engine/EngineMaterials/Substrate/GLints/dict_16_192_64_0p5_0p02_0012_0009" 6012
"/Engine/EngineMaterials/Substrate/GLints/dict_16_192_64_0p5_0p02_0012_0010" 6013
"/Engine/EngineMaterials/Substrate/GLints/dict_16_192_64_0p5_0p02_0012_0011" 6014
"/Engine/EngineMaterials/Substrate/GLints/dict_16_192_64_0p5_0p02_0012_0012" 6015
"/Engine/EngineMaterials/Substrate/GLints/dict_16_192_64_0p5_0p02_0012_0013" 6016
"/Engine/EngineMaterials/Substrate/GLints/dict_16_192_64_0p5_0p02_0012_0014" 6017
"/Engine/EngineMaterials/Substrate/GLints/dict_16_192_64_0p5_0p02_0010_0015" 6018
"../../../Engine/Content/EngineMaterials/Substrate/GLints/dict_16_192_64_0p5_0p02_0010_0013.uasset" 6019
"../../../Engine/Content/EngineMaterials/Substrate/GLints/dict_16_192_64_0p5_0p02_0010_0014.uasset" 6020
"../../../Engine/Content/EngineMaterials/Substrate/GLints/dict_16_192_64_0p5_0p02_0010_0007.uasset" 6021
"../../../Engine/Content/EngineMaterials/Substrate/GLints/dict_16_192_64_0p5_0p02_0010_0006.uasset" 6022
"../../../Engine/Content/EngineMaterials/Substrate/GLints/dict_16_192_64_0p5_0p02_0010_0010.uasset" 6023
"../../../Engine/Content/EngineMaterials/Substrate/GLints/dict_16_192_64_0p5_0p02_0010_0009.uasset" 6024
"../../../Engine/Content/EngineMaterials/Substrate/GLints/dict_16_192_64_0p5_0p02_0010_0011.uasset" 6025
"../../../Engine/Content/EngineMaterials/Substrate/GLints/dict_16_192_64_0p5_0p02_0010_0005.uasset" 6026
"../../../Engine/Content/EngineMaterials/Substrate/GLints/dict_16_192_64_0p5_0p02_0010_0008.uasset" 6027
"../../../Engine/Content/EngineMaterials/Substrate/GLints/dict_16_192_64_0p5_0p02_0010_0004.uasset" 6028
"/Engine/EngineMaterials/Substrate/GLints/dict_16_192_64_0p5_0p02_0011_0000" 6029
"../../../Engine/Content/EngineMaterials/Substrate/GLints/dict_16_192_64_0p5_0p02_0010_0012.uasset" 6030
"../../../Engine/Content/EngineMaterials/Substrate/GLints/dict_16_192_64_0p5_0p02_0010_0001.uasset" 6031
"../../../Engine/Content/EngineMaterials/Substrate/GLints/dict_16_192_64_0p5_0p02_0010_0002.uasset" 6032
"../../../Engine/Content/EngineMaterials/Substrate/GLints/dict_16_192_64_0p5_0p02_0010_0003.uasset" 6033
"/Engine/EngineMaterials/Substrate/GLints/dict_16_192_64_0p5_0p02_0011_0001" 6034
"/Engine/EngineMaterials/Substrate/GLints/dict_16_192_64_0p5_0p02_0011_0002" 6035
"/Engine/EngineMaterials/Substrate/GLints/dict_16_192_64_0p5_0p02_0011_0003" 6036
"/Engine/EngineMaterials/Substrate/GLints/dict_16_192_64_0p5_0p02_0011_0004" 6037
"/Engine/EngineMaterials/Substrate/GLints/dict_16_192_64_0p5_0p02_0011_0005" 6038
"/Engine/EngineMaterials/Substrate/GLints/dict_16_192_64_0p5_0p02_0011_0006" 6039
"/Engine/EngineMaterials/Substrate/GLints/dict_16_192_64_0p5_0p02_0011_0007" 6040
"/Engine/EngineMaterials/Substrate/GLints/dict_16_192_64_0p5_0p02_0011_0008" 6041
"/Engine/EngineMaterials/Substrate/GLints/dict_16_192_64_0p5_0p02_0011_0009" 6042
"/Engine/EngineMaterials/Substrate/GLints/dict_16_192_64_0p5_0p02_0011_0010" 6043
"/Engine/EngineMaterials/Substrate/GLints/dict_16_192_64_0p5_0p02_0011_0011" 6044
"/Engine/EngineMaterials/Substrate/GLints/dict_16_192_64_0p5_0p02_0011_0012" 6045
"/Engine/EngineMaterials/Substrate/GLints/dict_16_192_64_0p5_0p02_0011_0013" 6046
"/Engine/EngineMaterials/Substrate/GLints/dict_16_192_64_0p5_0p02_0011_0014" 6047
"/Engine/EngineMaterials/Substrate/GLints/dict_16_192_64_0p5_0p02_0011_0015" 6048
"/Engine/EngineMaterials/Substrate/GLints/dict_16_192_64_0p5_0p02_0012_0000" 6049
"/Engine/EngineMaterials/Substrate/GLints/dict_16_192_64_0p5_0p02_0010_0001" 6050
"../../../Engine/Content/EngineMaterials/Substrate/GLints/dict_16_192_64_0p5_0p02_0010_0000.uasset" 6051
"/Engine/EngineMaterials/Substrate/GLints/dict_16_192_64_0p5_0p02_0010_0002" 6052
"../../../Engine/Content/EngineMaterials/Substrate/GLints/dict_16_192_64_0p5_0p02_0009_0015.uasset" 6053
"../../../Engine/Content/EngineMaterials/Substrate/GLints/dict_16_192_64_0p5_0p02_0009_0010.uasset" 6054
"../../../Engine/Content/EngineMaterials/Substrate/GLints/dict_16_192_64_0p5_0p02_0009_0013.uasset" 6055
"../../../Engine/Content/EngineMaterials/Substrate/GLints/dict_16_192_64_0p5_0p02_0009_0014.uasset" 6056
"../../../Engine/Content/EngineMaterials/Substrate/GLints/dict_16_192_64_0p5_0p02_0009_0009.uasset" 6057
"../../../Engine/Content/EngineMaterials/Substrate/GLints/dict_16_192_64_0p5_0p02_0009_0008.uasset" 6058
"/Engine/EngineMaterials/Substrate/GLints/dict_16_192_64_0p5_0p02_0010_0003" 6059
"../../../Engine/Content/EngineMaterials/Substrate/GLints/dict_16_192_64_0p5_0p02_0009_0011.uasset" 6060
"../../../Engine/Content/EngineMaterials/Substrate/GLints/dict_16_192_64_0p5_0p02_0009_0007.uasset" 6061
"../../../Engine/Content/EngineMaterials/Substrate/GLints/dict_16_192_64_0p5_0p02_0009_0004.uasset" 6062
"../../../Engine/Content/EngineMaterials/Substrate/GLints/dict_16_192_64_0p5_0p02_0009_0003.uasset" 6063
"../../../Engine/Content/EngineMaterials/Substrate/GLints/dict_16_192_64_0p5_0p02_0009_0006.uasset" 6064
"../../../Engine/Content/EngineMaterials/Substrate/GLints/dict_16_192_64_0p5_0p02_0009_0002.uasset" 6065
"../../../Engine/Content/EngineMaterials/Substrate/GLints/dict_16_192_64_0p5_0p02_0009_0005.uasset" 6066
"../../../Engine/Content/EngineMaterials/Substrate/GLints/dict_16_192_64_0p5_0p02_0009_0000.uasset" 6067
"../../../Engine/Content/EngineMaterials/Substrate/GLints/dict_16_192_64_0p5_0p02_0009_0012.uasset" 6068
"../../../Engine/Content/EngineMaterials/Substrate/GLints/dict_16_192_64_0p5_0p02_0009_0001.uasset" 6069
"../../../Engine/Content/EngineMaterials/Substrate/GLints/dict_16_192_64_0p5_0p02_0008_0015.uasset" 6070
"/Engine/EngineMaterials/Substrate/GLints/dict_16_192_64_0p5_0p02_0010_0004" 6071
"/Engine/EngineMaterials/Substrate/GLints/dict_16_192_64_0p5_0p02_0010_0005" 6072
"/Engine/EngineMaterials/Substrate/GLints/dict_16_192_64_0p5_0p02_0010_0006" 6073
"/Engine/EngineMaterials/Substrate/GLints/dict_16_192_64_0p5_0p02_0010_0007" 6074
"/Engine/EngineMaterials/Substrate/GLints/dict_16_192_64_0p5_0p02_0010_0008" 6075
"/Engine/EngineMaterials/Substrate/GLints/dict_16_192_64_0p5_0p02_0010_0009" 6076
"/Engine/EngineMaterials/Substrate/GLints/dict_16_192_64_0p5_0p02_0010_0010" 6077
"/Engine/EngineMaterials/Substrate/GLints/dict_16_192_64_0p5_0p02_0010_0011" 6078
"/Engine/EngineMaterials/Substrate/GLints/dict_16_192_64_0p5_0p02_0010_0012" 6079
"/Engine/EngineMaterials/Substrate/GLints/dict_16_192_64_0p5_0p02_0010_0013" 6080
"/Engine/EngineMaterials/Substrate/GLints/dict_16_192_64_0p5_0p02_0010_0014" 6081
"/Engine/EngineMaterials/Substrate/GLints/dict_16_192_64_0p5_0p02_0008_0015" 6082
"/Engine/EngineMaterials/Substrate/GLints/dict_16_192_64_0p5_0p02_0009_0000" 6083
"../../../Engine/Content/EngineMaterials/Substrate/GLints/dict_16_192_64_0p5_0p02_0008_0013.uasset" 6084
"../../../Engine/Content/EngineMaterials/Substrate/GLints/dict_16_192_64_0p5_0p02_0008_0009.uasset" 6085
"../../../Engine/Content/EngineMaterials/Substrate/GLints/dict_16_192_64_0p5_0p02_0008_0011.uasset" 6086
"../../../Engine/Content/EngineMaterials/Substrate/GLints/dict_16_192_64_0p5_0p02_0008_0010.uasset" 6087
"../../../Engine/Content/EngineMaterials/Substrate/GLints/dict_16_192_64_0p5_0p02_0008_0012.uasset" 6088
"../../../Engine/Content/EngineMaterials/Substrate/GLints/dict_16_192_64_0p5_0p02_0008_0014.uasset" 6089
"../../../Engine/Content/EngineMaterials/Substrate/GLints/dict_16_192_64_0p5_0p02_0008_0005.uasset" 6090
"../../../Engine/Content/EngineMaterials/Substrate/GLints/dict_16_192_64_0p5_0p02_0008_0007.uasset" 6091
"/Engine/EngineMaterials/Substrate/GLints/dict_16_192_64_0p5_0p02_0009_0001" 6092
"../../../Engine/Content/EngineMaterials/Substrate/GLints/dict_16_192_64_0p5_0p02_0008_0003.uasset" 6093
"../../../Engine/Content/EngineMaterials/Substrate/GLints/dict_16_192_64_0p5_0p02_0008_0004.uasset" 6094
"../../../Engine/Content/EngineMaterials/Substrate/GLints/dict_16_192_64_0p5_0p02_0008_0008.uasset" 6095
"../../../Engine/Content/EngineMaterials/Substrate/GLints/dict_16_192_64_0p5_0p02_0008_0006.uasset" 6096
"../../../Engine/Content/EngineMaterials/Substrate/GLints/dict_16_192_64_0p5_0p02_0008_0002.uasset" 6097
"../../../Engine/Content/EngineMaterials/Substrate/GLints/dict_16_192_64_0p5_0p02_0008_0001.uasset" 6098
"/Engine/EngineMaterials/Substrate/GLints/dict_16_192_64_0p5_0p02_0009_0002" 6099
"/Engine/EngineMaterials/Substrate/GLints/dict_16_192_64_0p5_0p02_0009_0003" 6100
"/Engine/EngineMaterials/Substrate/GLints/dict_16_192_64_0p5_0p02_0009_0004" 6101
"/Engine/EngineMaterials/Substrate/GLints/dict_16_192_64_0p5_0p02_0009_0005" 6102
"/Engine/EngineMaterials/Substrate/GLints/dict_16_192_64_0p5_0p02_0009_0006" 6103
"/Engine/EngineMaterials/Substrate/GLints/dict_16_192_64_0p5_0p02_0009_0007" 6104
"/Engine/EngineMaterials/Substrate/GLints/dict_16_192_64_0p5_0p02_0009_0008" 6105
"/Engine/EngineMaterials/Substrate/GLints/dict_16_192_64_0p5_0p02_0009_0009" 6106
"/Engine/EngineMaterials/Substrate/GLints/dict_16_192_64_0p5_0p02_0009_0010" 6107
"/Engine/EngineMaterials/Substrate/GLints/dict_16_192_64_0p5_0p02_0009_0011" 6108
"/Engine/EngineMaterials/Substrate/GLints/dict_16_192_64_0p5_0p02_0009_0012" 6109
"/Engine/EngineMaterials/Substrate/GLints/dict_16_192_64_0p5_0p02_0009_0013" 6110
"/Engine/EngineMaterials/Substrate/GLints/dict_16_192_64_0p5_0p02_0009_0014" 6111
"/Engine/EngineMaterials/Substrate/GLints/dict_16_192_64_0p5_0p02_0009_0015" 6112
"/Engine/EngineMaterials/Substrate/GLints/dict_16_192_64_0p5_0p02_0010_0000" 6113
"/Engine/EngineMaterials/Substrate/GLints/dict_16_192_64_0p5_0p02_0008_0001" 6114
"../../../Engine/Content/EngineMaterials/Substrate/GLints/dict_16_192_64_0p5_0p02_0008_0000.uasset" 6115
"../../../Engine/Content/EngineMaterials/Substrate/GLints/dict_16_192_64_0p5_0p02_0007_0014.uasset" 6116
"../../../Engine/Content/EngineMaterials/Substrate/GLints/dict_16_192_64_0p5_0p02_0007_0006.uasset" 6117
"../../../Engine/Content/EngineMaterials/Substrate/GLints/dict_16_192_64_0p5_0p02_0007_0013.uasset" 6118
"../../../Engine/Content/EngineMaterials/Substrate/GLints/dict_16_192_64_0p5_0p02_0007_0008.uasset" 6119
"/Engine/EngineMaterials/Substrate/GLints/dict_16_192_64_0p5_0p02_0008_0002" 6120
"../../../Engine/Content/EngineMaterials/Substrate/GLints/dict_16_192_64_0p5_0p02_0007_0010.uasset" 6121
"../../../Engine/Content/EngineMaterials/Substrate/GLints/dict_16_192_64_0p5_0p02_0007_0009.uasset" 6122
"../../../Engine/Content/EngineMaterials/Substrate/GLints/dict_16_192_64_0p5_0p02_0007_0011.uasset" 6123
"../../../Engine/Content/EngineMaterials/Substrate/GLints/dict_16_192_64_0p5_0p02_0007_0007.uasset" 6124
"../../../Engine/Content/EngineMaterials/Substrate/GLints/dict_16_192_64_0p5_0p02_0007_0015.uasset" 6125
"../../../Engine/Content/EngineMaterials/Substrate/GLints/dict_16_192_64_0p5_0p02_0007_0005.uasset" 6126
"../../../Engine/Content/EngineMaterials/Substrate/GLints/dict_16_192_64_0p5_0p02_0007_0004.uasset" 6127
"/Engine/EngineMaterials/Substrate/GLints/dict_16_192_64_0p5_0p02_0008_0003" 6128
"../../../Engine/Content/EngineMaterials/Substrate/GLints/dict_16_192_64_0p5_0p02_0007_0012.uasset" 6129
"/Engine/EngineMaterials/Substrate/GLints/dict_16_192_64_0p5_0p02_0008_0004" 6130
"../../../Engine/Content/EngineMaterials/Substrate/GLints/dict_16_192_64_0p5_0p02_0007_0002.uasset" 6131
"../../../Engine/Content/EngineMaterials/Substrate/GLints/dict_16_192_64_0p5_0p02_0006_0015.uasset" 6132
"../../../Engine/Content/EngineMaterials/Substrate/GLints/dict_16_192_64_0p5_0p02_0007_0003.uasset" 6133
"../../../Engine/Content/EngineMaterials/Substrate/GLints/dict_16_192_64_0p5_0p02_0007_0001.uasset" 6134
"../../../Engine/Content/EngineMaterials/Substrate/GLints/dict_16_192_64_0p5_0p02_0007_0000.uasset" 6135
"/Engine/EngineMaterials/Substrate/GLints/dict_16_192_64_0p5_0p02_0008_0005" 6136
"/Engine/EngineMaterials/Substrate/GLints/dict_16_192_64_0p5_0p02_0008_0006" 6137
"/Engine/EngineMaterials/Substrate/GLints/dict_16_192_64_0p5_0p02_0008_0007" 6138
"/Engine/EngineMaterials/Substrate/GLints/dict_16_192_64_0p5_0p02_0008_0008" 6139
"/Engine/EngineMaterials/Substrate/GLints/dict_16_192_64_0p5_0p02_0008_0009" 6140
"/Engine/EngineMaterials/Substrate/GLints/dict_16_192_64_0p5_0p02_0008_0010" 6141
"/Engine/EngineMaterials/Substrate/GLints/dict_16_192_64_0p5_0p02_0008_0011" 6142
"/Engine/EngineMaterials/Substrate/GLints/dict_16_192_64_0p5_0p02_0008_0012" 6143
"/Engine/EngineMaterials/Substrate/GLints/dict_16_192_64_0p5_0p02_0008_0013" 6144
"/Engine/EngineMaterials/Substrate/GLints/dict_16_192_64_0p5_0p02_0008_0014" 6145
"/Engine/EngineMaterials/Substrate/GLints/dict_16_192_64_0p5_0p02_0006_0015" 6146
"../../../Engine/Content/EngineMaterials/Substrate/GLints/dict_16_192_64_0p5_0p02_0006_0011.uasset" 6147
"../../../Engine/Content/EngineMaterials/Substrate/GLints/dict_16_192_64_0p5_0p02_0006_0013.uasset" 6148
"../../../Engine/Content/EngineMaterials/Substrate/GLints/dict_16_192_64_0p5_0p02_0006_0006.uasset" 6149
"../../../Engine/Content/EngineMaterials/Substrate/GLints/dict_16_192_64_0p5_0p02_0006_0009.uasset" 6150
"/Engine/EngineMaterials/Substrate/GLints/dict_16_192_64_0p5_0p02_0007_0000" 6151
"../../../Engine/Content/EngineMaterials/Substrate/GLints/dict_16_192_64_0p5_0p02_0006_0010.uasset" 6152
"../../../Engine/Content/EngineMaterials/Substrate/GLints/dict_16_192_64_0p5_0p02_0006_0014.uasset" 6153
"../../../Engine/Content/EngineMaterials/Substrate/GLints/dict_16_192_64_0p5_0p02_0006_0012.uasset" 6154
"../../../Engine/Content/EngineMaterials/Substrate/GLints/dict_16_192_64_0p5_0p02_0006_0005.uasset" 6155
"../../../Engine/Content/EngineMaterials/Substrate/GLints/dict_16_192_64_0p5_0p02_0006_0003.uasset" 6156
"../../../Engine/Content/EngineMaterials/Substrate/GLints/dict_16_192_64_0p5_0p02_0006_0008.uasset" 6157
"../../../Engine/Content/EngineMaterials/Substrate/GLints/dict_16_192_64_0p5_0p02_0006_0007.uasset" 6158
"../../../Engine/Content/EngineMaterials/Substrate/GLints/dict_16_192_64_0p5_0p02_0006_0002.uasset" 6159
"../../../Engine/Content/EngineMaterials/Substrate/GLints/dict_16_192_64_0p5_0p02_0006_0004.uasset" 6160
"../../../Engine/Content/EngineMaterials/Substrate/GLints/dict_16_192_64_0p5_0p02_0006_0001.uasset" 6161
"/Engine/EngineMaterials/Substrate/GLints/dict_16_192_64_0p5_0p02_0007_0001" 6162
"/Engine/EngineMaterials/Substrate/GLints/dict_16_192_64_0p5_0p02_0007_0002" 6163
"/Engine/EngineMaterials/Substrate/GLints/dict_16_192_64_0p5_0p02_0007_0003" 6164
"/Engine/EngineMaterials/Substrate/GLints/dict_16_192_64_0p5_0p02_0007_0004" 6165
"/Engine/EngineMaterials/Substrate/GLints/dict_16_192_64_0p5_0p02_0007_0005" 6166
"/Engine/EngineMaterials/Substrate/GLints/dict_16_192_64_0p5_0p02_0007_0006" 6167
"/Engine/EngineMaterials/Substrate/GLints/dict_16_192_64_0p5_0p02_0007_0007" 6168
"/Engine/EngineMaterials/Substrate/GLints/dict_16_192_64_0p5_0p02_0007_0008" 6169
"/Engine/EngineMaterials/Substrate/GLints/dict_16_192_64_0p5_0p02_0007_0009" 6170
"/Engine/EngineMaterials/Substrate/GLints/dict_16_192_64_0p5_0p02_0007_0010" 6171
"/Engine/EngineMaterials/Substrate/GLints/dict_16_192_64_0p5_0p02_0007_0011" 6172
"/Engine/EngineMaterials/Substrate/GLints/dict_16_192_64_0p5_0p02_0007_0012" 6173
"/Engine/EngineMaterials/Substrate/GLints/dict_16_192_64_0p5_0p02_0007_0013" 6174
"/Engine/EngineMaterials/Substrate/GLints/dict_16_192_64_0p5_0p02_0007_0014" 6175
"/Engine/EngineMaterials/Substrate/GLints/dict_16_192_64_0p5_0p02_0007_0015" 6176
"/Engine/EngineMaterials/Substrate/GLints/dict_16_192_64_0p5_0p02_0008_0000" 6177
"/Engine/EngineMaterials/Substrate/GLints/dict_16_192_64_0p5_0p02_0006_0001" 6178
"../../../Engine/Content/EngineMaterials/Substrate/GLints/dict_16_192_64_0p5_0p02_0006_0000.uasset" 6179
"../../../Engine/Content/EngineMaterials/Substrate/GLints/dict_16_192_64_0p5_0p02_0005_0010.uasset" 6180
"../../../Engine/Content/EngineMaterials/Substrate/GLints/dict_16_192_64_0p5_0p02_0005_0009.uasset" 6181
"../../../Engine/Content/EngineMaterials/Substrate/GLints/dict_16_192_64_0p5_0p02_0005_0011.uasset" 6182
"../../../Engine/Content/EngineMaterials/Substrate/GLints/dict_16_192_64_0p5_0p02_0005_0015.uasset" 6183
"../../../Engine/Content/EngineMaterials/Substrate/GLints/dict_16_192_64_0p5_0p02_0005_0014.uasset" 6184
"/Engine/EngineMaterials/Substrate/GLints/dict_16_192_64_0p5_0p02_0006_0002" 6185
"../../../Engine/Content/EngineMaterials/Substrate/GLints/dict_16_192_64_0p5_0p02_0005_0013.uasset" 6186
"../../../Engine/Content/EngineMaterials/Substrate/GLints/dict_16_192_64_0p5_0p02_0005_0012.uasset" 6187
"../../../Engine/Content/EngineMaterials/Substrate/GLints/dict_16_192_64_0p5_0p02_0005_0008.uasset" 6188
"../../../Engine/Content/EngineMaterials/Substrate/GLints/dict_16_192_64_0p5_0p02_0005_0004.uasset" 6189
"../../../Engine/Content/EngineMaterials/Substrate/GLints/dict_16_192_64_0p5_0p02_0005_0006.uasset" 6190
"../../../Engine/Content/EngineMaterials/Substrate/GLints/dict_16_192_64_0p5_0p02_0004_0015.uasset" 6191
"../../../Engine/Content/EngineMaterials/Substrate/GLints/dict_16_192_64_0p5_0p02_0005_0003.uasset" 6192
"../../../Engine/Content/EngineMaterials/Substrate/GLints/dict_16_192_64_0p5_0p02_0005_0002.uasset" 6193
"../../../Engine/Content/EngineMaterials/Substrate/GLints/dict_16_192_64_0p5_0p02_0005_0001.uasset" 6194
"../../../Engine/Content/EngineMaterials/Substrate/GLints/dict_16_192_64_0p5_0p02_0005_0000.uasset" 6195
"../../../Engine/Content/EngineMaterials/Substrate/GLints/dict_16_192_64_0p5_0p02_0005_0007.uasset" 6196
"../../../Engine/Content/EngineMaterials/Substrate/GLints/dict_16_192_64_0p5_0p02_0005_0005.uasset" 6197
"/Engine/EngineMaterials/Substrate/GLints/dict_16_192_64_0p5_0p02_0006_0003" 6198
"/Engine/EngineMaterials/Substrate/GLints/dict_16_192_64_0p5_0p02_0006_0004" 6199
"/Engine/EngineMaterials/Substrate/GLints/dict_16_192_64_0p5_0p02_0006_0005" 6200
"/Engine/EngineMaterials/Substrate/GLints/dict_16_192_64_0p5_0p02_0006_0006" 6201
"/Engine/EngineMaterials/Substrate/GLints/dict_16_192_64_0p5_0p02_0006_0007" 6202
"/Engine/EngineMaterials/Substrate/GLints/dict_16_192_64_0p5_0p02_0006_0008" 6203
"/Engine/EngineMaterials/Substrate/GLints/dict_16_192_64_0p5_0p02_0006_0009" 6204
"/Engine/EngineMaterials/Substrate/GLints/dict_16_192_64_0p5_0p02_0006_0010" 6205
"/Engine/EngineMaterials/Substrate/GLints/dict_16_192_64_0p5_0p02_0006_0011" 6206
"/Engine/EngineMaterials/Substrate/GLints/dict_16_192_64_0p5_0p02_0006_0012" 6207
"/Engine/EngineMaterials/Substrate/GLints/dict_16_192_64_0p5_0p02_0006_0013" 6208
"/Engine/EngineMaterials/Substrate/GLints/dict_16_192_64_0p5_0p02_0006_0014" 6209
"/Engine/EngineMaterials/Substrate/GLints/dict_16_192_64_0p5_0p02_0004_0015" 6210
"../../../Engine/Content/EngineMaterials/Substrate/GLints/dict_16_192_64_0p5_0p02_0004_0014.uasset" 6211
"../../../Engine/Content/EngineMaterials/Substrate/GLints/dict_16_192_64_0p5_0p02_0004_0013.uasset" 6212
"../../../Engine/Content/EngineMaterials/Substrate/GLints/dict_16_192_64_0p5_0p02_0004_0010.uasset" 6213
"../../../Engine/Content/EngineMaterials/Substrate/GLints/dict_16_192_64_0p5_0p02_0004_0006.uasset" 6214
"../../../Engine/Content/EngineMaterials/Substrate/GLints/dict_16_192_64_0p5_0p02_0004_0011.uasset" 6215
"../../../Engine/Content/EngineMaterials/Substrate/GLints/dict_16_192_64_0p5_0p02_0004_0009.uasset" 6216
"../../../Engine/Content/EngineMaterials/Substrate/GLints/dict_16_192_64_0p5_0p02_0004_0008.uasset" 6217
"../../../Engine/Content/EngineMaterials/Substrate/GLints/dict_16_192_64_0p5_0p02_0004_0004.uasset" 6218
"../../../Engine/Content/EngineMaterials/Substrate/GLints/dict_16_192_64_0p5_0p02_0004_0012.uasset" 6219
"../../../Engine/Content/EngineMaterials/Substrate/GLints/dict_16_192_64_0p5_0p02_0004_0002.uasset" 6220
"../../../Engine/Content/EngineMaterials/Substrate/GLints/dict_16_192_64_0p5_0p02_0004_0005.uasset" 6221
"../../../Engine/Content/EngineMaterials/Substrate/GLints/dict_16_192_64_0p5_0p02_0004_0003.uasset" 6222
"../../../Engine/Content/EngineMaterials/Substrate/GLints/dict_16_192_64_0p5_0p02_0004_0007.uasset" 6223
"../../../Engine/Content/EngineMaterials/Substrate/GLints/dict_16_192_64_0p5_0p02_0004_0001.uasset" 6224
"/Engine/EngineMaterials/Substrate/GLints/dict_16_192_64_0p5_0p02_0005_0000" 6225
"/Engine/EngineMaterials/Substrate/GLints/dict_16_192_64_0p5_0p02_0005_0001" 6226
"/Engine/EngineMaterials/Substrate/GLints/dict_16_192_64_0p5_0p02_0005_0002" 6227
"/Engine/EngineMaterials/Substrate/GLints/dict_16_192_64_0p5_0p02_0005_0003" 6228
"/Engine/EngineMaterials/Substrate/GLints/dict_16_192_64_0p5_0p02_0005_0004" 6229
"/Engine/EngineMaterials/Substrate/GLints/dict_16_192_64_0p5_0p02_0005_0005" 6230
"/Engine/EngineMaterials/Substrate/GLints/dict_16_192_64_0p5_0p02_0005_0006" 6231
"/Engine/EngineMaterials/Substrate/GLints/dict_16_192_64_0p5_0p02_0005_0007" 6232
"/Engine/EngineMaterials/Substrate/GLints/dict_16_192_64_0p5_0p02_0005_0008" 6233
"/Engine/EngineMaterials/Substrate/GLints/dict_16_192_64_0p5_0p02_0005_0009" 6234
"/Engine/EngineMaterials/Substrate/GLints/dict_16_192_64_0p5_0p02_0005_0010" 6235
"/Engine/EngineMaterials/Substrate/GLints/dict_16_192_64_0p5_0p02_0005_0011" 6236
"/Engine/EngineMaterials/Substrate/GLints/dict_16_192_64_0p5_0p02_0005_0012" 6237
"/Engine/EngineMaterials/Substrate/GLints/dict_16_192_64_0p5_0p02_0005_0013" 6238
"/Engine/EngineMaterials/Substrate/GLints/dict_16_192_64_0p5_0p02_0005_0014" 6239
"/Engine/EngineMaterials/Substrate/GLints/dict_16_192_64_0p5_0p02_0005_0015" 6240
"/Engine/EngineMaterials/Substrate/GLints/dict_16_192_64_0p5_0p02_0006_0000" 6241
"/Engine/EngineMaterials/Substrate/GLints/dict_16_192_64_0p5_0p02_0004_0001" 6242
"../../../Engine/Content/EngineMaterials/Substrate/GLints/dict_16_192_64_0p5_0p02_0003_0004.uasset" 6243
"../../../Engine/Content/EngineMaterials/Substrate/GLints/dict_16_192_64_0p5_0p02_0003_0003.uasset" 6244
"../../../Engine/Content/EngineMaterials/Substrate/GLints/dict_16_192_64_0p5_0p02_0004_0000.uasset" 6245
"../../../Engine/Content/EngineMaterials/Substrate/GLints/dict_16_192_64_0p5_0p02_0003_0006.uasset" 6246
"../../../Engine/Content/EngineMaterials/Substrate/GLints/dict_16_192_64_0p5_0p02_0003_0014.uasset" 6247
"../../../Engine/Content/EngineMaterials/Substrate/GLints/dict_16_192_64_0p5_0p02_0003_0007.uasset" 6248
"/Engine/EngineMaterials/Substrate/GLints/dict_16_192_64_0p5_0p02_0004_0002" 6249
"../../../Engine/Content/EngineMaterials/Substrate/GLints/dict_16_192_64_0p5_0p02_0003_0015.uasset" 6250
"../../../Engine/Content/EngineMaterials/Substrate/GLints/dict_16_192_64_0p5_0p02_0003_0013.uasset" 6251
"../../../Engine/Content/EngineMaterials/Substrate/GLints/dict_16_192_64_0p5_0p02_0003_0010.uasset" 6252
"../../../Engine/Content/EngineMaterials/Substrate/GLints/dict_16_192_64_0p5_0p02_0003_0008.uasset" 6253
"../../../Engine/Content/EngineMaterials/Substrate/GLints/dict_16_192_64_0p5_0p02_0003_0012.uasset" 6254
"../../../Engine/Content/EngineMaterials/Substrate/GLints/dict_16_192_64_0p5_0p02_0003_0009.uasset" 6255
"../../../Engine/Content/EngineMaterials/Substrate/GLints/dict_16_192_64_0p5_0p02_0003_0011.uasset" 6256
"../../../Engine/Content/EngineMaterials/Substrate/GLints/dict_16_192_64_0p5_0p02_0003_0005.uasset" 6257
"../../../Engine/Content/EngineMaterials/Substrate/GLints/dict_16_192_64_0p5_0p02_0003_0001.uasset" 6258
"/Engine/EngineMaterials/Substrate/GLints/dict_16_192_64_0p5_0p02_0004_0003" 6259
"../../../Engine/Content/EngineMaterials/Substrate/GLints/dict_16_192_64_0p5_0p02_0003_0000.uasset" 6260
"../../../Engine/Content/EngineMaterials/Substrate/GLints/dict_16_192_64_0p5_0p02_0003_0002.uasset" 6261
"../../../Engine/Content/EngineMaterials/Substrate/GLints/dict_16_192_64_0p5_0p02_0002_0015.uasset" 6262
"/Engine/EngineMaterials/Substrate/GLints/dict_16_192_64_0p5_0p02_0004_0004" 6263
"/Engine/EngineMaterials/Substrate/GLints/dict_16_192_64_0p5_0p02_0004_0005" 6264
"/Engine/EngineMaterials/Substrate/GLints/dict_16_192_64_0p5_0p02_0004_0006" 6265
"/Engine/EngineMaterials/Substrate/GLints/dict_16_192_64_0p5_0p02_0004_0007" 6266
"/Engine/EngineMaterials/Substrate/GLints/dict_16_192_64_0p5_0p02_0004_0008" 6267
"/Engine/EngineMaterials/Substrate/GLints/dict_16_192_64_0p5_0p02_0004_0009" 6268
"/Engine/EngineMaterials/Substrate/GLints/dict_16_192_64_0p5_0p02_0004_0010" 6269
"/Engine/EngineMaterials/Substrate/GLints/dict_16_192_64_0p5_0p02_0004_0011" 6270
"/Engine/EngineMaterials/Substrate/GLints/dict_16_192_64_0p5_0p02_0004_0012" 6271
"/Engine/EngineMaterials/Substrate/GLints/dict_16_192_64_0p5_0p02_0004_0013" 6272
"/Engine/EngineMaterials/Substrate/GLints/dict_16_192_64_0p5_0p02_0004_0014" 6273
"/Engine/EngineMaterials/Substrate/GLints/dict_16_192_64_0p5_0p02_0002_0015" 6274
"../../../Engine/Content/EngineMaterials/Substrate/GLints/dict_16_192_64_0p5_0p02_0002_0014.uasset" 6275
"../../../Engine/Content/EngineMaterials/Substrate/GLints/dict_16_192_64_0p5_0p02_0002_0010.uasset" 6276
"../../../Engine/Content/EngineMaterials/Substrate/GLints/dict_16_192_64_0p5_0p02_0002_0011.uasset" 6277
"../../../Engine/Content/EngineMaterials/Substrate/GLints/dict_16_192_64_0p5_0p02_0002_0013.uasset" 6278
"../../../Engine/Content/EngineMaterials/Substrate/GLints/dict_16_192_64_0p5_0p02_0002_0012.uasset" 6279
"../../../Engine/Content/EngineMaterials/Substrate/GLints/dict_16_192_64_0p5_0p02_0002_0008.uasset" 6280
"../../../Engine/Content/EngineMaterials/Substrate/GLints/dict_16_192_64_0p5_0p02_0002_0009.uasset" 6281
"../../../Engine/Content/EngineMaterials/Substrate/GLints/dict_16_192_64_0p5_0p02_0002_0005.uasset" 6282
"../../../Engine/Content/EngineMaterials/Substrate/GLints/dict_16_192_64_0p5_0p02_0002_0007.uasset" 6283
"../../../Engine/Content/EngineMaterials/Substrate/GLints/dict_16_192_64_0p5_0p02_0002_0006.uasset" 6284
"../../../Engine/Content/EngineMaterials/Substrate/GLints/dict_16_192_64_0p5_0p02_0002_0004.uasset" 6285
"../../../Engine/Content/EngineMaterials/Substrate/GLints/dict_16_192_64_0p5_0p02_0002_0003.uasset" 6286
"/Engine/EngineMaterials/Substrate/GLints/dict_16_192_64_0p5_0p02_0003_0000" 6287
"../../../Engine/Content/EngineMaterials/Substrate/GLints/dict_16_192_64_0p5_0p02_0002_0001.uasset" 6288
"../../../Engine/Content/EngineMaterials/Substrate/GLints/dict_16_192_64_0p5_0p02_0002_0002.uasset" 6289
"/Engine/EngineMaterials/Substrate/GLints/dict_16_192_64_0p5_0p02_0003_0001" 6290
"/Engine/EngineMaterials/Substrate/GLints/dict_16_192_64_0p5_0p02_0003_0002" 6291
"/Engine/EngineMaterials/Substrate/GLints/dict_16_192_64_0p5_0p02_0003_0003" 6292
"/Engine/EngineMaterials/Substrate/GLints/dict_16_192_64_0p5_0p02_0003_0004" 6293
"/Engine/EngineMaterials/Substrate/GLints/dict_16_192_64_0p5_0p02_0003_0005" 6294
"/Engine/EngineMaterials/Substrate/GLints/dict_16_192_64_0p5_0p02_0003_0006" 6295
"/Engine/EngineMaterials/Substrate/GLints/dict_16_192_64_0p5_0p02_0003_0007" 6296
"/Engine/EngineMaterials/Substrate/GLints/dict_16_192_64_0p5_0p02_0003_0008" 6297
"/Engine/EngineMaterials/Substrate/GLints/dict_16_192_64_0p5_0p02_0003_0009" 6298
"/Engine/EngineMaterials/Substrate/GLints/dict_16_192_64_0p5_0p02_0003_0010" 6299
"/Engine/EngineMaterials/Substrate/GLints/dict_16_192_64_0p5_0p02_0003_0011" 6300
"/Engine/EngineMaterials/Substrate/GLints/dict_16_192_64_0p5_0p02_0003_0012" 6301
"/Engine/EngineMaterials/Substrate/GLints/dict_16_192_64_0p5_0p02_0003_0013" 6302
"/Engine/EngineMaterials/Substrate/GLints/dict_16_192_64_0p5_0p02_0003_0014" 6303
"/Engine/EngineMaterials/Substrate/GLints/dict_16_192_64_0p5_0p02_0003_0015" 6304
"/Engine/EngineMaterials/Substrate/GLints/dict_16_192_64_0p5_0p02_0004_0000" 6305
"/Engine/EngineMaterials/Substrate/GLints/dict_16_192_64_0p5_0p02_0002_0001" 6306
"../../../Engine/Content/EngineMaterials/Substrate/GLints/dict_16_192_64_0p5_0p02_0001_0013.uasset" 6307
"../../../Engine/Content/EngineMaterials/Substrate/GLints/dict_16_192_64_0p5_0p02_0002_0000.uasset" 6308
"../../../Engine/Content/EngineMaterials/Substrate/GLints/dict_16_192_64_0p5_0p02_0001_0012.uasset" 6309
"../../../Engine/Content/EngineMaterials/Substrate/GLints/dict_16_192_64_0p5_0p02_0001_0008.uasset" 6310
"../../../Engine/Content/EngineMaterials/Substrate/GLints/dict_16_192_64_0p5_0p02_0001_0004.uasset" 6311
"../../../Engine/Content/EngineMaterials/Substrate/GLints/dict_16_192_64_0p5_0p02_0001_0015.uasset" 6312
"../../../Engine/Content/EngineMaterials/Substrate/GLints/dict_16_192_64_0p5_0p02_0001_0005.uasset" 6313
"../../../Engine/Content/EngineMaterials/Substrate/GLints/dict_16_192_64_0p5_0p02_0001_0014.uasset" 6314
"../../../Engine/Content/EngineMaterials/Substrate/GLints/dict_16_192_64_0p5_0p02_0001_0011.uasset" 6315
"/Engine/EngineMaterials/Substrate/GLints/dict_16_192_64_0p5_0p02_0002_0002" 6316
"../../../Engine/Content/EngineMaterials/Substrate/GLints/dict_16_192_64_0p5_0p02_0001_0010.uasset" 6317
"../../../Engine/Content/EngineMaterials/Substrate/GLints/dict_16_192_64_0p5_0p02_0001_0006.uasset" 6318
"../../../Engine/Content/EngineMaterials/Substrate/GLints/dict_16_192_64_0p5_0p02_0001_0009.uasset" 6319
"../../../Engine/Content/EngineMaterials/Substrate/GLints/dict_16_192_64_0p5_0p02_0001_0007.uasset" 6320
"../../../Engine/Content/EngineMaterials/Substrate/GLints/dict_16_192_64_0p5_0p02_0001_0002.uasset" 6321
"../../../Engine/Content/EngineMaterials/Substrate/GLints/dict_16_192_64_0p5_0p02_0001_0001.uasset" 6322
"../../../Engine/Content/EngineMaterials/Substrate/GLints/dict_16_192_64_0p5_0p02_0001_0003.uasset" 6323
"../../../Engine/Content/EngineMaterials/Substrate/GLints/dict_16_192_64_0p5_0p02_0001_0000.uasset" 6324
"../../../Engine/Content/EngineMaterials/Substrate/GLints/dict_16_192_64_0p5_0p02_0000_0015.uasset" 6325
"/Engine/EngineMaterials/Substrate/GLints/dict_16_192_64_0p5_0p02_0002_0003" 6326
"/Engine/EngineMaterials/Substrate/GLints/dict_16_192_64_0p5_0p02_0002_0004" 6327
"/Engine/EngineMaterials/Substrate/GLints/dict_16_192_64_0p5_0p02_0002_0005" 6328
"/Engine/EngineMaterials/Substrate/GLints/dict_16_192_64_0p5_0p02_0002_0006" 6329
"/Engine/EngineMaterials/Substrate/GLints/dict_16_192_64_0p5_0p02_0002_0007" 6330
"/Engine/EngineMaterials/Substrate/GLints/dict_16_192_64_0p5_0p02_0002_0008" 6331
"/Engine/EngineMaterials/Substrate/GLints/dict_16_192_64_0p5_0p02_0002_0009" 6332
"/Engine/EngineMaterials/Substrate/GLints/dict_16_192_64_0p5_0p02_0002_0010" 6333
"/Engine/EngineMaterials/Substrate/GLints/dict_16_192_64_0p5_0p02_0002_0011" 6334
"/Engine/EngineMaterials/Substrate/GLints/dict_16_192_64_0p5_0p02_0002_0012" 6335
"/Engine/EngineMaterials/Substrate/GLints/dict_16_192_64_0p5_0p02_0002_0013" 6336
"/Engine/EngineMaterials/Substrate/GLints/dict_16_192_64_0p5_0p02_0002_0014" 6337
"/Engine/EngineMaterials/Substrate/GLints/dict_16_192_64_0p5_0p02_0000_0015" 6338
"../../../Engine/Content/EngineMaterials/Substrate/GLints/dict_16_192_64_0p5_0p02_0000_0007.uasset" 6339
"../../../Engine/Content/EngineMaterials/Substrate/GLints/dict_16_192_64_0p5_0p02_0000_0010.uasset" 6340
"../../../Engine/Content/EngineMaterials/Substrate/GLints/dict_16_192_64_0p5_0p02_0000_0014.uasset" 6341
"../../../Engine/Content/EngineMaterials/Substrate/GLints/dict_16_192_64_0p5_0p02_0000_0011.uasset" 6342
"../../../Engine/Content/EngineMaterials/Substrate/GLints/dict_16_192_64_0p5_0p02_0000_0005.uasset" 6343
"../../../Engine/Content/EngineMaterials/Substrate/GLints/dict_16_192_64_0p5_0p02_0000_0003.uasset" 6344
"../../../Engine/Content/EngineMaterials/Substrate/GLints/dict_16_192_64_0p5_0p02_0000_0008.uasset" 6345
"../../../Engine/Content/EngineMaterials/Substrate/GLints/dict_16_192_64_0p5_0p02_0000_0004.uasset" 6346
"../../../Engine/Content/EngineMaterials/Substrate/GLints/dict_16_192_64_0p5_0p02_0000_0009.uasset" 6347
"../../../Engine/Content/EngineMaterials/Substrate/GLints/dict_16_192_64_0p5_0p02_0000_0013.uasset" 6348
"../../../Engine/Content/EngineMaterials/Substrate/GLints/dict_16_192_64_0p5_0p02_0000_0012.uasset" 6349
"../../../Engine/Content/EngineMaterials/Substrate/GLints/dict_16_192_64_0p5_0p02_0000_0006.uasset" 6350
"/Engine/EngineMaterials/Substrate/GLints/dict_16_192_64_0p5_0p02_0001_0000" 6351
"../../../Engine/Content/EngineMaterials/Substrate/GLints/dict_16_192_64_0p5_0p02_0000_0002.uasset" 6352
"../../../Engine/Content/EngineMaterials/Substrate/GLints/dict_16_192_64_0p5_0p02_0000_0001.uasset" 6353
"/Engine/EngineMaterials/Substrate/GLints/dict_16_192_64_0p5_0p02_0001_0001" 6354
"/Engine/EngineMaterials/Substrate/GLints/dict_16_192_64_0p5_0p02_0001_0002" 6355
"/Engine/EngineMaterials/Substrate/GLints/dict_16_192_64_0p5_0p02_0001_0003" 6356
"/Engine/EngineMaterials/Substrate/GLints/dict_16_192_64_0p5_0p02_0001_0004" 6357
"/Engine/EngineMaterials/Substrate/GLints/dict_16_192_64_0p5_0p02_0001_0005" 6358
"/Engine/EngineMaterials/Substrate/GLints/dict_16_192_64_0p5_0p02_0001_0006" 6359
"/Engine/EngineMaterials/Substrate/GLints/dict_16_192_64_0p5_0p02_0001_0007" 6360
"/Engine/EngineMaterials/Substrate/GLints/dict_16_192_64_0p5_0p02_0001_0008" 6361
"/Engine/EngineMaterials/Substrate/GLints/dict_16_192_64_0p5_0p02_0001_0009" 6362
"/Engine/EngineMaterials/Substrate/GLints/dict_16_192_64_0p5_0p02_0001_0010" 6363
"/Engine/EngineMaterials/Substrate/GLints/dict_16_192_64_0p5_0p02_0001_0011" 6364
"/Engine/EngineMaterials/Substrate/GLints/dict_16_192_64_0p5_0p02_0001_0012" 6365
"/Engine/EngineMaterials/Substrate/GLints/dict_16_192_64_0p5_0p02_0001_0013" 6366
"/Engine/EngineMaterials/Substrate/GLints/dict_16_192_64_0p5_0p02_0001_0014" 6367
"/Engine/EngineMaterials/Substrate/GLints/dict_16_192_64_0p5_0p02_0001_0015" 6368
"/Engine/EngineMaterials/Substrate/GLints/dict_16_192_64_0p5_0p02_0002_0000" 6369
"/Engine/EngineMaterials/Substrate/GLints/dict_16_192_64_0p5_0p02_0000_0001" 6370
"../../../Engine/Content/EngineMaterials/Substrate/GLints/dict_16_192_64_0p5_0p02_0000_0000.uasset" 6371
"../../../Engine/Content/EngineMaterials/Substrate/GLints/AGlintTex2dArray.uasset" 6372
"/Engine/EngineMaterials/Substrate/GLints/dict_16_192_64_0p5_0p02_0000_0002" 6373
"/Engine/EngineMaterials/Substrate/GLints/dict_16_192_64_0p5_0p02_0000_0003" 6374
"../../../Engine/Content/EngineMaterials/Substrate/Glints2/dict_0007_0246.uasset" 6375
"../../../Engine/Content/EngineMaterials/Substrate/Glints2/dict_0007_0243.uasset" 6376
"../../../Engine/Content/EngineMaterials/Substrate/Glints2/dict_0007_0252.uasset" 6377
"../../../Engine/Content/EngineMaterials/Substrate/Glints2/dict_0007_0247.uasset" 6378
"../../../Engine/Content/EngineMaterials/Substrate/Glints2/dict_0007_0245.uasset" 6379
"/Engine/EngineMaterials/Substrate/GLints/dict_16_192_64_0p5_0p02_0000_0004" 6380
"../../../Engine/Content/EngineMaterials/Substrate/Glints2/dict_0007_0244.uasset" 6381
"../../../Engine/Content/EngineMaterials/Substrate/Glints2/dict_0007_0253.uasset" 6382
"/Engine/EngineMaterials/Substrate/GLints/dict_16_192_64_0p5_0p02_0000_0005" 6383
"../../../Engine/Content/EngineMaterials/Substrate/Glints2/dict_0007_0251.uasset" 6384
"/Engine/EngineMaterials/Substrate/GLints/dict_16_192_64_0p5_0p02_0000_0006" 6385
"../../../Engine/Content/EngineMaterials/Substrate/Glints2/dict_0007_0255.uasset" 6386
"../../../Engine/Content/EngineMaterials/Substrate/Glints2/dict_0007_0242.uasset" 6387
"../../../Engine/Content/EngineMaterials/Substrate/Glints2/dict_0007_0240.uasset" 6388
"../../../Engine/Content/EngineMaterials/Substrate/Glints2/dict_0007_0241.uasset" 6389
"../../../Engine/Content/EngineMaterials/Substrate/Glints2/dict_0007_0254.uasset" 6390
"/Engine/EngineMaterials/Substrate/GLints/dict_16_192_64_0p5_0p02_0000_0007" 6391
"../../../Engine/Content/EngineMaterials/Substrate/Glints2/dict_0007_0250.uasset" 6392
"../../../Engine/Content/EngineMaterials/Substrate/Glints2/dict_0007_0248.uasset" 6393
"../../../Engine/Content/EngineMaterials/Substrate/Glints2/dict_0007_0249.uasset" 6394
"/Engine/EngineMaterials/Substrate/GLints/dict_16_192_64_0p5_0p02_0000_0008" 6395
"/Engine/EngineMaterials/Substrate/GLints/dict_16_192_64_0p5_0p02_0000_0009" 6396
"/Engine/EngineMaterials/Substrate/GLints/dict_16_192_64_0p5_0p02_0000_0010" 6397
"/Engine/EngineMaterials/Substrate/GLints/dict_16_192_64_0p5_0p02_0000_0011" 6398
"/Engine/EngineMaterials/Substrate/GLints/dict_16_192_64_0p5_0p02_0000_0012" 6399
"/Engine/EngineMaterials/Substrate/GLints/dict_16_192_64_0p5_0p02_0000_0013" 6400
"/Engine/EngineMaterials/Substrate/GLints/dict_16_192_64_0p5_0p02_0000_0014" 6401
"/Engine/EngineMaterials/Substrate/Glints2/dict_0007_0240" 6402
"../../../Engine/Content/EngineMaterials/Substrate/Glints2/dict_0007_0234.uasset" 6403
"../../../Engine/Content/EngineMaterials/Substrate/Glints2/dict_0007_0238.uasset" 6404
"../../../Engine/Content/EngineMaterials/Substrate/Glints2/dict_0007_0237.uasset" 6405
"../../../Engine/Content/EngineMaterials/Substrate/Glints2/dict_0007_0231.uasset" 6406
"../../../Engine/Content/EngineMaterials/Substrate/Glints2/dict_0007_0239.uasset" 6407
"../../../Engine/Content/EngineMaterials/Substrate/Glints2/dict_0007_0228.uasset" 6408
"../../../Engine/Content/EngineMaterials/Substrate/Glints2/dict_0007_0232.uasset" 6409
"../../../Engine/Content/EngineMaterials/Substrate/Glints2/dict_0007_0227.uasset" 6410
"../../../Engine/Content/EngineMaterials/Substrate/Glints2/dict_0007_0236.uasset" 6411
"../../../Engine/Content/EngineMaterials/Substrate/Glints2/dict_0007_0235.uasset" 6412
"../../../Engine/Content/EngineMaterials/Substrate/Glints2/dict_0007_0229.uasset" 6413
"../../../Engine/Content/EngineMaterials/Substrate/Glints2/dict_0007_0230.uasset" 6414
"../../../Engine/Content/EngineMaterials/Substrate/Glints2/dict_0007_0233.uasset" 6415
"/Engine/EngineMaterials/Substrate/Glints2/dict_0007_0241" 6416
"../../../Engine/Content/EngineMaterials/Substrate/Glints2/dict_0007_0226.uasset" 6417
"/Engine/EngineMaterials/Substrate/Glints2/dict_0007_0242" 6418
"/Engine/EngineMaterials/Substrate/Glints2/dict_0007_0243" 6419
"/Engine/EngineMaterials/Substrate/Glints2/dict_0007_0244" 6420
"/Engine/EngineMaterials/Substrate/Glints2/dict_0007_0245" 6421
"/Engine/EngineMaterials/Substrate/Glints2/dict_0007_0246" 6422
"/Engine/EngineMaterials/Substrate/Glints2/dict_0007_0247" 6423
"/Engine/EngineMaterials/Substrate/Glints2/dict_0007_0248" 6424
"/Engine/EngineMaterials/Substrate/Glints2/dict_0007_0249" 6425
"/Engine/EngineMaterials/Substrate/Glints2/dict_0007_0250" 6426
"/Engine/EngineMaterials/Substrate/Glints2/dict_0007_0251" 6427
"/Engine/EngineMaterials/Substrate/Glints2/dict_0007_0252" 6428
"/Engine/EngineMaterials/Substrate/Glints2/dict_0007_0253" 6429
"/Engine/EngineMaterials/Substrate/Glints2/dict_0007_0254" 6430
"/Engine/EngineMaterials/Substrate/Glints2/dict_0007_0255" 6431
"/Engine/EngineMaterials/Substrate/GLints/AGlintTex2dArray" 6432
"../../../Engine/Content/EngineMaterials/Substrate/Glints2/dict_0007_0221.uasset" 6433
"../../../Engine/Content/EngineMaterials/Substrate/Glints2/dict_0007_0217.uasset" 6434
"../../../Engine/Content/EngineMaterials/Substrate/Glints2/dict_0007_0220.uasset" 6435
"../../../Engine/Content/EngineMaterials/Substrate/Glints2/dict_0007_0219.uasset" 6436
"../../../Engine/Content/EngineMaterials/Substrate/Glints2/dict_0007_0216.uasset" 6437
"../../../Engine/Content/EngineMaterials/Substrate/Glints2/dict_0007_0224.uasset" 6438
"../../../Engine/Content/EngineMaterials/Substrate/Glints2/dict_0007_0218.uasset" 6439
"../../../Engine/Content/EngineMaterials/Substrate/Glints2/dict_0007_0223.uasset" 6440
"../../../Engine/Content/EngineMaterials/Substrate/Glints2/dict_0007_0222.uasset" 6441
"../../../Engine/Content/EngineMaterials/Substrate/Glints2/dict_0007_0214.uasset" 6442
"../../../Engine/Content/EngineMaterials/Substrate/Glints2/dict_0007_0225.uasset" 6443
"../../../Engine/Content/EngineMaterials/Substrate/Glints2/dict_0007_0210.uasset" 6444
"../../../Engine/Content/EngineMaterials/Substrate/Glints2/dict_0007_0209.uasset" 6445
"../../../Engine/Content/EngineMaterials/Substrate/Glints2/dict_0007_0211.uasset" 6446
"../../../Engine/Content/EngineMaterials/Substrate/Glints2/dict_0007_0213.uasset" 6447
"../../../Engine/Content/EngineMaterials/Substrate/Glints2/dict_0007_0208.uasset" 6448
"../../../Engine/Content/EngineMaterials/Substrate/Glints2/dict_0007_0215.uasset" 6449
"/Engine/EngineMaterials/Substrate/Glints2/dict_0007_0226" 6450
"../../../Engine/Content/EngineMaterials/Substrate/Glints2/dict_0007_0212.uasset" 6451
"/Engine/EngineMaterials/Substrate/Glints2/dict_0007_0227" 6452
"/Engine/EngineMaterials/Substrate/Glints2/dict_0007_0228" 6453
"/Engine/EngineMaterials/Substrate/Glints2/dict_0007_0229" 6454
"/Engine/EngineMaterials/Substrate/Glints2/dict_0007_0230" 6455
"/Engine/EngineMaterials/Substrate/Glints2/dict_0007_0231" 6456
"/Engine/EngineMaterials/Substrate/Glints2/dict_0007_0232" 6457
"/Engine/EngineMaterials/Substrate/Glints2/dict_0007_0233" 6458
"/Engine/EngineMaterials/Substrate/Glints2/dict_0007_0234" 6459
"/Engine/EngineMaterials/Substrate/Glints2/dict_0007_0235" 6460
"/Engine/EngineMaterials/Substrate/Glints2/dict_0007_0236" 6461
"/Engine/EngineMaterials/Substrate/Glints2/dict_0007_0237" 6462
"/Engine/EngineMaterials/Substrate/Glints2/dict_0007_0238" 6463
"/Engine/EngineMaterials/Substrate/Glints2/dict_0007_0239" 6464
"/Engine/EngineMaterials/Substrate/Glints2/dict_0007_0208" 6465
"../../../Engine/Content/EngineMaterials/Substrate/Glints2/dict_0007_0201.uasset" 6466
"../../../Engine/Content/EngineMaterials/Substrate/Glints2/dict_0007_0204.uasset" 6467
"../../../Engine/Content/EngineMaterials/Substrate/Glints2/dict_0007_0199.uasset" 6468
"../../../Engine/Content/EngineMaterials/Substrate/Glints2/dict_0007_0203.uasset" 6469
"../../../Engine/Content/EngineMaterials/Substrate/Glints2/dict_0007_0207.uasset" 6470
"../../../Engine/Content/EngineMaterials/Substrate/Glints2/dict_0007_0205.uasset" 6471
"../../../Engine/Content/EngineMaterials/Substrate/Glints2/dict_0007_0202.uasset" 6472
"../../../Engine/Content/EngineMaterials/Substrate/Glints2/dict_0007_0198.uasset" 6473
"/Engine/EngineMaterials/Substrate/Glints2/dict_0007_0209" 6474
"../../../Engine/Content/EngineMaterials/Substrate/Glints2/dict_0007_0196.uasset" 6475
"../../../Engine/Content/EngineMaterials/Substrate/Glints2/dict_0007_0195.uasset" 6476
"../../../Engine/Content/EngineMaterials/Substrate/Glints2/dict_0007_0197.uasset" 6477
"../../../Engine/Content/EngineMaterials/Substrate/Glints2/dict_0007_0206.uasset" 6478
"../../../Engine/Content/EngineMaterials/Substrate/Glints2/dict_0007_0194.uasset" 6479
"../../../Engine/Content/EngineMaterials/Substrate/Glints2/dict_0007_0200.uasset" 6480
"/Engine/EngineMaterials/Substrate/Glints2/dict_0007_0210" 6481
"/Engine/EngineMaterials/Substrate/Glints2/dict_0007_0211" 6482
"/Engine/EngineMaterials/Substrate/Glints2/dict_0007_0212" 6483
"/Engine/EngineMaterials/Substrate/Glints2/dict_0007_0213" 6484
"/Engine/EngineMaterials/Substrate/Glints2/dict_0007_0214" 6485
"/Engine/EngineMaterials/Substrate/Glints2/dict_0007_0215" 6486
"/Engine/EngineMaterials/Substrate/Glints2/dict_0007_0216" 6487
"/Engine/EngineMaterials/Substrate/Glints2/dict_0007_0217" 6488
"/Engine/EngineMaterials/Substrate/Glints2/dict_0007_0218" 6489
"/Engine/EngineMaterials/Substrate/Glints2/dict_0007_0219" 6490
"/Engine/EngineMaterials/Substrate/Glints2/dict_0007_0220" 6491
"/Engine/EngineMaterials/Substrate/Glints2/dict_0007_0221" 6492
"/Engine/EngineMaterials/Substrate/Glints2/dict_0007_0222" 6493
"/Engine/EngineMaterials/Substrate/Glints2/dict_0007_0223" 6494
"/Engine/EngineMaterials/Substrate/Glints2/dict_0007_0224" 6495
"/Engine/EngineMaterials/Substrate/Glints2/dict_0007_0225" 6496
"/Engine/EngineMaterials/Substrate/Glints2/dict_0007_0194" 6497
"../../../Engine/Content/EngineMaterials/Substrate/Glints2/dict_0007_0187.uasset" 6498
"../../../Engine/Content/EngineMaterials/Substrate/Glints2/dict_0007_0188.uasset" 6499
"../../../Engine/Content/EngineMaterials/Substrate/Glints2/dict_0007_0185.uasset" 6500
"../../../Engine/Content/EngineMaterials/Substrate/Glints2/dict_0007_0191.uasset" 6501
"../../../Engine/Content/EngineMaterials/Substrate/Glints2/dict_0007_0190.uasset" 6502
"../../../Engine/Content/EngineMaterials/Substrate/Glints2/dict_0007_0183.uasset" 6503
"../../../Engine/Content/EngineMaterials/Substrate/Glints2/dict_0007_0192.uasset" 6504
"../../../Engine/Content/EngineMaterials/Substrate/Glints2/dict_0007_0193.uasset" 6505
"../../../Engine/Content/EngineMaterials/Substrate/Glints2/dict_0007_0189.uasset" 6506
"../../../Engine/Content/EngineMaterials/Substrate/Glints2/dict_0007_0182.uasset" 6507
"../../../Engine/Content/EngineMaterials/Substrate/Glints2/dict_0007_0184.uasset" 6508
"/Engine/EngineMaterials/Substrate/Glints2/dict_0007_0195" 6509
"../../../Engine/Content/EngineMaterials/Substrate/Glints2/dict_0007_0186.uasset" 6510
"../../../Engine/Content/EngineMaterials/Substrate/Glints2/dict_0007_0179.uasset" 6511
"../../../Engine/Content/EngineMaterials/Substrate/Glints2/dict_0007_0181.uasset" 6512
"../../../Engine/Content/EngineMaterials/Substrate/Glints2/dict_0007_0178.uasset" 6513
"../../../Engine/Content/EngineMaterials/Substrate/Glints2/dict_0007_0180.uasset" 6514
"../../../Engine/Content/EngineMaterials/Substrate/Glints2/dict_0007_0177.uasset" 6515
"../../../Engine/Content/EngineMaterials/Substrate/Glints2/dict_0007_0176.uasset" 6516
"/Engine/EngineMaterials/Substrate/Glints2/dict_0007_0196" 6517
"/Engine/EngineMaterials/Substrate/Glints2/dict_0007_0197" 6518
"/Engine/EngineMaterials/Substrate/Glints2/dict_0007_0198" 6519
"/Engine/EngineMaterials/Substrate/Glints2/dict_0007_0199" 6520
"/Engine/EngineMaterials/Substrate/Glints2/dict_0007_0200" 6521
"/Engine/EngineMaterials/Substrate/Glints2/dict_0007_0201" 6522
"/Engine/EngineMaterials/Substrate/Glints2/dict_0007_0202" 6523
"/Engine/EngineMaterials/Substrate/Glints2/dict_0007_0203" 6524
"/Engine/EngineMaterials/Substrate/Glints2/dict_0007_0204" 6525
"/Engine/EngineMaterials/Substrate/Glints2/dict_0007_0205" 6526
"/Engine/EngineMaterials/Substrate/Glints2/dict_0007_0206" 6527
"/Engine/EngineMaterials/Substrate/Glints2/dict_0007_0207" 6528
"/Engine/EngineMaterials/Substrate/Glints2/dict_0007_0176" 6529
"../../../Engine/Content/EngineMaterials/Substrate/Glints2/dict_0007_0175.uasset" 6530
"../../../Engine/Content/EngineMaterials/Substrate/Glints2/dict_0007_0167.uasset" 6531
"../../../Engine/Content/EngineMaterials/Substrate/Glints2/dict_0007_0169.uasset" 6532
"../../../Engine/Content/EngineMaterials/Substrate/Glints2/dict_0007_0171.uasset" 6533
"../../../Engine/Content/EngineMaterials/Substrate/Glints2/dict_0007_0166.uasset" 6534
"../../../Engine/Content/EngineMaterials/Substrate/Glints2/dict_0007_0172.uasset" 6535
"../../../Engine/Content/EngineMaterials/Substrate/Glints2/dict_0007_0168.uasset" 6536
"../../../Engine/Content/EngineMaterials/Substrate/Glints2/dict_0007_0173.uasset" 6537
"../../../Engine/Content/EngineMaterials/Substrate/Glints2/dict_0007_0170.uasset" 6538
"../../../Engine/Content/EngineMaterials/Substrate/Glints2/dict_0007_0174.uasset" 6539
"../../../Engine/Content/EngineMaterials/Substrate/Glints2/dict_0007_0164.uasset" 6540
"../../../Engine/Content/EngineMaterials/Substrate/Glints2/dict_0007_0162.uasset" 6541
"../../../Engine/Content/EngineMaterials/Substrate/Glints2/dict_0007_0165.uasset" 6542
"../../../Engine/Content/EngineMaterials/Substrate/Glints2/dict_0007_0163.uasset" 6543
"/Engine/EngineMaterials/Substrate/Glints2/dict_0007_0177" 6544
"/Engine/EngineMaterials/Substrate/Glints2/dict_0007_0178" 6545
"/Engine/EngineMaterials/Substrate/Glints2/dict_0007_0179" 6546
"/Engine/EngineMaterials/Substrate/Glints2/dict_0007_0180" 6547
"/Engine/EngineMaterials/Substrate/Glints2/dict_0007_0181" 6548
"/Engine/EngineMaterials/Substrate/Glints2/dict_0007_0182" 6549
"/Engine/EngineMaterials/Substrate/Glints2/dict_0007_0183" 6550
"/Engine/EngineMaterials/Substrate/Glints2/dict_0007_0184" 6551
"/Engine/EngineMaterials/Substrate/Glints2/dict_0007_0185" 6552
"/Engine/EngineMaterials/Substrate/Glints2/dict_0007_0186" 6553
"/Engine/EngineMaterials/Substrate/Glints2/dict_0007_0187" 6554
"/Engine/EngineMaterials/Substrate/Glints2/dict_0007_0188" 6555
"/Engine/EngineMaterials/Substrate/Glints2/dict_0007_0189" 6556
"/Engine/EngineMaterials/Substrate/Glints2/dict_0007_0190" 6557
"/Engine/EngineMaterials/Substrate/Glints2/dict_0007_0191" 6558
"/Engine/EngineMaterials/Substrate/Glints2/dict_0007_0192" 6559
"/Engine/EngineMaterials/Substrate/Glints2/dict_0007_0193" 6560
"../../../Engine/Content/EngineMaterials/Substrate/Glints2/dict_0007_0161.uasset" 6561
"/Engine/EngineMaterials/Substrate/Glints2/dict_0007_0162" 6562
"../../../Engine/Content/EngineMaterials/Substrate/Glints2/dict_0007_0157.uasset" 6563
"../../../Engine/Content/EngineMaterials/Substrate/Glints2/dict_0007_0154.uasset" 6564
"../../../Engine/Content/EngineMaterials/Substrate/Glints2/dict_0007_0159.uasset" 6565
"../../../Engine/Content/EngineMaterials/Substrate/Glints2/dict_0007_0158.uasset" 6566
"../../../Engine/Content/EngineMaterials/Substrate/Glints2/dict_0007_0160.uasset" 6567
"../../../Engine/Content/EngineMaterials/Substrate/Glints2/dict_0007_0153.uasset" 6568
"../../../Engine/Content/EngineMaterials/Substrate/Glints2/dict_0007_0152.uasset" 6569
"../../../Engine/Content/EngineMaterials/Substrate/Glints2/dict_0007_0150.uasset" 6570
"../../../Engine/Content/EngineMaterials/Substrate/Glints2/dict_0007_0155.uasset" 6571
"../../../Engine/Content/EngineMaterials/Substrate/Glints2/dict_0007_0151.uasset" 6572
"../../../Engine/Content/EngineMaterials/Substrate/Glints2/dict_0007_0156.uasset" 6573
"/Engine/EngineMaterials/Substrate/Glints2/dict_0007_0163" 6574
"../../../Engine/Content/EngineMaterials/Substrate/Glints2/dict_0007_0149.uasset" 6575
"../../../Engine/Content/EngineMaterials/Substrate/Glints2/dict_0007_0148.uasset" 6576
"/Engine/EngineMaterials/Substrate/Glints2/dict_0007_0164" 6577
"../../../Engine/Content/EngineMaterials/Substrate/Glints2/dict_0007_0147.uasset" 6578
"../../../Engine/Content/EngineMaterials/Substrate/Glints2/dict_0007_0146.uasset" 6579
"../../../Engine/Content/EngineMaterials/Substrate/Glints2/dict_0007_0144.uasset" 6580
"../../../Engine/Content/EngineMaterials/Substrate/Glints2/dict_0007_0145.uasset" 6581
"/Engine/EngineMaterials/Substrate/Glints2/dict_0007_0165" 6582
"/Engine/EngineMaterials/Substrate/Glints2/dict_0007_0166" 6583
"/Engine/EngineMaterials/Substrate/Glints2/dict_0007_0167" 6584
"/Engine/EngineMaterials/Substrate/Glints2/dict_0007_0168" 6585
"/Engine/EngineMaterials/Substrate/Glints2/dict_0007_0169" 6586
"/Engine/EngineMaterials/Substrate/Glints2/dict_0007_0170" 6587
"/Engine/EngineMaterials/Substrate/Glints2/dict_0007_0171" 6588
"/Engine/EngineMaterials/Substrate/Glints2/dict_0007_0172" 6589
"/Engine/EngineMaterials/Substrate/Glints2/dict_0007_0173" 6590
"/Engine/EngineMaterials/Substrate/Glints2/dict_0007_0174" 6591
"/Engine/EngineMaterials/Substrate/Glints2/dict_0007_0175" 6592
"/Engine/EngineMaterials/Substrate/Glints2/dict_0007_0144" 6593
"../../../Engine/Content/EngineMaterials/Substrate/Glints2/dict_0007_0143.uasset" 6594
"../../../Engine/Content/EngineMaterials/Substrate/Glints2/dict_0007_0134.uasset" 6595
"../../../Engine/Content/EngineMaterials/Substrate/Glints2/dict_0007_0135.uasset" 6596
"../../../Engine/Content/EngineMaterials/Substrate/Glints2/dict_0007_0138.uasset" 6597
"../../../Engine/Content/EngineMaterials/Substrate/Glints2/dict_0007_0140.uasset" 6598
"../../../Engine/Content/EngineMaterials/Substrate/Glints2/dict_0007_0142.uasset" 6599
"../../../Engine/Content/EngineMaterials/Substrate/Glints2/dict_0007_0139.uasset" 6600
"../../../Engine/Content/EngineMaterials/Substrate/Glints2/dict_0007_0136.uasset" 6601
"../../../Engine/Content/EngineMaterials/Substrate/Glints2/dict_0007_0137.uasset" 6602
"/Engine/EngineMaterials/Substrate/Glints2/dict_0007_0145" 6603
"../../../Engine/Content/EngineMaterials/Substrate/Glints2/dict_0007_0141.uasset" 6604
"../../../Engine/Content/EngineMaterials/Substrate/Glints2/dict_0007_0130.uasset" 6605
"../../../Engine/Content/EngineMaterials/Substrate/Glints2/dict_0007_0131.uasset" 6606
"../../../Engine/Content/EngineMaterials/Substrate/Glints2/dict_0007_0133.uasset" 6607
"/Engine/EngineMaterials/Substrate/Glints2/dict_0007_0146" 6608
"../../../Engine/Content/EngineMaterials/Substrate/Glints2/dict_0007_0132.uasset" 6609
"/Engine/EngineMaterials/Substrate/Glints2/dict_0007_0147" 6610
"/Engine/EngineMaterials/Substrate/Glints2/dict_0007_0148" 6611
"/Engine/EngineMaterials/Substrate/Glints2/dict_0007_0149" 6612
"/Engine/EngineMaterials/Substrate/Glints2/dict_0007_0150" 6613
"/Engine/EngineMaterials/Substrate/Glints2/dict_0007_0151" 6614
"/Engine/EngineMaterials/Substrate/Glints2/dict_0007_0152" 6615
"/Engine/EngineMaterials/Substrate/Glints2/dict_0007_0153" 6616
"/Engine/EngineMaterials/Substrate/Glints2/dict_0007_0154" 6617
"/Engine/EngineMaterials/Substrate/Glints2/dict_0007_0155" 6618
"/Engine/EngineMaterials/Substrate/Glints2/dict_0007_0156" 6619
"/Engine/EngineMaterials/Substrate/Glints2/dict_0007_0157" 6620
"/Engine/EngineMaterials/Substrate/Glints2/dict_0007_0158" 6621
"/Engine/EngineMaterials/Substrate/Glints2/dict_0007_0159" 6622
"/Engine/EngineMaterials/Substrate/Glints2/dict_0007_0160" 6623
"/Engine/EngineMaterials/Substrate/Glints2/dict_0007_0161" 6624
"/Engine/EngineMaterials/Substrate/Glints2/dict_0007_0130" 6625
"../../../Engine/Content/EngineMaterials/Substrate/Glints2/dict_0007_0123.uasset" 6626
"../../../Engine/Content/EngineMaterials/Substrate/Glints2/dict_0007_0129.uasset" 6627
"../../../Engine/Content/EngineMaterials/Substrate/Glints2/dict_0007_0128.uasset" 6628
"../../../Engine/Content/EngineMaterials/Substrate/Glints2/dict_0007_0126.uasset" 6629
"../../../Engine/Content/EngineMaterials/Substrate/Glints2/dict_0007_0119.uasset" 6630
"../../../Engine/Content/EngineMaterials/Substrate/Glints2/dict_0007_0125.uasset" 6631
"../../../Engine/Content/EngineMaterials/Substrate/Glints2/dict_0007_0121.uasset" 6632
"../../../Engine/Content/EngineMaterials/Substrate/Glints2/dict_0007_0127.uasset" 6633
"../../../Engine/Content/EngineMaterials/Substrate/Glints2/dict_0007_0124.uasset" 6634
"../../../Engine/Content/EngineMaterials/Substrate/Glints2/dict_0007_0117.uasset" 6635
"../../../Engine/Content/EngineMaterials/Substrate/Glints2/dict_0007_0122.uasset" 6636
"/Engine/EngineMaterials/Substrate/Glints2/dict_0007_0131" 6637
"../../../Engine/Content/EngineMaterials/Substrate/Glints2/dict_0007_0118.uasset" 6638
"../../../Engine/Content/EngineMaterials/Substrate/Glints2/dict_0007_0116.uasset" 6639
"../../../Engine/Content/EngineMaterials/Substrate/Glints2/dict_0007_0112.uasset" 6640
"../../../Engine/Content/EngineMaterials/Substrate/Glints2/dict_0007_0115.uasset" 6641
"../../../Engine/Content/EngineMaterials/Substrate/Glints2/dict_0007_0120.uasset" 6642
"../../../Engine/Content/EngineMaterials/Substrate/Glints2/dict_0007_0113.uasset" 6643
"/Engine/EngineMaterials/Substrate/Glints2/dict_0007_0132" 6644
"../../../Engine/Content/EngineMaterials/Substrate/Glints2/dict_0007_0114.uasset" 6645
"/Engine/EngineMaterials/Substrate/Glints2/dict_0007_0133" 6646
"/Engine/EngineMaterials/Substrate/Glints2/dict_0007_0134" 6647
"/Engine/EngineMaterials/Substrate/Glints2/dict_0007_0135" 6648
"/Engine/EngineMaterials/Substrate/Glints2/dict_0007_0136" 6649
"/Engine/EngineMaterials/Substrate/Glints2/dict_0007_0137" 6650
"/Engine/EngineMaterials/Substrate/Glints2/dict_0007_0138" 6651
"/Engine/EngineMaterials/Substrate/Glints2/dict_0007_0139" 6652
"/Engine/EngineMaterials/Substrate/Glints2/dict_0007_0140" 6653
"/Engine/EngineMaterials/Substrate/Glints2/dict_0007_0141" 6654
"/Engine/EngineMaterials/Substrate/Glints2/dict_0007_0142" 6655
"/Engine/EngineMaterials/Substrate/Glints2/dict_0007_0143" 6656
"/Engine/EngineMaterials/Substrate/Glints2/dict_0007_0112" 6657
"../../../Engine/Content/EngineMaterials/Substrate/Glints2/dict_0007_0111.uasset" 6658
"../../../Engine/Content/EngineMaterials/Substrate/Glints2/dict_0007_0110.uasset" 6659
"../../../Engine/Content/EngineMaterials/Substrate/Glints2/dict_0007_0106.uasset" 6660
"../../../Engine/Content/EngineMaterials/Substrate/Glints2/dict_0007_0103.uasset" 6661
"../../../Engine/Content/EngineMaterials/Substrate/Glints2/dict_0007_0109.uasset" 6662
"../../../Engine/Content/EngineMaterials/Substrate/Glints2/dict_0007_0102.uasset" 6663
"../../../Engine/Content/EngineMaterials/Substrate/Glints2/dict_0007_0105.uasset" 6664
"../../../Engine/Content/EngineMaterials/Substrate/Glints2/dict_0007_0104.uasset" 6665
"../../../Engine/Content/EngineMaterials/Substrate/Glints2/dict_0007_0107.uasset" 6666
"../../../Engine/Content/EngineMaterials/Substrate/Glints2/dict_0007_0099.uasset" 6667
"/Engine/EngineMaterials/Substrate/Glints2/dict_0007_0113" 6668
"../../../Engine/Content/EngineMaterials/Substrate/Glints2/dict_0007_0101.uasset" 6669
"../../../Engine/Content/EngineMaterials/Substrate/Glints2/dict_0007_0100.uasset" 6670
"../../../Engine/Content/EngineMaterials/Substrate/Glints2/dict_0007_0108.uasset" 6671
"/Engine/EngineMaterials/Substrate/Glints2/dict_0007_0114" 6672
"../../../Engine/Content/EngineMaterials/Substrate/Glints2/dict_0007_0098.uasset" 6673
"/Engine/EngineMaterials/Substrate/Glints2/dict_0007_0115" 6674
"/Engine/EngineMaterials/Substrate/Glints2/dict_0007_0116" 6675
"/Engine/EngineMaterials/Substrate/Glints2/dict_0007_0117" 6676
"/Engine/EngineMaterials/Substrate/Glints2/dict_0007_0118" 6677
"/Engine/EngineMaterials/Substrate/Glints2/dict_0007_0119" 6678
"/Engine/EngineMaterials/Substrate/Glints2/dict_0007_0120" 6679
"/Engine/EngineMaterials/Substrate/Glints2/dict_0007_0121" 6680
"/Engine/EngineMaterials/Substrate/Glints2/dict_0007_0122" 6681
"/Engine/EngineMaterials/Substrate/Glints2/dict_0007_0123" 6682
"/Engine/EngineMaterials/Substrate/Glints2/dict_0007_0124" 6683
"/Engine/EngineMaterials/Substrate/Glints2/dict_0007_0125" 6684
"/Engine/EngineMaterials/Substrate/Glints2/dict_0007_0126" 6685
"/Engine/EngineMaterials/Substrate/Glints2/dict_0007_0127" 6686
"/Engine/EngineMaterials/Substrate/Glints2/dict_0007_0128" 6687
"/Engine/EngineMaterials/Substrate/Glints2/dict_0007_0129" 6688
"../../../Engine/Content/EngineMaterials/Substrate/Glints2/dict_0007_0095.uasset" 6689
"../../../Engine/Content/EngineMaterials/Substrate/Glints2/dict_0007_0097.uasset" 6690
"/Engine/EngineMaterials/Substrate/Glints2/dict_0007_0098" 6691
"../../../Engine/Content/EngineMaterials/Substrate/Glints2/dict_0007_0091.uasset" 6692
"../../../Engine/Content/EngineMaterials/Substrate/Glints2/dict_0007_0089.uasset" 6693
"../../../Engine/Content/EngineMaterials/Substrate/Glints2/dict_0007_0096.uasset" 6694
"../../../Engine/Content/EngineMaterials/Substrate/Glints2/dict_0007_0090.uasset" 6695
"../../../Engine/Content/EngineMaterials/Substrate/Glints2/dict_0007_0094.uasset" 6696
"../../../Engine/Content/EngineMaterials/Substrate/Glints2/dict_0007_0092.uasset" 6697
"../../../Engine/Content/EngineMaterials/Substrate/Glints2/dict_0007_0088.uasset" 6698
"../../../Engine/Content/EngineMaterials/Substrate/Glints2/dict_0007_0085.uasset" 6699
"../../../Engine/Content/EngineMaterials/Substrate/Glints2/dict_0007_0093.uasset" 6700
"../../../Engine/Content/EngineMaterials/Substrate/Glints2/dict_0007_0086.uasset" 6701
"../../../Engine/Content/EngineMaterials/Substrate/Glints2/dict_0007_0084.uasset" 6702
"../../../Engine/Content/EngineMaterials/Substrate/Glints2/dict_0007_0082.uasset" 6703
"../../../Engine/Content/EngineMaterials/Substrate/Glints2/dict_0007_0083.uasset" 6704
"../../../Engine/Content/EngineMaterials/Substrate/Glints2/dict_0007_0080.uasset" 6705
"../../../Engine/Content/EngineMaterials/Substrate/Glints2/dict_0007_0081.uasset" 6706
"/Engine/EngineMaterials/Substrate/Glints2/dict_0007_0099" 6707
"../../../Engine/Content/EngineMaterials/Substrate/Glints2/dict_0007_0087.uasset" 6708
"/Engine/EngineMaterials/Substrate/Glints2/dict_0007_0100" 6709
"/Engine/EngineMaterials/Substrate/Glints2/dict_0007_0101" 6710
"/Engine/EngineMaterials/Substrate/Glints2/dict_0007_0102" 6711
"/Engine/EngineMaterials/Substrate/Glints2/dict_0007_0103" 6712
"/Engine/EngineMaterials/Substrate/Glints2/dict_0007_0104" 6713
"/Engine/EngineMaterials/Substrate/Glints2/dict_0007_0105" 6714
"/Engine/EngineMaterials/Substrate/Glints2/dict_0007_0106" 6715
"/Engine/EngineMaterials/Substrate/Glints2/dict_0007_0107" 6716
"/Engine/EngineMaterials/Substrate/Glints2/dict_0007_0108" 6717
"/Engine/EngineMaterials/Substrate/Glints2/dict_0007_0109" 6718
"/Engine/EngineMaterials/Substrate/Glints2/dict_0007_0110" 6719
"/Engine/EngineMaterials/Substrate/Glints2/dict_0007_0111" 6720
"/Engine/EngineMaterials/Substrate/Glints2/dict_0007_0080" 6721
"../../../Engine/Content/EngineMaterials/Substrate/Glints2/dict_0007_0075.uasset" 6722
"../../../Engine/Content/EngineMaterials/Substrate/Glints2/dict_0007_0076.uasset" 6723
"../../../Engine/Content/EngineMaterials/Substrate/Glints2/dict_0007_0079.uasset" 6724
"../../../Engine/Content/EngineMaterials/Substrate/Glints2/dict_0007_0073.uasset" 6725
"../../../Engine/Content/EngineMaterials/Substrate/Glints2/dict_0007_0066.uasset" 6726
"../../../Engine/Content/EngineMaterials/Substrate/Glints2/dict_0007_0072.uasset" 6727
"../../../Engine/Content/EngineMaterials/Substrate/Glints2/dict_0007_0068.uasset" 6728
"../../../Engine/Content/EngineMaterials/Substrate/Glints2/dict_0007_0078.uasset" 6729
"../../../Engine/Content/EngineMaterials/Substrate/Glints2/dict_0007_0071.uasset" 6730
"/Engine/EngineMaterials/Substrate/Glints2/dict_0007_0081" 6731
"../../../Engine/Content/EngineMaterials/Substrate/Glints2/dict_0007_0067.uasset" 6732
"../../../Engine/Content/EngineMaterials/Substrate/Glints2/dict_0007_0070.uasset" 6733
"../../../Engine/Content/EngineMaterials/Substrate/Glints2/dict_0007_0077.uasset" 6734
"../../../Engine/Content/EngineMaterials/Substrate/Glints2/dict_0007_0069.uasset" 6735
"../../../Engine/Content/EngineMaterials/Substrate/Glints2/dict_0007_0074.uasset" 6736
"/Engine/EngineMaterials/Substrate/Glints2/dict_0007_0082" 6737
"/Engine/EngineMaterials/Substrate/Glints2/dict_0007_0083" 6738
"/Engine/EngineMaterials/Substrate/Glints2/dict_0007_0084" 6739
"/Engine/EngineMaterials/Substrate/Glints2/dict_0007_0085" 6740
"/Engine/EngineMaterials/Substrate/Glints2/dict_0007_0086" 6741
"/Engine/EngineMaterials/Substrate/Glints2/dict_0007_0087" 6742
"/Engine/EngineMaterials/Substrate/Glints2/dict_0007_0088" 6743
"/Engine/EngineMaterials/Substrate/Glints2/dict_0007_0089" 6744
"/Engine/EngineMaterials/Substrate/Glints2/dict_0007_0090" 6745
"/Engine/EngineMaterials/Substrate/Glints2/dict_0007_0091" 6746
"/Engine/EngineMaterials/Substrate/Glints2/dict_0007_0092" 6747
"/Engine/EngineMaterials/Substrate/Glints2/dict_0007_0093" 6748
"/Engine/EngineMaterials/Substrate/Glints2/dict_0007_0094" 6749
"/Engine/EngineMaterials/Substrate/Glints2/dict_0007_0095" 6750
"/Engine/EngineMaterials/Substrate/Glints2/dict_0007_0096" 6751
"/Engine/EngineMaterials/Substrate/Glints2/dict_0007_0097" 6752
"/Engine/EngineMaterials/Substrate/Glints2/dict_0007_0066" 6753
"../../../Engine/Content/EngineMaterials/Substrate/Glints2/dict_0007_0065.uasset" 6754
"../../../Engine/Content/EngineMaterials/Substrate/Glints2/dict_0007_0059.uasset" 6755
"../../../Engine/Content/EngineMaterials/Substrate/Glints2/dict_0007_0063.uasset" 6756
"../../../Engine/Content/EngineMaterials/Substrate/Glints2/dict_0007_0056.uasset" 6757
"../../../Engine/Content/EngineMaterials/Substrate/Glints2/dict_0007_0060.uasset" 6758
"../../../Engine/Content/EngineMaterials/Substrate/Glints2/dict_0007_0058.uasset" 6759
"../../../Engine/Content/EngineMaterials/Substrate/Glints2/dict_0007_0054.uasset" 6760
"../../../Engine/Content/EngineMaterials/Substrate/Glints2/dict_0007_0053.uasset" 6761
"../../../Engine/Content/EngineMaterials/Substrate/Glints2/dict_0007_0052.uasset" 6762
"../../../Engine/Content/EngineMaterials/Substrate/Glints2/dict_0007_0057.uasset" 6763
"../../../Engine/Content/EngineMaterials/Substrate/Glints2/dict_0007_0055.uasset" 6764
"../../../Engine/Content/EngineMaterials/Substrate/Glints2/dict_0007_0061.uasset" 6765
"/Engine/EngineMaterials/Substrate/Glints2/dict_0007_0067" 6766
"../../../Engine/Content/EngineMaterials/Substrate/Glints2/dict_0007_0062.uasset" 6767
"../../../Engine/Content/EngineMaterials/Substrate/Glints2/dict_0007_0048.uasset" 6768
"../../../Engine/Content/EngineMaterials/Substrate/Glints2/dict_0007_0050.uasset" 6769
"../../../Engine/Content/EngineMaterials/Substrate/Glints2/dict_0007_0064.uasset" 6770
"../../../Engine/Content/EngineMaterials/Substrate/Glints2/dict_0007_0051.uasset" 6771
"../../../Engine/Content/EngineMaterials/Substrate/Glints2/dict_0007_0049.uasset" 6772
"/Engine/EngineMaterials/Substrate/Glints2/dict_0007_0068" 6773
"/Engine/EngineMaterials/Substrate/Glints2/dict_0007_0069" 6774
"/Engine/EngineMaterials/Substrate/Glints2/dict_0007_0070" 6775
"/Engine/EngineMaterials/Substrate/Glints2/dict_0007_0071" 6776
"/Engine/EngineMaterials/Substrate/Glints2/dict_0007_0072" 6777
"/Engine/EngineMaterials/Substrate/Glints2/dict_0007_0073" 6778
"/Engine/EngineMaterials/Substrate/Glints2/dict_0007_0074" 6779
"/Engine/EngineMaterials/Substrate/Glints2/dict_0007_0075" 6780
"/Engine/EngineMaterials/Substrate/Glints2/dict_0007_0076" 6781
"/Engine/EngineMaterials/Substrate/Glints2/dict_0007_0077" 6782
"/Engine/EngineMaterials/Substrate/Glints2/dict_0007_0078" 6783
"/Engine/EngineMaterials/Substrate/Glints2/dict_0007_0079" 6784
"/Engine/EngineMaterials/Substrate/Glints2/dict_0007_0048" 6785
"../../../Engine/Content/EngineMaterials/Substrate/Glints2/dict_0007_0039.uasset" 6786
"../../../Engine/Content/EngineMaterials/Substrate/Glints2/dict_0007_0042.uasset" 6787
"../../../Engine/Content/EngineMaterials/Substrate/Glints2/dict_0007_0040.uasset" 6788
"../../../Engine/Content/EngineMaterials/Substrate/Glints2/dict_0007_0041.uasset" 6789
"../../../Engine/Content/EngineMaterials/Substrate/Glints2/dict_0007_0038.uasset" 6790
"../../../Engine/Content/EngineMaterials/Substrate/Glints2/dict_0007_0037.uasset" 6791
"../../../Engine/Content/EngineMaterials/Substrate/Glints2/dict_0007_0045.uasset" 6792
"../../../Engine/Content/EngineMaterials/Substrate/Glints2/dict_0007_0044.uasset" 6793
"../../../Engine/Content/EngineMaterials/Substrate/Glints2/dict_0007_0043.uasset" 6794
"../../../Engine/Content/EngineMaterials/Substrate/Glints2/dict_0007_0047.uasset" 6795
"../../../Engine/Content/EngineMaterials/Substrate/Glints2/dict_0007_0036.uasset" 6796
"../../../Engine/Content/EngineMaterials/Substrate/Glints2/dict_0007_0034.uasset" 6797
"../../../Engine/Content/EngineMaterials/Substrate/Glints2/dict_0007_0035.uasset" 6798
"../../../Engine/Content/EngineMaterials/Substrate/Glints2/dict_0007_0046.uasset" 6799
"/Engine/EngineMaterials/Substrate/Glints2/dict_0007_0049" 6800
"/Engine/EngineMaterials/Substrate/Glints2/dict_0007_0050" 6801
"/Engine/EngineMaterials/Substrate/Glints2/dict_0007_0051" 6802
"/Engine/EngineMaterials/Substrate/Glints2/dict_0007_0052" 6803
"/Engine/EngineMaterials/Substrate/Glints2/dict_0007_0053" 6804
"/Engine/EngineMaterials/Substrate/Glints2/dict_0007_0054" 6805
"/Engine/EngineMaterials/Substrate/Glints2/dict_0007_0055" 6806
"/Engine/EngineMaterials/Substrate/Glints2/dict_0007_0056" 6807
"/Engine/EngineMaterials/Substrate/Glints2/dict_0007_0057" 6808
"/Engine/EngineMaterials/Substrate/Glints2/dict_0007_0058" 6809
"/Engine/EngineMaterials/Substrate/Glints2/dict_0007_0059" 6810
"/Engine/EngineMaterials/Substrate/Glints2/dict_0007_0060" 6811
"/Engine/EngineMaterials/Substrate/Glints2/dict_0007_0061" 6812
"/Engine/EngineMaterials/Substrate/Glints2/dict_0007_0062" 6813
"/Engine/EngineMaterials/Substrate/Glints2/dict_0007_0063" 6814
"/Engine/EngineMaterials/Substrate/Glints2/dict_0007_0064" 6815
"/Engine/EngineMaterials/Substrate/Glints2/dict_0007_0065" 6816
"/Engine/EngineMaterials/Substrate/Glints2/dict_0007_0034" 6817
"../../../Engine/Content/EngineMaterials/Substrate/Glints2/dict_0007_0024.uasset" 6818
"../../../Engine/Content/EngineMaterials/Substrate/Glints2/dict_0007_0028.uasset" 6819
"../../../Engine/Content/EngineMaterials/Substrate/Glints2/dict_0007_0026.uasset" 6820
"../../../Engine/Content/EngineMaterials/Substrate/Glints2/dict_0007_0030.uasset" 6821
"../../../Engine/Content/EngineMaterials/Substrate/Glints2/dict_0007_0022.uasset" 6822
"../../../Engine/Content/EngineMaterials/Substrate/Glints2/dict_0007_0029.uasset" 6823
"../../../Engine/Content/EngineMaterials/Substrate/Glints2/dict_0007_0027.uasset" 6824
"../../../Engine/Content/EngineMaterials/Substrate/Glints2/dict_0007_0025.uasset" 6825
"../../../Engine/Content/EngineMaterials/Substrate/Glints2/dict_0007_0023.uasset" 6826
"../../../Engine/Content/EngineMaterials/Substrate/Glints2/dict_0007_0033.uasset" 6827
"../../../Engine/Content/EngineMaterials/Substrate/Glints2/dict_0007_0020.uasset" 6828
"../../../Engine/Content/EngineMaterials/Substrate/Glints2/dict_0007_0031.uasset" 6829
"../../../Engine/Content/EngineMaterials/Substrate/Glints2/dict_0007_0032.uasset" 6830
"../../../Engine/Content/EngineMaterials/Substrate/Glints2/dict_0007_0021.uasset" 6831
"/Engine/EngineMaterials/Substrate/Glints2/dict_0007_0035" 6832
"../../../Engine/Content/EngineMaterials/Substrate/Glints2/dict_0007_0019.uasset" 6833
"../../../Engine/Content/EngineMaterials/Substrate/Glints2/dict_0007_0018.uasset" 6834
"../../../Engine/Content/EngineMaterials/Substrate/Glints2/dict_0007_0016.uasset" 6835
"../../../Engine/Content/EngineMaterials/Substrate/Glints2/dict_0007_0017.uasset" 6836
"/Engine/EngineMaterials/Substrate/Glints2/dict_0007_0036" 6837
"/Engine/EngineMaterials/Substrate/Glints2/dict_0007_0037" 6838
"/Engine/EngineMaterials/Substrate/Glints2/dict_0007_0038" 6839
"/Engine/EngineMaterials/Substrate/Glints2/dict_0007_0039" 6840
"/Engine/EngineMaterials/Substrate/Glints2/dict_0007_0040" 6841
"/Engine/EngineMaterials/Substrate/Glints2/dict_0007_0041" 6842
"/Engine/EngineMaterials/Substrate/Glints2/dict_0007_0042" 6843
"/Engine/EngineMaterials/Substrate/Glints2/dict_0007_0043" 6844
"/Engine/EngineMaterials/Substrate/Glints2/dict_0007_0044" 6845
"/Engine/EngineMaterials/Substrate/Glints2/dict_0007_0045" 6846
"/Engine/EngineMaterials/Substrate/Glints2/dict_0007_0046" 6847
"/Engine/EngineMaterials/Substrate/Glints2/dict_0007_0047" 6848
"/Engine/EngineMaterials/Substrate/Glints2/dict_0007_0016" 6849
"../../../Engine/Content/EngineMaterials/Substrate/Glints2/dict_0007_0015.uasset" 6850
"../../../Engine/Content/EngineMaterials/Substrate/Glints2/dict_0007_0014.uasset" 6851
"../../../Engine/Content/EngineMaterials/Substrate/Glints2/dict_0007_0010.uasset" 6852
"../../../Engine/Content/EngineMaterials/Substrate/Glints2/dict_0007_0008.uasset" 6853
"../../../Engine/Content/EngineMaterials/Substrate/Glints2/dict_0007_0009.uasset" 6854
"../../../Engine/Content/EngineMaterials/Substrate/Glints2/dict_0007_0012.uasset" 6855
"../../../Engine/Content/EngineMaterials/Substrate/Glints2/dict_0007_0011.uasset" 6856
"../../../Engine/Content/EngineMaterials/Substrate/Glints2/dict_0007_0006.uasset" 6857
"../../../Engine/Content/EngineMaterials/Substrate/Glints2/dict_0007_0013.uasset" 6858
"../../../Engine/Content/EngineMaterials/Substrate/Glints2/dict_0007_0007.uasset" 6859
"/Engine/EngineMaterials/Substrate/Glints2/dict_0007_0017" 6860
"../../../Engine/Content/EngineMaterials/Substrate/Glints2/dict_0007_0004.uasset" 6861
"../../../Engine/Content/EngineMaterials/Substrate/Glints2/dict_0007_0003.uasset" 6862
"../../../Engine/Content/EngineMaterials/Substrate/Glints2/dict_0007_0005.uasset" 6863
"../../../Engine/Content/EngineMaterials/Substrate/Glints2/dict_0007_0002.uasset" 6864
"/Engine/EngineMaterials/Substrate/Glints2/dict_0007_0018" 6865
"/Engine/EngineMaterials/Substrate/Glints2/dict_0007_0019" 6866
"/Engine/EngineMaterials/Substrate/Glints2/dict_0007_0020" 6867
"/Engine/EngineMaterials/Substrate/Glints2/dict_0007_0021" 6868
"/Engine/EngineMaterials/Substrate/Glints2/dict_0007_0022" 6869
"/Engine/EngineMaterials/Substrate/Glints2/dict_0007_0023" 6870
"/Engine/EngineMaterials/Substrate/Glints2/dict_0007_0024" 6871
"/Engine/EngineMaterials/Substrate/Glints2/dict_0007_0025" 6872
"/Engine/EngineMaterials/Substrate/Glints2/dict_0007_0026" 6873
"/Engine/EngineMaterials/Substrate/Glints2/dict_0007_0027" 6874
"/Engine/EngineMaterials/Substrate/Glints2/dict_0007_0028" 6875
"/Engine/EngineMaterials/Substrate/Glints2/dict_0007_0029" 6876
"/Engine/EngineMaterials/Substrate/Glints2/dict_0007_0030" 6877
"/Engine/EngineMaterials/Substrate/Glints2/dict_0007_0031" 6878
"/Engine/EngineMaterials/Substrate/Glints2/dict_0007_0032" 6879
"/Engine/EngineMaterials/Substrate/Glints2/dict_0007_0033" 6880
"/Engine/EngineMaterials/Substrate/Glints2/dict_0007_0002" 6881
"../../../Engine/Content/EngineMaterials/Substrate/Glints2/dict_0007_0001.uasset" 6882
"../../../Engine/Content/EngineMaterials/Substrate/Glints2/dict_0006_0252.uasset" 6883
"../../../Engine/Content/EngineMaterials/Substrate/Glints2/dict_0006_0254.uasset" 6884
"../../../Engine/Content/EngineMaterials/Substrate/Glints2/dict_0006_0248.uasset" 6885
"../../../Engine/Content/EngineMaterials/Substrate/Glints2/dict_0006_0246.uasset" 6886
"../../../Engine/Content/EngineMaterials/Substrate/Glints2/dict_0006_0245.uasset" 6887
"../../../Engine/Content/EngineMaterials/Substrate/Glints2/dict_0006_0250.uasset" 6888
"../../../Engine/Content/EngineMaterials/Substrate/Glints2/dict_0007_0000.uasset" 6889
"../../../Engine/Content/EngineMaterials/Substrate/Glints2/dict_0006_0251.uasset" 6890
"../../../Engine/Content/EngineMaterials/Substrate/Glints2/dict_0006_0244.uasset" 6891
"../../../Engine/Content/EngineMaterials/Substrate/Glints2/dict_0006_0247.uasset" 6892
"../../../Engine/Content/EngineMaterials/Substrate/Glints2/dict_0006_0253.uasset" 6893
"../../../Engine/Content/EngineMaterials/Substrate/Glints2/dict_0006_0255.uasset" 6894
"../../../Engine/Content/EngineMaterials/Substrate/Glints2/dict_0006_0249.uasset" 6895
"/Engine/EngineMaterials/Substrate/Glints2/dict_0007_0003" 6896
"../../../Engine/Content/EngineMaterials/Substrate/Glints2/dict_0006_0242.uasset" 6897
"../../../Engine/Content/EngineMaterials/Substrate/Glints2/dict_0006_0241.uasset" 6898
"../../../Engine/Content/EngineMaterials/Substrate/Glints2/dict_0006_0243.uasset" 6899
"../../../Engine/Content/EngineMaterials/Substrate/Glints2/dict_0006_0240.uasset" 6900
"/Engine/EngineMaterials/Substrate/Glints2/dict_0007_0004" 6901
"/Engine/EngineMaterials/Substrate/Glints2/dict_0007_0005" 6902
"/Engine/EngineMaterials/Substrate/Glints2/dict_0007_0006" 6903
"/Engine/EngineMaterials/Substrate/Glints2/dict_0007_0007" 6904
"/Engine/EngineMaterials/Substrate/Glints2/dict_0007_0008" 6905
"/Engine/EngineMaterials/Substrate/Glints2/dict_0007_0009" 6906
"/Engine/EngineMaterials/Substrate/Glints2/dict_0007_0010" 6907
"/Engine/EngineMaterials/Substrate/Glints2/dict_0007_0011" 6908
"/Engine/EngineMaterials/Substrate/Glints2/dict_0007_0012" 6909
"/Engine/EngineMaterials/Substrate/Glints2/dict_0007_0013" 6910
"/Engine/EngineMaterials/Substrate/Glints2/dict_0007_0014" 6911
"/Engine/EngineMaterials/Substrate/Glints2/dict_0007_0015" 6912
"/Engine/EngineMaterials/Substrate/Glints2/dict_0006_0240" 6913
"../../../Engine/Content/EngineMaterials/Substrate/Glints2/dict_0006_0230.uasset" 6914
"../../../Engine/Content/EngineMaterials/Substrate/Glints2/dict_0006_0234.uasset" 6915
"../../../Engine/Content/EngineMaterials/Substrate/Glints2/dict_0006_0233.uasset" 6916
"../../../Engine/Content/EngineMaterials/Substrate/Glints2/dict_0006_0231.uasset" 6917
"../../../Engine/Content/EngineMaterials/Substrate/Glints2/dict_0006_0237.uasset" 6918
"../../../Engine/Content/EngineMaterials/Substrate/Glints2/dict_0006_0238.uasset" 6919
"../../../Engine/Content/EngineMaterials/Substrate/Glints2/dict_0006_0239.uasset" 6920
"../../../Engine/Content/EngineMaterials/Substrate/Glints2/dict_0006_0236.uasset" 6921
"../../../Engine/Content/EngineMaterials/Substrate/Glints2/dict_0006_0227.uasset" 6922
"../../../Engine/Content/EngineMaterials/Substrate/Glints2/dict_0006_0235.uasset" 6923
"../../../Engine/Content/EngineMaterials/Substrate/Glints2/dict_0006_0226.uasset" 6924
"../../../Engine/Content/EngineMaterials/Substrate/Glints2/dict_0006_0232.uasset" 6925
"../../../Engine/Content/EngineMaterials/Substrate/Glints2/dict_0006_0229.uasset" 6926
"../../../Engine/Content/EngineMaterials/Substrate/Glints2/dict_0006_0228.uasset" 6927
"/Engine/EngineMaterials/Substrate/Glints2/dict_0006_0241" 6928
"/Engine/EngineMaterials/Substrate/Glints2/dict_0006_0242" 6929
"/Engine/EngineMaterials/Substrate/Glints2/dict_0006_0243" 6930
"/Engine/EngineMaterials/Substrate/Glints2/dict_0006_0244" 6931
"/Engine/EngineMaterials/Substrate/Glints2/dict_0006_0245" 6932
"/Engine/EngineMaterials/Substrate/Glints2/dict_0006_0246" 6933
"/Engine/EngineMaterials/Substrate/Glints2/dict_0006_0247" 6934
"/Engine/EngineMaterials/Substrate/Glints2/dict_0006_0248" 6935
"/Engine/EngineMaterials/Substrate/Glints2/dict_0006_0249" 6936
"/Engine/EngineMaterials/Substrate/Glints2/dict_0006_0250" 6937
"/Engine/EngineMaterials/Substrate/Glints2/dict_0006_0251" 6938
"/Engine/EngineMaterials/Substrate/Glints2/dict_0006_0252" 6939
"/Engine/EngineMaterials/Substrate/Glints2/dict_0006_0253" 6940
"/Engine/EngineMaterials/Substrate/Glints2/dict_0006_0254" 6941
"/Engine/EngineMaterials/Substrate/Glints2/dict_0006_0255" 6942
"/Engine/EngineMaterials/Substrate/Glints2/dict_0007_0000" 6943
"/Engine/EngineMaterials/Substrate/Glints2/dict_0007_0001" 6944
"/Engine/EngineMaterials/Substrate/Glints2/dict_0006_0226" 6945
"../../../Engine/Content/EngineMaterials/Substrate/Glints2/dict_0006_0225.uasset" 6946
"../../../Engine/Content/EngineMaterials/Substrate/Glints2/dict_0006_0224.uasset" 6947
"../../../Engine/Content/EngineMaterials/Substrate/Glints2/dict_0006_0222.uasset" 6948
"../../../Engine/Content/EngineMaterials/Substrate/Glints2/dict_0006_0220.uasset" 6949
"../../../Engine/Content/EngineMaterials/Substrate/Glints2/dict_0006_0223.uasset" 6950
"../../../Engine/Content/EngineMaterials/Substrate/Glints2/dict_0006_0218.uasset" 6951
"../../../Engine/Content/EngineMaterials/Substrate/Glints2/dict_0006_0216.uasset" 6952
"../../../Engine/Content/EngineMaterials/Substrate/Glints2/dict_0006_0215.uasset" 6953
"../../../Engine/Content/EngineMaterials/Substrate/Glints2/dict_0006_0219.uasset" 6954
"../../../Engine/Content/EngineMaterials/Substrate/Glints2/dict_0006_0212.uasset" 6955
"../../../Engine/Content/EngineMaterials/Substrate/Glints2/dict_0006_0214.uasset" 6956
"../../../Engine/Content/EngineMaterials/Substrate/Glints2/dict_0006_0217.uasset" 6957
"../../../Engine/Content/EngineMaterials/Substrate/Glints2/dict_0006_0221.uasset" 6958
"../../../Engine/Content/EngineMaterials/Substrate/Glints2/dict_0006_0213.uasset" 6959
"../../../Engine/Content/EngineMaterials/Substrate/Glints2/dict_0006_0210.uasset" 6960
"../../../Engine/Content/EngineMaterials/Substrate/Glints2/dict_0006_0211.uasset" 6961
"../../../Engine/Content/EngineMaterials/Substrate/Glints2/dict_0006_0209.uasset" 6962
"../../../Engine/Content/EngineMaterials/Substrate/Glints2/dict_0006_0208.uasset" 6963
"/Engine/EngineMaterials/Substrate/Glints2/dict_0006_0227" 6964
"/Engine/EngineMaterials/Substrate/Glints2/dict_0006_0228" 6965
"/Engine/EngineMaterials/Substrate/Glints2/dict_0006_0229" 6966
"/Engine/EngineMaterials/Substrate/Glints2/dict_0006_0230" 6967
"/Engine/EngineMaterials/Substrate/Glints2/dict_0006_0231" 6968
"/Engine/EngineMaterials/Substrate/Glints2/dict_0006_0232" 6969
"/Engine/EngineMaterials/Substrate/Glints2/dict_0006_0233" 6970
"/Engine/EngineMaterials/Substrate/Glints2/dict_0006_0234" 6971
"/Engine/EngineMaterials/Substrate/Glints2/dict_0006_0235" 6972
"/Engine/EngineMaterials/Substrate/Glints2/dict_0006_0236" 6973
"/Engine/EngineMaterials/Substrate/Glints2/dict_0006_0237" 6974
"/Engine/EngineMaterials/Substrate/Glints2/dict_0006_0238" 6975
"/Engine/EngineMaterials/Substrate/Glints2/dict_0006_0239" 6976
"../../../Engine/Content/EngineMaterials/Substrate/Glints2/dict_0006_0207.uasset" 6977
"../../../Engine/Content/EngineMaterials/Substrate/Glints2/dict_0006_0205.uasset" 6978
"../../../Engine/Content/EngineMaterials/Substrate/Glints2/dict_0006_0204.uasset" 6979
"/Engine/EngineMaterials/Substrate/Glints2/dict_0006_0208" 6980
"../../../Engine/Content/EngineMaterials/Substrate/Glints2/dict_0006_0203.uasset" 6981
"../../../Engine/Content/EngineMaterials/Substrate/Glints2/dict_0006_0206.uasset" 6982
"../../../Engine/Content/EngineMaterials/Substrate/Glints2/dict_0006_0200.uasset" 6983
"../../../Engine/Content/EngineMaterials/Substrate/Glints2/dict_0006_0199.uasset" 6984
"../../../Engine/Content/EngineMaterials/Substrate/Glints2/dict_0006_0198.uasset" 6985
"/Engine/EngineMaterials/Substrate/Glints2/dict_0006_0209" 6986
"/Engine/EngineMaterials/Substrate/Glints2/dict_0006_0210" 6987
"/Engine/EngineMaterials/Substrate/Glints2/dict_0006_0211" 6988
"/Engine/EngineMaterials/Substrate/Glints2/dict_0006_0212" 6989
"/Engine/EngineMaterials/Substrate/Glints2/dict_0006_0213" 6990
"/Engine/EngineMaterials/Substrate/Glints2/dict_0006_0214" 6991
"../../../Engine/Content/EngineMaterials/Substrate/Glints2/dict_0006_0201.uasset" 6992
"../../../Engine/Content/EngineMaterials/Substrate/Glints2/dict_0006_0202.uasset" 6993
"/Engine/EngineMaterials/Substrate/Glints2/dict_0006_0215" 6994
"../../../Engine/Content/EngineMaterials/Substrate/Glints2/dict_0006_0197.uasset" 6995
"../../../Engine/Content/EngineMaterials/Substrate/Glints2/dict_0006_0195.uasset" 6996
"../../../Engine/Content/EngineMaterials/Substrate/Glints2/dict_0006_0196.uasset" 6997
"../../../Engine/Content/EngineMaterials/Substrate/Glints2/dict_0006_0194.uasset" 6998
"/Engine/EngineMaterials/Substrate/Glints2/dict_0006_0216" 6999
"/Engine/EngineMaterials/Substrate/Glints2/dict_0006_0217" 7000
"/Engine/EngineMaterials/Substrate/Glints2/dict_0006_0218" 7001
"/Engine/EngineMaterials/Substrate/Glints2/dict_0006_0219" 7002
"/Engine/EngineMaterials/Substrate/Glints2/dict_0006_0220" 7003
"/Engine/EngineMaterials/Substrate/Glints2/dict_0006_0221" 7004
"/Engine/EngineMaterials/Substrate/Glints2/dict_0006_0222" 7005
"/Engine/EngineMaterials/Substrate/Glints2/dict_0006_0223" 7006
"/Engine/EngineMaterials/Substrate/Glints2/dict_0006_0224" 7007
"/Engine/EngineMaterials/Substrate/Glints2/dict_0006_0225" 7008
"/Engine/EngineMaterials/Substrate/Glints2/dict_0006_0194" 7009
"../../../Engine/Content/EngineMaterials/Substrate/Glints2/dict_0006_0193.uasset" 7010
"../../../Engine/Content/EngineMaterials/Substrate/Glints2/dict_0006_0190.uasset" 7011
"../../../Engine/Content/EngineMaterials/Substrate/Glints2/dict_0006_0189.uasset" 7012
"../../../Engine/Content/EngineMaterials/Substrate/Glints2/dict_0006_0187.uasset" 7013
"../../../Engine/Content/EngineMaterials/Substrate/Glints2/dict_0006_0191.uasset" 7014
"../../../Engine/Content/EngineMaterials/Substrate/Glints2/dict_0006_0188.uasset" 7015
"../../../Engine/Content/EngineMaterials/Substrate/Glints2/dict_0006_0192.uasset" 7016
"../../../Engine/Content/EngineMaterials/Substrate/Glints2/dict_0006_0185.uasset" 7017
"../../../Engine/Content/EngineMaterials/Substrate/Glints2/dict_0006_0183.uasset" 7018
"../../../Engine/Content/EngineMaterials/Substrate/Glints2/dict_0006_0182.uasset" 7019
"../../../Engine/Content/EngineMaterials/Substrate/Glints2/dict_0006_0186.uasset" 7020
"../../../Engine/Content/EngineMaterials/Substrate/Glints2/dict_0006_0180.uasset" 7021
"../../../Engine/Content/EngineMaterials/Substrate/Glints2/dict_0006_0184.uasset" 7022
"/Engine/EngineMaterials/Substrate/Glints2/dict_0006_0195" 7023
"../../../Engine/Content/EngineMaterials/Substrate/Glints2/dict_0006_0176.uasset" 7024
"../../../Engine/Content/EngineMaterials/Substrate/Glints2/dict_0006_0179.uasset" 7025
"../../../Engine/Content/EngineMaterials/Substrate/Glints2/dict_0006_0181.uasset" 7026
"../../../Engine/Content/EngineMaterials/Substrate/Glints2/dict_0006_0177.uasset" 7027
"../../../Engine/Content/EngineMaterials/Substrate/Glints2/dict_0006_0178.uasset" 7028
"/Engine/EngineMaterials/Substrate/Glints2/dict_0006_0196" 7029
"/Engine/EngineMaterials/Substrate/Glints2/dict_0006_0197" 7030
"/Engine/EngineMaterials/Substrate/Glints2/dict_0006_0198" 7031
"/Engine/EngineMaterials/Substrate/Glints2/dict_0006_0199" 7032
"/Engine/EngineMaterials/Substrate/Glints2/dict_0006_0200" 7033
"/Engine/EngineMaterials/Substrate/Glints2/dict_0006_0201" 7034
"/Engine/EngineMaterials/Substrate/Glints2/dict_0006_0202" 7035
"/Engine/EngineMaterials/Substrate/Glints2/dict_0006_0203" 7036
"/Engine/EngineMaterials/Substrate/Glints2/dict_0006_0204" 7037
"/Engine/EngineMaterials/Substrate/Glints2/dict_0006_0205" 7038
"/Engine/EngineMaterials/Substrate/Glints2/dict_0006_0206" 7039
"/Engine/EngineMaterials/Substrate/Glints2/dict_0006_0207" 7040
"/Engine/EngineMaterials/Substrate/Glints2/dict_0006_0176" 7041
"../../../Engine/Content/EngineMaterials/Substrate/Glints2/dict_0006_0169.uasset" 7042
"../../../Engine/Content/EngineMaterials/Substrate/Glints2/dict_0006_0166.uasset" 7043
"../../../Engine/Content/EngineMaterials/Substrate/Glints2/dict_0006_0168.uasset" 7044
"../../../Engine/Content/EngineMaterials/Substrate/Glints2/dict_0006_0175.uasset" 7045
"../../../Engine/Content/EngineMaterials/Substrate/Glints2/dict_0006_0163.uasset" 7046
"../../../Engine/Content/EngineMaterials/Substrate/Glints2/dict_0006_0164.uasset" 7047
"../../../Engine/Content/EngineMaterials/Substrate/Glints2/dict_0006_0174.uasset" 7048
"../../../Engine/Content/EngineMaterials/Substrate/Glints2/dict_0006_0162.uasset" 7049
"../../../Engine/Content/EngineMaterials/Substrate/Glints2/dict_0006_0165.uasset" 7050
"/Engine/EngineMaterials/Substrate/Glints2/dict_0006_0177" 7051
"../../../Engine/Content/EngineMaterials/Substrate/Glints2/dict_0006_0172.uasset" 7052
"../../../Engine/Content/EngineMaterials/Substrate/Glints2/dict_0006_0173.uasset" 7053
"../../../Engine/Content/EngineMaterials/Substrate/Glints2/dict_0006_0167.uasset" 7054
"../../../Engine/Content/EngineMaterials/Substrate/Glints2/dict_0006_0170.uasset" 7055
"../../../Engine/Content/EngineMaterials/Substrate/Glints2/dict_0006_0171.uasset" 7056
"/Engine/EngineMaterials/Substrate/Glints2/dict_0006_0178" 7057
"/Engine/EngineMaterials/Substrate/Glints2/dict_0006_0179" 7058
"/Engine/EngineMaterials/Substrate/Glints2/dict_0006_0180" 7059
"/Engine/EngineMaterials/Substrate/Glints2/dict_0006_0181" 7060
"/Engine/EngineMaterials/Substrate/Glints2/dict_0006_0182" 7061
"/Engine/EngineMaterials/Substrate/Glints2/dict_0006_0183" 7062
"/Engine/EngineMaterials/Substrate/Glints2/dict_0006_0184" 7063
"/Engine/EngineMaterials/Substrate/Glints2/dict_0006_0185" 7064
"/Engine/EngineMaterials/Substrate/Glints2/dict_0006_0186" 7065
"/Engine/EngineMaterials/Substrate/Glints2/dict_0006_0187" 7066
"/Engine/EngineMaterials/Substrate/Glints2/dict_0006_0188" 7067
"/Engine/EngineMaterials/Substrate/Glints2/dict_0006_0189" 7068
"/Engine/EngineMaterials/Substrate/Glints2/dict_0006_0190" 7069
"/Engine/EngineMaterials/Substrate/Glints2/dict_0006_0191" 7070
"/Engine/EngineMaterials/Substrate/Glints2/dict_0006_0192" 7071
"/Engine/EngineMaterials/Substrate/Glints2/dict_0006_0193" 7072
"/Engine/EngineMaterials/Substrate/Glints2/dict_0006_0162" 7073
"../../../Engine/Content/EngineMaterials/Substrate/Glints2/dict_0006_0156.uasset" 7074
"../../../Engine/Content/EngineMaterials/Substrate/Glints2/dict_0006_0154.uasset" 7075
"../../../Engine/Content/EngineMaterials/Substrate/Glints2/dict_0006_0157.uasset" 7076
"../../../Engine/Content/EngineMaterials/Substrate/Glints2/dict_0006_0151.uasset" 7077
"../../../Engine/Content/EngineMaterials/Substrate/Glints2/dict_0006_0155.uasset" 7078
"../../../Engine/Content/EngineMaterials/Substrate/Glints2/dict_0006_0159.uasset" 7079
"../../../Engine/Content/EngineMaterials/Substrate/Glints2/dict_0006_0158.uasset" 7080
"/Engine/EngineMaterials/Substrate/Glints2/dict_0006_0163" 7081
"../../../Engine/Content/EngineMaterials/Substrate/Glints2/dict_0006_0161.uasset" 7082
"../../../Engine/Content/EngineMaterials/Substrate/Glints2/dict_0006_0160.uasset" 7083
"../../../Engine/Content/EngineMaterials/Substrate/Glints2/dict_0006_0152.uasset" 7084
"/Engine/EngineMaterials/Substrate/Glints2/dict_0006_0164" 7085
"../../../Engine/Content/EngineMaterials/Substrate/Glints2/dict_0006_0150.uasset" 7086
"../../../Engine/Content/EngineMaterials/Substrate/Glints2/dict_0006_0149.uasset" 7087
"../../../Engine/Content/EngineMaterials/Substrate/Glints2/dict_0006_0147.uasset" 7088
"../../../Engine/Content/EngineMaterials/Substrate/Glints2/dict_0006_0146.uasset" 7089
"../../../Engine/Content/EngineMaterials/Substrate/Glints2/dict_0006_0145.uasset" 7090
"../../../Engine/Content/EngineMaterials/Substrate/Glints2/dict_0006_0144.uasset" 7091
"/Engine/EngineMaterials/Substrate/Glints2/dict_0006_0165" 7092
"../../../Engine/Content/EngineMaterials/Substrate/Glints2/dict_0006_0148.uasset" 7093
"../../../Engine/Content/EngineMaterials/Substrate/Glints2/dict_0006_0153.uasset" 7094
"/Engine/EngineMaterials/Substrate/Glints2/dict_0006_0166" 7095
"/Engine/EngineMaterials/Substrate/Glints2/dict_0006_0167" 7096
"/Engine/EngineMaterials/Substrate/Glints2/dict_0006_0168" 7097
"/Engine/EngineMaterials/Substrate/Glints2/dict_0006_0169" 7098
"/Engine/EngineMaterials/Substrate/Glints2/dict_0006_0170" 7099
"/Engine/EngineMaterials/Substrate/Glints2/dict_0006_0171" 7100
"/Engine/EngineMaterials/Substrate/Glints2/dict_0006_0172" 7101
"/Engine/EngineMaterials/Substrate/Glints2/dict_0006_0173" 7102
"/Engine/EngineMaterials/Substrate/Glints2/dict_0006_0174" 7103
"/Engine/EngineMaterials/Substrate/Glints2/dict_0006_0175" 7104
"/Engine/EngineMaterials/Substrate/Glints2/dict_0006_0144" 7105
"../../../Engine/Content/EngineMaterials/Substrate/Glints2/dict_0006_0143.uasset" 7106
"../../../Engine/Content/EngineMaterials/Substrate/Glints2/dict_0006_0137.uasset" 7107
"../../../Engine/Content/EngineMaterials/Substrate/Glints2/dict_0006_0134.uasset" 7108
"../../../Engine/Content/EngineMaterials/Substrate/Glints2/dict_0006_0138.uasset" 7109
"../../../Engine/Content/EngineMaterials/Substrate/Glints2/dict_0006_0133.uasset" 7110
"../../../Engine/Content/EngineMaterials/Substrate/Glints2/dict_0006_0141.uasset" 7111
"../../../Engine/Content/EngineMaterials/Substrate/Glints2/dict_0006_0140.uasset" 7112
"../../../Engine/Content/EngineMaterials/Substrate/Glints2/dict_0006_0142.uasset" 7113
"/Engine/EngineMaterials/Substrate/Glints2/dict_0006_0145" 7114
"/Engine/EngineMaterials/Substrate/Glints2/dict_0006_0146" 7115
"../../../Engine/Content/EngineMaterials/Substrate/Glints2/dict_0006_0136.uasset" 7116
"../../../Engine/Content/EngineMaterials/Substrate/Glints2/dict_0006_0135.uasset" 7117
"../../../Engine/Content/EngineMaterials/Substrate/Glints2/dict_0006_0132.uasset" 7118
"../../../Engine/Content/EngineMaterials/Substrate/Glints2/dict_0006_0139.uasset" 7119
"../../../Engine/Content/EngineMaterials/Substrate/Glints2/dict_0006_0131.uasset" 7120
"../../../Engine/Content/EngineMaterials/Substrate/Glints2/dict_0006_0130.uasset" 7121
"/Engine/EngineMaterials/Substrate/Glints2/dict_0006_0147" 7122
"/Engine/EngineMaterials/Substrate/Glints2/dict_0006_0148" 7123
"/Engine/EngineMaterials/Substrate/Glints2/dict_0006_0149" 7124
"/Engine/EngineMaterials/Substrate/Glints2/dict_0006_0150" 7125
"/Engine/EngineMaterials/Substrate/Glints2/dict_0006_0151" 7126
"/Engine/EngineMaterials/Substrate/Glints2/dict_0006_0152" 7127
"/Engine/EngineMaterials/Substrate/Glints2/dict_0006_0153" 7128
"/Engine/EngineMaterials/Substrate/Glints2/dict_0006_0154" 7129
"/Engine/EngineMaterials/Substrate/Glints2/dict_0006_0155" 7130
"/Engine/EngineMaterials/Substrate/Glints2/dict_0006_0156" 7131
"/Engine/EngineMaterials/Substrate/Glints2/dict_0006_0157" 7132
"/Engine/EngineMaterials/Substrate/Glints2/dict_0006_0158" 7133
"/Engine/EngineMaterials/Substrate/Glints2/dict_0006_0159" 7134
"/Engine/EngineMaterials/Substrate/Glints2/dict_0006_0160" 7135
"/Engine/EngineMaterials/Substrate/Glints2/dict_0006_0161" 7136
"/Engine/EngineMaterials/Substrate/Glints2/dict_0006_0130" 7137
"../../../Engine/Content/EngineMaterials/Substrate/Glints2/dict_0006_0129.uasset" 7138
"../../../Engine/Content/EngineMaterials/Substrate/Glints2/dict_0006_0123.uasset" 7139
"../../../Engine/Content/EngineMaterials/Substrate/Glints2/dict_0006_0126.uasset" 7140
"../../../Engine/Content/EngineMaterials/Substrate/Glints2/dict_0006_0125.uasset" 7141
"../../../Engine/Content/EngineMaterials/Substrate/Glints2/dict_0006_0124.uasset" 7142
"../../../Engine/Content/EngineMaterials/Substrate/Glints2/dict_0006_0119.uasset" 7143
"../../../Engine/Content/EngineMaterials/Substrate/Glints2/dict_0006_0122.uasset" 7144
"../../../Engine/Content/EngineMaterials/Substrate/Glints2/dict_0006_0121.uasset" 7145
"../../../Engine/Content/EngineMaterials/Substrate/Glints2/dict_0006_0128.uasset" 7146
"../../../Engine/Content/EngineMaterials/Substrate/Glints2/dict_0006_0120.uasset" 7147
"../../../Engine/Content/EngineMaterials/Substrate/Glints2/dict_0006_0127.uasset" 7148
"../../../Engine/Content/EngineMaterials/Substrate/Glints2/dict_0006_0116.uasset" 7149
"../../../Engine/Content/EngineMaterials/Substrate/Glints2/dict_0006_0117.uasset" 7150
"../../../Engine/Content/EngineMaterials/Substrate/Glints2/dict_0006_0118.uasset" 7151
"/Engine/EngineMaterials/Substrate/Glints2/dict_0006_0131" 7152
"../../../Engine/Content/EngineMaterials/Substrate/Glints2/dict_0006_0115.uasset" 7153
"../../../Engine/Content/EngineMaterials/Substrate/Glints2/dict_0006_0113.uasset" 7154
"../../../Engine/Content/EngineMaterials/Substrate/Glints2/dict_0006_0114.uasset" 7155
"../../../Engine/Content/EngineMaterials/Substrate/Glints2/dict_0006_0112.uasset" 7156
"/Engine/EngineMaterials/Substrate/Glints2/dict_0006_0132" 7157
"/Engine/EngineMaterials/Substrate/Glints2/dict_0006_0133" 7158
"/Engine/EngineMaterials/Substrate/Glints2/dict_0006_0134" 7159
"/Engine/EngineMaterials/Substrate/Glints2/dict_0006_0135" 7160
"/Engine/EngineMaterials/Substrate/Glints2/dict_0006_0136" 7161
"/Engine/EngineMaterials/Substrate/Glints2/dict_0006_0137" 7162
"/Engine/EngineMaterials/Substrate/Glints2/dict_0006_0138" 7163
"/Engine/EngineMaterials/Substrate/Glints2/dict_0006_0139" 7164
"/Engine/EngineMaterials/Substrate/Glints2/dict_0006_0140" 7165
"/Engine/EngineMaterials/Substrate/Glints2/dict_0006_0141" 7166
"/Engine/EngineMaterials/Substrate/Glints2/dict_0006_0142" 7167
"/Engine/EngineMaterials/Substrate/Glints2/dict_0006_0143" 7168
"/Engine/EngineMaterials/Substrate/Glints2/dict_0006_0112" 7169
"../../../Engine/Content/EngineMaterials/Substrate/Glints2/dict_0006_0105.uasset" 7170
"../../../Engine/Content/EngineMaterials/Substrate/Glints2/dict_0006_0107.uasset" 7171
"../../../Engine/Content/EngineMaterials/Substrate/Glints2/dict_0006_0109.uasset" 7172
"../../../Engine/Content/EngineMaterials/Substrate/Glints2/dict_0006_0108.uasset" 7173
"../../../Engine/Content/EngineMaterials/Substrate/Glints2/dict_0006_0111.uasset" 7174
"../../../Engine/Content/EngineMaterials/Substrate/Glints2/dict_0006_0110.uasset" 7175
"../../../Engine/Content/EngineMaterials/Substrate/Glints2/dict_0006_0103.uasset" 7176
"../../../Engine/Content/EngineMaterials/Substrate/Glints2/dict_0006_0099.uasset" 7177
"../../../Engine/Content/EngineMaterials/Substrate/Glints2/dict_0006_0104.uasset" 7178
"../../../Engine/Content/EngineMaterials/Substrate/Glints2/dict_0006_0106.uasset" 7179
"../../../Engine/Content/EngineMaterials/Substrate/Glints2/dict_0006_0102.uasset" 7180
"../../../Engine/Content/EngineMaterials/Substrate/Glints2/dict_0006_0101.uasset" 7181
"/Engine/EngineMaterials/Substrate/Glints2/dict_0006_0113" 7182
"../../../Engine/Content/EngineMaterials/Substrate/Glints2/dict_0006_0100.uasset" 7183
"../../../Engine/Content/EngineMaterials/Substrate/Glints2/dict_0006_0098.uasset" 7184
"/Engine/EngineMaterials/Substrate/Glints2/dict_0006_0114" 7185
"/Engine/EngineMaterials/Substrate/Glints2/dict_0006_0115" 7186
"/Engine/EngineMaterials/Substrate/Glints2/dict_0006_0116" 7187
"/Engine/EngineMaterials/Substrate/Glints2/dict_0006_0117" 7188
"/Engine/EngineMaterials/Substrate/Glints2/dict_0006_0118" 7189
"/Engine/EngineMaterials/Substrate/Glints2/dict_0006_0119" 7190
"/Engine/EngineMaterials/Substrate/Glints2/dict_0006_0120" 7191
"/Engine/EngineMaterials/Substrate/Glints2/dict_0006_0121" 7192
"/Engine/EngineMaterials/Substrate/Glints2/dict_0006_0122" 7193
"/Engine/EngineMaterials/Substrate/Glints2/dict_0006_0123" 7194
"/Engine/EngineMaterials/Substrate/Glints2/dict_0006_0124" 7195
"/Engine/EngineMaterials/Substrate/Glints2/dict_0006_0125" 7196
"/Engine/EngineMaterials/Substrate/Glints2/dict_0006_0126" 7197
"/Engine/EngineMaterials/Substrate/Glints2/dict_0006_0127" 7198
"/Engine/EngineMaterials/Substrate/Glints2/dict_0006_0128" 7199
"/Engine/EngineMaterials/Substrate/Glints2/dict_0006_0129" 7200
"/Engine/EngineMaterials/Substrate/Glints2/dict_0006_0098" 7201
"../../../Engine/Content/EngineMaterials/Substrate/Glints2/dict_0006_0097.uasset" 7202
"../../../Engine/Content/EngineMaterials/Substrate/Glints2/dict_0006_0089.uasset" 7203
"../../../Engine/Content/EngineMaterials/Substrate/Glints2/dict_0006_0088.uasset" 7204
"../../../Engine/Content/EngineMaterials/Substrate/Glints2/dict_0006_0087.uasset" 7205
"../../../Engine/Content/EngineMaterials/Substrate/Glints2/dict_0006_0093.uasset" 7206
"../../../Engine/Content/EngineMaterials/Substrate/Glints2/dict_0006_0090.uasset" 7207
"../../../Engine/Content/EngineMaterials/Substrate/Glints2/dict_0006_0091.uasset" 7208
"../../../Engine/Content/EngineMaterials/Substrate/Glints2/dict_0006_0095.uasset" 7209
"../../../Engine/Content/EngineMaterials/Substrate/Glints2/dict_0006_0092.uasset" 7210
"../../../Engine/Content/EngineMaterials/Substrate/Glints2/dict_0006_0085.uasset" 7211
"../../../Engine/Content/EngineMaterials/Substrate/Glints2/dict_0006_0094.uasset" 7212
"../../../Engine/Content/EngineMaterials/Substrate/Glints2/dict_0006_0084.uasset" 7213
"../../../Engine/Content/EngineMaterials/Substrate/Glints2/dict_0006_0096.uasset" 7214
"/Engine/EngineMaterials/Substrate/Glints2/dict_0006_0099" 7215
"../../../Engine/Content/EngineMaterials/Substrate/Glints2/dict_0006_0083.uasset" 7216
"../../../Engine/Content/EngineMaterials/Substrate/Glints2/dict_0006_0086.uasset" 7217
"../../../Engine/Content/EngineMaterials/Substrate/Glints2/dict_0006_0081.uasset" 7218
"../../../Engine/Content/EngineMaterials/Substrate/Glints2/dict_0006_0080.uasset" 7219
"../../../Engine/Content/EngineMaterials/Substrate/Glints2/dict_0006_0082.uasset" 7220
"/Engine/EngineMaterials/Substrate/Glints2/dict_0006_0100" 7221
"/Engine/EngineMaterials/Substrate/Glints2/dict_0006_0101" 7222
"/Engine/EngineMaterials/Substrate/Glints2/dict_0006_0102" 7223
"/Engine/EngineMaterials/Substrate/Glints2/dict_0006_0103" 7224
"/Engine/EngineMaterials/Substrate/Glints2/dict_0006_0104" 7225
"/Engine/EngineMaterials/Substrate/Glints2/dict_0006_0105" 7226
"/Engine/EngineMaterials/Substrate/Glints2/dict_0006_0106" 7227
"/Engine/EngineMaterials/Substrate/Glints2/dict_0006_0107" 7228
"/Engine/EngineMaterials/Substrate/Glints2/dict_0006_0108" 7229
"/Engine/EngineMaterials/Substrate/Glints2/dict_0006_0109" 7230
"/Engine/EngineMaterials/Substrate/Glints2/dict_0006_0110" 7231
"/Engine/EngineMaterials/Substrate/Glints2/dict_0006_0111" 7232
"/Engine/EngineMaterials/Substrate/Glints2/dict_0006_0080" 7233
"../../../Engine/Content/EngineMaterials/Substrate/Glints2/dict_0006_0071.uasset" 7234
"../../../Engine/Content/EngineMaterials/Substrate/Glints2/dict_0006_0075.uasset" 7235
"../../../Engine/Content/EngineMaterials/Substrate/Glints2/dict_0006_0074.uasset" 7236
"../../../Engine/Content/EngineMaterials/Substrate/Glints2/dict_0006_0069.uasset" 7237
"../../../Engine/Content/EngineMaterials/Substrate/Glints2/dict_0006_0078.uasset" 7238
"../../../Engine/Content/EngineMaterials/Substrate/Glints2/dict_0006_0072.uasset" 7239
"../../../Engine/Content/EngineMaterials/Substrate/Glints2/dict_0006_0077.uasset" 7240
"../../../Engine/Content/EngineMaterials/Substrate/Glints2/dict_0006_0070.uasset" 7241
"../../../Engine/Content/EngineMaterials/Substrate/Glints2/dict_0006_0076.uasset" 7242
"../../../Engine/Content/EngineMaterials/Substrate/Glints2/dict_0006_0068.uasset" 7243
"../../../Engine/Content/EngineMaterials/Substrate/Glints2/dict_0006_0073.uasset" 7244
"../../../Engine/Content/EngineMaterials/Substrate/Glints2/dict_0006_0079.uasset" 7245
"/Engine/EngineMaterials/Substrate/Glints2/dict_0006_0081" 7246
"../../../Engine/Content/EngineMaterials/Substrate/Glints2/dict_0006_0066.uasset" 7247
"../../../Engine/Content/EngineMaterials/Substrate/Glints2/dict_0006_0067.uasset" 7248
"/Engine/EngineMaterials/Substrate/Glints2/dict_0006_0082" 7249
"/Engine/EngineMaterials/Substrate/Glints2/dict_0006_0083" 7250
"/Engine/EngineMaterials/Substrate/Glints2/dict_0006_0084" 7251
"/Engine/EngineMaterials/Substrate/Glints2/dict_0006_0085" 7252
"/Engine/EngineMaterials/Substrate/Glints2/dict_0006_0086" 7253
"/Engine/EngineMaterials/Substrate/Glints2/dict_0006_0087" 7254
"/Engine/EngineMaterials/Substrate/Glints2/dict_0006_0088" 7255
"/Engine/EngineMaterials/Substrate/Glints2/dict_0006_0089" 7256
"/Engine/EngineMaterials/Substrate/Glints2/dict_0006_0090" 7257
"/Engine/EngineMaterials/Substrate/Glints2/dict_0006_0091" 7258
"/Engine/EngineMaterials/Substrate/Glints2/dict_0006_0092" 7259
"/Engine/EngineMaterials/Substrate/Glints2/dict_0006_0093" 7260
"/Engine/EngineMaterials/Substrate/Glints2/dict_0006_0094" 7261
"/Engine/EngineMaterials/Substrate/Glints2/dict_0006_0095" 7262
"/Engine/EngineMaterials/Substrate/Glints2/dict_0006_0096" 7263
"/Engine/EngineMaterials/Substrate/Glints2/dict_0006_0097" 7264
"../../../Engine/Content/EngineMaterials/Substrate/Glints2/dict_0006_0065.uasset" 7265
"/Engine/EngineMaterials/Substrate/Glints2/dict_0006_0066" 7266
"../../../Engine/Content/EngineMaterials/Substrate/Glints2/dict_0006_0061.uasset" 7267
"../../../Engine/Content/EngineMaterials/Substrate/Glints2/dict_0006_0064.uasset" 7268
"../../../Engine/Content/EngineMaterials/Substrate/Glints2/dict_0006_0059.uasset" 7269
"../../../Engine/Content/EngineMaterials/Substrate/Glints2/dict_0006_0062.uasset" 7270
"../../../Engine/Content/EngineMaterials/Substrate/Glints2/dict_0006_0063.uasset" 7271
"../../../Engine/Content/EngineMaterials/Substrate/Glints2/dict_0006_0058.uasset" 7272
"../../../Engine/Content/EngineMaterials/Substrate/Glints2/dict_0006_0060.uasset" 7273
"../../../Engine/Content/EngineMaterials/Substrate/Glints2/dict_0006_0055.uasset" 7274
"../../../Engine/Content/EngineMaterials/Substrate/Glints2/dict_0006_0057.uasset" 7275
"../../../Engine/Content/EngineMaterials/Substrate/Glints2/dict_0006_0053.uasset" 7276
"/Engine/EngineMaterials/Substrate/Glints2/dict_0006_0067" 7277
"../../../Engine/Content/EngineMaterials/Substrate/Glints2/dict_0006_0052.uasset" 7278
"../../../Engine/Content/EngineMaterials/Substrate/Glints2/dict_0006_0056.uasset" 7279
"../../../Engine/Content/EngineMaterials/Substrate/Glints2/dict_0006_0054.uasset" 7280
"../../../Engine/Content/EngineMaterials/Substrate/Glints2/dict_0006_0050.uasset" 7281
"../../../Engine/Content/EngineMaterials/Substrate/Glints2/dict_0006_0048.uasset" 7282
"../../../Engine/Content/EngineMaterials/Substrate/Glints2/dict_0006_0051.uasset" 7283
"../../../Engine/Content/EngineMaterials/Substrate/Glints2/dict_0006_0049.uasset" 7284
"/Engine/EngineMaterials/Substrate/Glints2/dict_0006_0068" 7285
"/Engine/EngineMaterials/Substrate/Glints2/dict_0006_0069" 7286
"/Engine/EngineMaterials/Substrate/Glints2/dict_0006_0070" 7287
"/Engine/EngineMaterials/Substrate/Glints2/dict_0006_0071" 7288
"/Engine/EngineMaterials/Substrate/Glints2/dict_0006_0072" 7289
"/Engine/EngineMaterials/Substrate/Glints2/dict_0006_0073" 7290
"/Engine/EngineMaterials/Substrate/Glints2/dict_0006_0074" 7291
"/Engine/EngineMaterials/Substrate/Glints2/dict_0006_0075" 7292
"/Engine/EngineMaterials/Substrate/Glints2/dict_0006_0076" 7293
"/Engine/EngineMaterials/Substrate/Glints2/dict_0006_0077" 7294
"/Engine/EngineMaterials/Substrate/Glints2/dict_0006_0078" 7295
"/Engine/EngineMaterials/Substrate/Glints2/dict_0006_0079" 7296
"/Engine/EngineMaterials/Substrate/Glints2/dict_0006_0048" 7297
"../../../Engine/Content/EngineMaterials/Substrate/Glints2/dict_0006_0045.uasset" 7298
"../../../Engine/Content/EngineMaterials/Substrate/Glints2/dict_0006_0041.uasset" 7299
"/Engine/EngineMaterials/Substrate/Glints2/dict_0006_0049" 7300
"../../../Engine/Content/EngineMaterials/Substrate/Glints2/dict_0006_0036.uasset" 7301
"../../../Engine/Content/EngineMaterials/Substrate/Glints2/dict_0006_0039.uasset" 7302
"../../../Engine/Content/EngineMaterials/Substrate/Glints2/dict_0006_0043.uasset" 7303
"../../../Engine/Content/EngineMaterials/Substrate/Glints2/dict_0006_0046.uasset" 7304
"../../../Engine/Content/EngineMaterials/Substrate/Glints2/dict_0006_0044.uasset" 7305
"../../../Engine/Content/EngineMaterials/Substrate/Glints2/dict_0006_0035.uasset" 7306
"../../../Engine/Content/EngineMaterials/Substrate/Glints2/dict_0006_0047.uasset" 7307
"../../../Engine/Content/EngineMaterials/Substrate/Glints2/dict_0006_0042.uasset" 7308
"../../../Engine/Content/EngineMaterials/Substrate/Glints2/dict_0006_0040.uasset" 7309
"../../../Engine/Content/EngineMaterials/Substrate/Glints2/dict_0006_0037.uasset" 7310
"../../../Engine/Content/EngineMaterials/Substrate/Glints2/dict_0006_0038.uasset" 7311
"../../../Engine/Content/EngineMaterials/Substrate/Glints2/dict_0006_0034.uasset" 7312
"/Engine/EngineMaterials/Substrate/Glints2/dict_0006_0050" 7313
"/Engine/EngineMaterials/Substrate/Glints2/dict_0006_0051" 7314
"/Engine/EngineMaterials/Substrate/Glints2/dict_0006_0052" 7315
"/Engine/EngineMaterials/Substrate/Glints2/dict_0006_0053" 7316
"/Engine/EngineMaterials/Substrate/Glints2/dict_0006_0054" 7317
"/Engine/EngineMaterials/Substrate/Glints2/dict_0006_0055" 7318
"/Engine/EngineMaterials/Substrate/Glints2/dict_0006_0056" 7319
"/Engine/EngineMaterials/Substrate/Glints2/dict_0006_0057" 7320
"/Engine/EngineMaterials/Substrate/Glints2/dict_0006_0058" 7321
"/Engine/EngineMaterials/Substrate/Glints2/dict_0006_0059" 7322
"/Engine/EngineMaterials/Substrate/Glints2/dict_0006_0060" 7323
"/Engine/EngineMaterials/Substrate/Glints2/dict_0006_0061" 7324
"/Engine/EngineMaterials/Substrate/Glints2/dict_0006_0062" 7325
"/Engine/EngineMaterials/Substrate/Glints2/dict_0006_0063" 7326
"/Engine/EngineMaterials/Substrate/Glints2/dict_0006_0064" 7327
"/Engine/EngineMaterials/Substrate/Glints2/dict_0006_0065" 7328
"/Engine/EngineMaterials/Substrate/Glints2/dict_0006_0034" 7329
"../../../Engine/Content/EngineMaterials/Substrate/Glints2/dict_0006_0033.uasset" 7330
"../../../Engine/Content/EngineMaterials/Substrate/Glints2/dict_0006_0032.uasset" 7331
"../../../Engine/Content/EngineMaterials/Substrate/Glints2/dict_0006_0025.uasset" 7332
"../../../Engine/Content/EngineMaterials/Substrate/Glints2/dict_0006_0024.uasset" 7333
"../../../Engine/Content/EngineMaterials/Substrate/Glints2/dict_0006_0028.uasset" 7334
"/Engine/EngineMaterials/Substrate/Glints2/dict_0006_0035" 7335
"../../../Engine/Content/EngineMaterials/Substrate/Glints2/dict_0006_0022.uasset" 7336
"../../../Engine/Content/EngineMaterials/Substrate/Glints2/dict_0006_0031.uasset" 7337
"../../../Engine/Content/EngineMaterials/Substrate/Glints2/dict_0006_0030.uasset" 7338
"../../../Engine/Content/EngineMaterials/Substrate/Glints2/dict_0006_0027.uasset" 7339
"../../../Engine/Content/EngineMaterials/Substrate/Glints2/dict_0006_0021.uasset" 7340
"../../../Engine/Content/EngineMaterials/Substrate/Glints2/dict_0006_0029.uasset" 7341
"/Engine/EngineMaterials/Substrate/Glints2/dict_0006_0036" 7342
"../../../Engine/Content/EngineMaterials/Substrate/Glints2/dict_0006_0019.uasset" 7343
"../../../Engine/Content/EngineMaterials/Substrate/Glints2/dict_0006_0018.uasset" 7344
"/Engine/EngineMaterials/Substrate/Glints2/dict_0006_0037" 7345
"../../../Engine/Content/EngineMaterials/Substrate/Glints2/dict_0006_0016.uasset" 7346
"../../../Engine/Content/EngineMaterials/Substrate/Glints2/dict_0006_0023.uasset" 7347
"../../../Engine/Content/EngineMaterials/Substrate/Glints2/dict_0006_0026.uasset" 7348
"../../../Engine/Content/EngineMaterials/Substrate/Glints2/dict_0006_0020.uasset" 7349
"/Engine/EngineMaterials/Substrate/Glints2/dict_0006_0038" 7350
"/Engine/EngineMaterials/Substrate/Glints2/dict_0006_0039" 7351
"../../../Engine/Content/EngineMaterials/Substrate/Glints2/dict_0006_0017.uasset" 7352
"/Engine/EngineMaterials/Substrate/Glints2/dict_0006_0040" 7353
"/Engine/EngineMaterials/Substrate/Glints2/dict_0006_0041" 7354
"/Engine/EngineMaterials/Substrate/Glints2/dict_0006_0042" 7355
"/Engine/EngineMaterials/Substrate/Glints2/dict_0006_0043" 7356
"/Engine/EngineMaterials/Substrate/Glints2/dict_0006_0044" 7357
"/Engine/EngineMaterials/Substrate/Glints2/dict_0006_0045" 7358
"/Engine/EngineMaterials/Substrate/Glints2/dict_0006_0046" 7359
"/Engine/EngineMaterials/Substrate/Glints2/dict_0006_0047" 7360
"/Engine/EngineMaterials/Substrate/Glints2/dict_0006_0016" 7361
"../../../Engine/Content/EngineMaterials/Substrate/Glints2/dict_0006_0007.uasset" 7362
"../../../Engine/Content/EngineMaterials/Substrate/Glints2/dict_0006_0009.uasset" 7363
"../../../Engine/Content/EngineMaterials/Substrate/Glints2/dict_0006_0008.uasset" 7364
"../../../Engine/Content/EngineMaterials/Substrate/Glints2/dict_0006_0013.uasset" 7365
"../../../Engine/Content/EngineMaterials/Substrate/Glints2/dict_0006_0010.uasset" 7366
"../../../Engine/Content/EngineMaterials/Substrate/Glints2/dict_0006_0014.uasset" 7367
"../../../Engine/Content/EngineMaterials/Substrate/Glints2/dict_0006_0011.uasset" 7368
"../../../Engine/Content/EngineMaterials/Substrate/Glints2/dict_0006_0015.uasset" 7369
"../../../Engine/Content/EngineMaterials/Substrate/Glints2/dict_0006_0006.uasset" 7370
"../../../Engine/Content/EngineMaterials/Substrate/Glints2/dict_0006_0003.uasset" 7371
"../../../Engine/Content/EngineMaterials/Substrate/Glints2/dict_0006_0012.uasset" 7372
"../../../Engine/Content/EngineMaterials/Substrate/Glints2/dict_0006_0005.uasset" 7373
"../../../Engine/Content/EngineMaterials/Substrate/Glints2/dict_0006_0004.uasset" 7374
"/Engine/EngineMaterials/Substrate/Glints2/dict_0006_0017" 7375
"../../../Engine/Content/EngineMaterials/Substrate/Glints2/dict_0006_0002.uasset" 7376
"/Engine/EngineMaterials/Substrate/Glints2/dict_0006_0018" 7377
"/Engine/EngineMaterials/Substrate/Glints2/dict_0006_0019" 7378
"/Engine/EngineMaterials/Substrate/Glints2/dict_0006_0020" 7379
"/Engine/EngineMaterials/Substrate/Glints2/dict_0006_0021" 7380
"/Engine/EngineMaterials/Substrate/Glints2/dict_0006_0022" 7381
"/Engine/EngineMaterials/Substrate/Glints2/dict_0006_0023" 7382
"/Engine/EngineMaterials/Substrate/Glints2/dict_0006_0024" 7383
"/Engine/EngineMaterials/Substrate/Glints2/dict_0006_0025" 7384
"/Engine/EngineMaterials/Substrate/Glints2/dict_0006_0026" 7385
"/Engine/EngineMaterials/Substrate/Glints2/dict_0006_0027" 7386
"/Engine/EngineMaterials/Substrate/Glints2/dict_0006_0028" 7387
"/Engine/EngineMaterials/Substrate/Glints2/dict_0006_0029" 7388
"/Engine/EngineMaterials/Substrate/Glints2/dict_0006_0030" 7389
"/Engine/EngineMaterials/Substrate/Glints2/dict_0006_0031" 7390
"/Engine/EngineMaterials/Substrate/Glints2/dict_0006_0032" 7391
"/Engine/EngineMaterials/Substrate/Glints2/dict_0006_0033" 7392
"../../../Engine/Content/EngineMaterials/Substrate/Glints2/dict_0005_0250.uasset" 7393
"../../../Engine/Content/EngineMaterials/Substrate/Glints2/dict_0005_0248.uasset" 7394
"../../../Engine/Content/EngineMaterials/Substrate/Glints2/dict_0005_0254.uasset" 7395
"../../../Engine/Content/EngineMaterials/Substrate/Glints2/dict_0005_0252.uasset" 7396
"/Engine/EngineMaterials/Substrate/Glints2/dict_0006_0002" 7397
"../../../Engine/Content/EngineMaterials/Substrate/Glints2/dict_0005_0249.uasset" 7398
"../../../Engine/Content/EngineMaterials/Substrate/Glints2/dict_0005_0246.uasset" 7399
"../../../Engine/Content/EngineMaterials/Substrate/Glints2/dict_0005_0251.uasset" 7400
"../../../Engine/Content/EngineMaterials/Substrate/Glints2/dict_0005_0247.uasset" 7401
"../../../Engine/Content/EngineMaterials/Substrate/Glints2/dict_0005_0253.uasset" 7402
"../../../Engine/Content/EngineMaterials/Substrate/Glints2/dict_0006_0001.uasset" 7403
"../../../Engine/Content/EngineMaterials/Substrate/Glints2/dict_0005_0244.uasset" 7404
"../../../Engine/Content/EngineMaterials/Substrate/Glints2/dict_0005_0255.uasset" 7405
"../../../Engine/Content/EngineMaterials/Substrate/Glints2/dict_0006_0000.uasset" 7406
"../../../Engine/Content/EngineMaterials/Substrate/Glints2/dict_0005_0245.uasset" 7407
"../../../Engine/Content/EngineMaterials/Substrate/Glints2/dict_0005_0243.uasset" 7408
"../../../Engine/Content/EngineMaterials/Substrate/Glints2/dict_0005_0242.uasset" 7409
"../../../Engine/Content/EngineMaterials/Substrate/Glints2/dict_0005_0240.uasset" 7410
"../../../Engine/Content/EngineMaterials/Substrate/Glints2/dict_0005_0241.uasset" 7411
"/Engine/EngineMaterials/Substrate/Glints2/dict_0006_0003" 7412
"/Engine/EngineMaterials/Substrate/Glints2/dict_0006_0004" 7413
"/Engine/EngineMaterials/Substrate/Glints2/dict_0006_0005" 7414
"/Engine/EngineMaterials/Substrate/Glints2/dict_0006_0006" 7415
"/Engine/EngineMaterials/Substrate/Glints2/dict_0006_0007" 7416
"/Engine/EngineMaterials/Substrate/Glints2/dict_0006_0008" 7417
"/Engine/EngineMaterials/Substrate/Glints2/dict_0006_0009" 7418
"/Engine/EngineMaterials/Substrate/Glints2/dict_0006_0010" 7419
"/Engine/EngineMaterials/Substrate/Glints2/dict_0006_0011" 7420
"/Engine/EngineMaterials/Substrate/Glints2/dict_0006_0012" 7421
"/Engine/EngineMaterials/Substrate/Glints2/dict_0006_0013" 7422
"/Engine/EngineMaterials/Substrate/Glints2/dict_0006_0014" 7423
"/Engine/EngineMaterials/Substrate/Glints2/dict_0006_0015" 7424
"../../../Engine/Content/EngineMaterials/Substrate/Glints2/dict_0005_0239.uasset" 7425
"/Engine/EngineMaterials/Substrate/Glints2/dict_0005_0240" 7426
"../../../Engine/Content/EngineMaterials/Substrate/Glints2/dict_0005_0236.uasset" 7427
"../../../Engine/Content/EngineMaterials/Substrate/Glints2/dict_0005_0234.uasset" 7428
"../../../Engine/Content/EngineMaterials/Substrate/Glints2/dict_0005_0231.uasset" 7429
"../../../Engine/Content/EngineMaterials/Substrate/Glints2/dict_0005_0233.uasset" 7430
"../../../Engine/Content/EngineMaterials/Substrate/Glints2/dict_0005_0232.uasset" 7431
"../../../Engine/Content/EngineMaterials/Substrate/Glints2/dict_0005_0237.uasset" 7432
"../../../Engine/Content/EngineMaterials/Substrate/Glints2/dict_0005_0238.uasset" 7433
"../../../Engine/Content/EngineMaterials/Substrate/Glints2/dict_0005_0235.uasset" 7434
"/Engine/EngineMaterials/Substrate/Glints2/dict_0005_0241" 7435
"../../../Engine/Content/EngineMaterials/Substrate/Glints2/dict_0005_0230.uasset" 7436
"../../../Engine/Content/EngineMaterials/Substrate/Glints2/dict_0005_0229.uasset" 7437
"../../../Engine/Content/EngineMaterials/Substrate/Glints2/dict_0005_0226.uasset" 7438
"../../../Engine/Content/EngineMaterials/Substrate/Glints2/dict_0005_0228.uasset" 7439
"../../../Engine/Content/EngineMaterials/Substrate/Glints2/dict_0005_0227.uasset" 7440
"/Engine/EngineMaterials/Substrate/Glints2/dict_0005_0242" 7441
"/Engine/EngineMaterials/Substrate/Glints2/dict_0005_0243" 7442
"/Engine/EngineMaterials/Substrate/Glints2/dict_0005_0244" 7443
"/Engine/EngineMaterials/Substrate/Glints2/dict_0005_0245" 7444
"/Engine/EngineMaterials/Substrate/Glints2/dict_0005_0246" 7445
"/Engine/EngineMaterials/Substrate/Glints2/dict_0005_0247" 7446
"/Engine/EngineMaterials/Substrate/Glints2/dict_0005_0248" 7447
"/Engine/EngineMaterials/Substrate/Glints2/dict_0005_0249" 7448
"/Engine/EngineMaterials/Substrate/Glints2/dict_0005_0250" 7449
"/Engine/EngineMaterials/Substrate/Glints2/dict_0005_0251" 7450
"/Engine/EngineMaterials/Substrate/Glints2/dict_0005_0252" 7451
"/Engine/EngineMaterials/Substrate/Glints2/dict_0005_0253" 7452
"/Engine/EngineMaterials/Substrate/Glints2/dict_0005_0254" 7453
"/Engine/EngineMaterials/Substrate/Glints2/dict_0005_0255" 7454
"/Engine/EngineMaterials/Substrate/Glints2/dict_0006_0000" 7455
"/Engine/EngineMaterials/Substrate/Glints2/dict_0006_0001" 7456
"/Engine/EngineMaterials/Substrate/Glints2/dict_0005_0226" 7457
"../../../Engine/Content/EngineMaterials/Substrate/Glints2/dict_0005_0225.uasset" 7458
"../../../Engine/Content/EngineMaterials/Substrate/Glints2/dict_0005_0221.uasset" 7459
"../../../Engine/Content/EngineMaterials/Substrate/Glints2/dict_0005_0218.uasset" 7460
"../../../Engine/Content/EngineMaterials/Substrate/Glints2/dict_0005_0215.uasset" 7461
"../../../Engine/Content/EngineMaterials/Substrate/Glints2/dict_0005_0222.uasset" 7462
"../../../Engine/Content/EngineMaterials/Substrate/Glints2/dict_0005_0219.uasset" 7463
"../../../Engine/Content/EngineMaterials/Substrate/Glints2/dict_0005_0223.uasset" 7464
"../../../Engine/Content/EngineMaterials/Substrate/Glints2/dict_0005_0216.uasset" 7465
"../../../Engine/Content/EngineMaterials/Substrate/Glints2/dict_0005_0220.uasset" 7466
"../../../Engine/Content/EngineMaterials/Substrate/Glints2/dict_0005_0214.uasset" 7467
"../../../Engine/Content/EngineMaterials/Substrate/Glints2/dict_0005_0217.uasset" 7468
"../../../Engine/Content/EngineMaterials/Substrate/Glints2/dict_0005_0213.uasset" 7469
"/Engine/EngineMaterials/Substrate/Glints2/dict_0005_0227" 7470
"../../../Engine/Content/EngineMaterials/Substrate/Glints2/dict_0005_0211.uasset" 7471
"../../../Engine/Content/EngineMaterials/Substrate/Glints2/dict_0005_0224.uasset" 7472
"../../../Engine/Content/EngineMaterials/Substrate/Glints2/dict_0005_0212.uasset" 7473
"../../../Engine/Content/EngineMaterials/Substrate/Glints2/dict_0005_0210.uasset" 7474
"../../../Engine/Content/EngineMaterials/Substrate/Glints2/dict_0005_0209.uasset" 7475
"../../../Engine/Content/EngineMaterials/Substrate/Glints2/dict_0005_0208.uasset" 7476
"/Engine/EngineMaterials/Substrate/Glints2/dict_0005_0228" 7477
"/Engine/EngineMaterials/Substrate/Glints2/dict_0005_0229" 7478
"/Engine/EngineMaterials/Substrate/Glints2/dict_0005_0230" 7479
"/Engine/EngineMaterials/Substrate/Glints2/dict_0005_0231" 7480
"/Engine/EngineMaterials/Substrate/Glints2/dict_0005_0232" 7481
"/Engine/EngineMaterials/Substrate/Glints2/dict_0005_0233" 7482
"/Engine/EngineMaterials/Substrate/Glints2/dict_0005_0234" 7483
"/Engine/EngineMaterials/Substrate/Glints2/dict_0005_0235" 7484
"/Engine/EngineMaterials/Substrate/Glints2/dict_0005_0236" 7485
"/Engine/EngineMaterials/Substrate/Glints2/dict_0005_0237" 7486
"/Engine/EngineMaterials/Substrate/Glints2/dict_0005_0238" 7487
"/Engine/EngineMaterials/Substrate/Glints2/dict_0005_0239" 7488
"/Engine/EngineMaterials/Substrate/Glints2/dict_0005_0208" 7489
"../../../Engine/Content/EngineMaterials/Substrate/Glints2/dict_0005_0201.uasset" 7490
"../../../Engine/Content/EngineMaterials/Substrate/Glints2/dict_0005_0198.uasset" 7491
"../../../Engine/Content/EngineMaterials/Substrate/Glints2/dict_0005_0207.uasset" 7492
"../../../Engine/Content/EngineMaterials/Substrate/Glints2/dict_0005_0205.uasset" 7493
"../../../Engine/Content/EngineMaterials/Substrate/Glints2/dict_0005_0200.uasset" 7494
"../../../Engine/Content/EngineMaterials/Substrate/Glints2/dict_0005_0206.uasset" 7495
"../../../Engine/Content/EngineMaterials/Substrate/Glints2/dict_0005_0203.uasset" 7496
"../../../Engine/Content/EngineMaterials/Substrate/Glints2/dict_0005_0199.uasset" 7497
"../../../Engine/Content/EngineMaterials/Substrate/Glints2/dict_0005_0194.uasset" 7498
"../../../Engine/Content/EngineMaterials/Substrate/Glints2/dict_0005_0204.uasset" 7499
"../../../Engine/Content/EngineMaterials/Substrate/Glints2/dict_0005_0196.uasset" 7500
"../../../Engine/Content/EngineMaterials/Substrate/Glints2/dict_0005_0202.uasset" 7501
"../../../Engine/Content/EngineMaterials/Substrate/Glints2/dict_0005_0197.uasset" 7502
"../../../Engine/Content/EngineMaterials/Substrate/Glints2/dict_0005_0195.uasset" 7503
"/Engine/EngineMaterials/Substrate/Glints2/dict_0005_0209" 7504
"/Engine/EngineMaterials/Substrate/Glints2/dict_0005_0210" 7505
"/Engine/EngineMaterials/Substrate/Glints2/dict_0005_0211" 7506
"/Engine/EngineMaterials/Substrate/Glints2/dict_0005_0212" 7507
"/Engine/EngineMaterials/Substrate/Glints2/dict_0005_0213" 7508
"/Engine/EngineMaterials/Substrate/Glints2/dict_0005_0214" 7509
"/Engine/EngineMaterials/Substrate/Glints2/dict_0005_0215" 7510
"/Engine/EngineMaterials/Substrate/Glints2/dict_0005_0216" 7511
"/Engine/EngineMaterials/Substrate/Glints2/dict_0005_0217" 7512
"/Engine/EngineMaterials/Substrate/Glints2/dict_0005_0218" 7513
"/Engine/EngineMaterials/Substrate/Glints2/dict_0005_0219" 7514
"/Engine/EngineMaterials/Substrate/Glints2/dict_0005_0220" 7515
"/Engine/EngineMaterials/Substrate/Glints2/dict_0005_0221" 7516
"/Engine/EngineMaterials/Substrate/Glints2/dict_0005_0222" 7517
"/Engine/EngineMaterials/Substrate/Glints2/dict_0005_0223" 7518
"/Engine/EngineMaterials/Substrate/Glints2/dict_0005_0224" 7519
"/Engine/EngineMaterials/Substrate/Glints2/dict_0005_0225" 7520
"/Engine/EngineMaterials/Substrate/Glints2/dict_0005_0194" 7521
"../../../Engine/Content/EngineMaterials/Substrate/Glints2/dict_0005_0191.uasset" 7522
"../../../Engine/Content/EngineMaterials/Substrate/Glints2/dict_0005_0188.uasset" 7523
"../../../Engine/Content/EngineMaterials/Substrate/Glints2/dict_0005_0189.uasset" 7524
"../../../Engine/Content/EngineMaterials/Substrate/Glints2/dict_0005_0192.uasset" 7525
"../../../Engine/Content/EngineMaterials/Substrate/Glints2/dict_0005_0193.uasset" 7526
"../../../Engine/Content/EngineMaterials/Substrate/Glints2/dict_0005_0183.uasset" 7527
"../../../Engine/Content/EngineMaterials/Substrate/Glints2/dict_0005_0187.uasset" 7528
"../../../Engine/Content/EngineMaterials/Substrate/Glints2/dict_0005_0182.uasset" 7529
"../../../Engine/Content/EngineMaterials/Substrate/Glints2/dict_0005_0185.uasset" 7530
"../../../Engine/Content/EngineMaterials/Substrate/Glints2/dict_0005_0186.uasset" 7531
"../../../Engine/Content/EngineMaterials/Substrate/Glints2/dict_0005_0190.uasset" 7532
"../../../Engine/Content/EngineMaterials/Substrate/Glints2/dict_0005_0184.uasset" 7533
"/Engine/EngineMaterials/Substrate/Glints2/dict_0005_0195" 7534
"../../../Engine/Content/EngineMaterials/Substrate/Glints2/dict_0005_0178.uasset" 7535
"../../../Engine/Content/EngineMaterials/Substrate/Glints2/dict_0005_0177.uasset" 7536
"../../../Engine/Content/EngineMaterials/Substrate/Glints2/dict_0005_0181.uasset" 7537
"../../../Engine/Content/EngineMaterials/Substrate/Glints2/dict_0005_0179.uasset" 7538
"../../../Engine/Content/EngineMaterials/Substrate/Glints2/dict_0005_0180.uasset" 7539
"../../../Engine/Content/EngineMaterials/Substrate/Glints2/dict_0005_0176.uasset" 7540
"/Engine/EngineMaterials/Substrate/Glints2/dict_0005_0196" 7541
"/Engine/EngineMaterials/Substrate/Glints2/dict_0005_0197" 7542
"/Engine/EngineMaterials/Substrate/Glints2/dict_0005_0198" 7543
"/Engine/EngineMaterials/Substrate/Glints2/dict_0005_0199" 7544
"/Engine/EngineMaterials/Substrate/Glints2/dict_0005_0200" 7545
"/Engine/EngineMaterials/Substrate/Glints2/dict_0005_0201" 7546
"/Engine/EngineMaterials/Substrate/Glints2/dict_0005_0202" 7547
"/Engine/EngineMaterials/Substrate/Glints2/dict_0005_0203" 7548
"/Engine/EngineMaterials/Substrate/Glints2/dict_0005_0204" 7549
"/Engine/EngineMaterials/Substrate/Glints2/dict_0005_0205" 7550
"/Engine/EngineMaterials/Substrate/Glints2/dict_0005_0206" 7551
"/Engine/EngineMaterials/Substrate/Glints2/dict_0005_0207" 7552
"/Engine/EngineMaterials/Substrate/Glints2/dict_0005_0176" 7553
"../../../Engine/Content/EngineMaterials/Substrate/Glints2/dict_0005_0172.uasset" 7554
"../../../Engine/Content/EngineMaterials/Substrate/Glints2/dict_0005_0168.uasset" 7555
"../../../Engine/Content/EngineMaterials/Substrate/Glints2/dict_0005_0175.uasset" 7556
"../../../Engine/Content/EngineMaterials/Substrate/Glints2/dict_0005_0169.uasset" 7557
"../../../Engine/Content/EngineMaterials/Substrate/Glints2/dict_0005_0170.uasset" 7558
"../../../Engine/Content/EngineMaterials/Substrate/Glints2/dict_0005_0167.uasset" 7559
"../../../Engine/Content/EngineMaterials/Substrate/Glints2/dict_0005_0166.uasset" 7560
"../../../Engine/Content/EngineMaterials/Substrate/Glints2/dict_0005_0162.uasset" 7561
"../../../Engine/Content/EngineMaterials/Substrate/Glints2/dict_0005_0171.uasset" 7562
"/Engine/EngineMaterials/Substrate/Glints2/dict_0005_0177" 7563
"../../../Engine/Content/EngineMaterials/Substrate/Glints2/dict_0005_0173.uasset" 7564
"../../../Engine/Content/EngineMaterials/Substrate/Glints2/dict_0005_0164.uasset" 7565
"../../../Engine/Content/EngineMaterials/Substrate/Glints2/dict_0005_0174.uasset" 7566
"../../../Engine/Content/EngineMaterials/Substrate/Glints2/dict_0005_0163.uasset" 7567
"../../../Engine/Content/EngineMaterials/Substrate/Glints2/dict_0005_0165.uasset" 7568
"/Engine/EngineMaterials/Substrate/Glints2/dict_0005_0178" 7569
"/Engine/EngineMaterials/Substrate/Glints2/dict_0005_0179" 7570
"/Engine/EngineMaterials/Substrate/Glints2/dict_0005_0180" 7571
"/Engine/EngineMaterials/Substrate/Glints2/dict_0005_0181" 7572
"/Engine/EngineMaterials/Substrate/Glints2/dict_0005_0182" 7573
"/Engine/EngineMaterials/Substrate/Glints2/dict_0005_0183" 7574
"/Engine/EngineMaterials/Substrate/Glints2/dict_0005_0184" 7575
"/Engine/EngineMaterials/Substrate/Glints2/dict_0005_0185" 7576
"/Engine/EngineMaterials/Substrate/Glints2/dict_0005_0186" 7577
"/Engine/EngineMaterials/Substrate/Glints2/dict_0005_0187" 7578
"/Engine/EngineMaterials/Substrate/Glints2/dict_0005_0188" 7579
"/Engine/EngineMaterials/Substrate/Glints2/dict_0005_0189" 7580
"/Engine/EngineMaterials/Substrate/Glints2/dict_0005_0190" 7581
"/Engine/EngineMaterials/Substrate/Glints2/dict_0005_0191" 7582
"/Engine/EngineMaterials/Substrate/Glints2/dict_0005_0192" 7583
"/Engine/EngineMaterials/Substrate/Glints2/dict_0005_0193" 7584
"/Engine/EngineMaterials/Substrate/Glints2/dict_0005_0162" 7585
"../../../Engine/Content/EngineMaterials/Substrate/Glints2/dict_0005_0159.uasset" 7586
"../../../Engine/Content/EngineMaterials/Substrate/Glints2/dict_0005_0157.uasset" 7587
"../../../Engine/Content/EngineMaterials/Substrate/Glints2/dict_0005_0152.uasset" 7588
"../../../Engine/Content/EngineMaterials/Substrate/Glints2/dict_0005_0154.uasset" 7589
"../../../Engine/Content/EngineMaterials/Substrate/Glints2/dict_0005_0155.uasset" 7590
"../../../Engine/Content/EngineMaterials/Substrate/Glints2/dict_0005_0156.uasset" 7591
"../../../Engine/Content/EngineMaterials/Substrate/Glints2/dict_0005_0151.uasset" 7592
"../../../Engine/Content/EngineMaterials/Substrate/Glints2/dict_0005_0160.uasset" 7593
"../../../Engine/Content/EngineMaterials/Substrate/Glints2/dict_0005_0150.uasset" 7594
"../../../Engine/Content/EngineMaterials/Substrate/Glints2/dict_0005_0153.uasset" 7595
"../../../Engine/Content/EngineMaterials/Substrate/Glints2/dict_0005_0161.uasset" 7596
"../../../Engine/Content/EngineMaterials/Substrate/Glints2/dict_0005_0158.uasset" 7597
"../../../Engine/Content/EngineMaterials/Substrate/Glints2/dict_0005_0148.uasset" 7598
"/Engine/EngineMaterials/Substrate/Glints2/dict_0005_0163" 7599
"../../../Engine/Content/EngineMaterials/Substrate/Glints2/dict_0005_0149.uasset" 7600
"../../../Engine/Content/EngineMaterials/Substrate/Glints2/dict_0005_0147.uasset" 7601
"../../../Engine/Content/EngineMaterials/Substrate/Glints2/dict_0005_0144.uasset" 7602
"../../../Engine/Content/EngineMaterials/Substrate/Glints2/dict_0005_0146.uasset" 7603
"../../../Engine/Content/EngineMaterials/Substrate/Glints2/dict_0005_0145.uasset" 7604
"/Engine/EngineMaterials/Substrate/Glints2/dict_0005_0164" 7605
"/Engine/EngineMaterials/Substrate/Glints2/dict_0005_0165" 7606
"/Engine/EngineMaterials/Substrate/Glints2/dict_0005_0166" 7607
"/Engine/EngineMaterials/Substrate/Glints2/dict_0005_0167" 7608
"/Engine/EngineMaterials/Substrate/Glints2/dict_0005_0168" 7609
"/Engine/EngineMaterials/Substrate/Glints2/dict_0005_0169" 7610
"/Engine/EngineMaterials/Substrate/Glints2/dict_0005_0170" 7611
"/Engine/EngineMaterials/Substrate/Glints2/dict_0005_0171" 7612
"/Engine/EngineMaterials/Substrate/Glints2/dict_0005_0172" 7613
"/Engine/EngineMaterials/Substrate/Glints2/dict_0005_0173" 7614
"/Engine/EngineMaterials/Substrate/Glints2/dict_0005_0174" 7615
"/Engine/EngineMaterials/Substrate/Glints2/dict_0005_0175" 7616
"/Engine/EngineMaterials/Substrate/Glints2/dict_0005_0144" 7617
"../../../Engine/Content/EngineMaterials/Substrate/Glints2/dict_0005_0139.uasset" 7618
"../../../Engine/Content/EngineMaterials/Substrate/Glints2/dict_0005_0135.uasset" 7619
"../../../Engine/Content/EngineMaterials/Substrate/Glints2/dict_0005_0142.uasset" 7620
"../../../Engine/Content/EngineMaterials/Substrate/Glints2/dict_0005_0134.uasset" 7621
"../../../Engine/Content/EngineMaterials/Substrate/Glints2/dict_0005_0143.uasset" 7622
"../../../Engine/Content/EngineMaterials/Substrate/Glints2/dict_0005_0137.uasset" 7623
"../../../Engine/Content/EngineMaterials/Substrate/Glints2/dict_0005_0140.uasset" 7624
"../../../Engine/Content/EngineMaterials/Substrate/Glints2/dict_0005_0132.uasset" 7625
"../../../Engine/Content/EngineMaterials/Substrate/Glints2/dict_0005_0136.uasset" 7626
"../../../Engine/Content/EngineMaterials/Substrate/Glints2/dict_0005_0141.uasset" 7627
"../../../Engine/Content/EngineMaterials/Substrate/Glints2/dict_0005_0138.uasset" 7628
"../../../Engine/Content/EngineMaterials/Substrate/Glints2/dict_0005_0133.uasset" 7629
"../../../Engine/Content/EngineMaterials/Substrate/Glints2/dict_0005_0130.uasset" 7630
"../../../Engine/Content/EngineMaterials/Substrate/Glints2/dict_0005_0131.uasset" 7631
"/Engine/EngineMaterials/Substrate/Glints2/dict_0005_0145" 7632
"/Engine/EngineMaterials/Substrate/Glints2/dict_0005_0146" 7633
"/Engine/EngineMaterials/Substrate/Glints2/dict_0005_0147" 7634
"/Engine/EngineMaterials/Substrate/Glints2/dict_0005_0148" 7635
"/Engine/EngineMaterials/Substrate/Glints2/dict_0005_0149" 7636
"/Engine/EngineMaterials/Substrate/Glints2/dict_0005_0150" 7637
"/Engine/EngineMaterials/Substrate/Glints2/dict_0005_0151" 7638
"/Engine/EngineMaterials/Substrate/Glints2/dict_0005_0152" 7639
"/Engine/EngineMaterials/Substrate/Glints2/dict_0005_0153" 7640
"/Engine/EngineMaterials/Substrate/Glints2/dict_0005_0154" 7641
"/Engine/EngineMaterials/Substrate/Glints2/dict_0005_0155" 7642
"/Engine/EngineMaterials/Substrate/Glints2/dict_0005_0156" 7643
"/Engine/EngineMaterials/Substrate/Glints2/dict_0005_0157" 7644
"/Engine/EngineMaterials/Substrate/Glints2/dict_0005_0158" 7645
"/Engine/EngineMaterials/Substrate/Glints2/dict_0005_0159" 7646
"/Engine/EngineMaterials/Substrate/Glints2/dict_0005_0160" 7647
"/Engine/EngineMaterials/Substrate/Glints2/dict_0005_0161" 7648
"/Engine/EngineMaterials/Substrate/Glints2/dict_0005_0130" 7649
"../../../Engine/Content/EngineMaterials/Substrate/Glints2/dict_0005_0124.uasset" 7650
"../../../Engine/Content/EngineMaterials/Substrate/Glints2/dict_0005_0121.uasset" 7651
"../../../Engine/Content/EngineMaterials/Substrate/Glints2/dict_0005_0123.uasset" 7652
"../../../Engine/Content/EngineMaterials/Substrate/Glints2/dict_0005_0122.uasset" 7653
"../../../Engine/Content/EngineMaterials/Substrate/Glints2/dict_0005_0127.uasset" 7654
"../../../Engine/Content/EngineMaterials/Substrate/Glints2/dict_0005_0128.uasset" 7655
"../../../Engine/Content/EngineMaterials/Substrate/Glints2/dict_0005_0117.uasset" 7656
"../../../Engine/Content/EngineMaterials/Substrate/Glints2/dict_0005_0126.uasset" 7657
"../../../Engine/Content/EngineMaterials/Substrate/Glints2/dict_0005_0116.uasset" 7658
"../../../Engine/Content/EngineMaterials/Substrate/Glints2/dict_0005_0118.uasset" 7659
"../../../Engine/Content/EngineMaterials/Substrate/Glints2/dict_0005_0129.uasset" 7660
"../../../Engine/Content/EngineMaterials/Substrate/Glints2/dict_0005_0120.uasset" 7661
"../../../Engine/Content/EngineMaterials/Substrate/Glints2/dict_0005_0125.uasset" 7662
"../../../Engine/Content/EngineMaterials/Substrate/Glints2/dict_0005_0119.uasset" 7663
"/Engine/EngineMaterials/Substrate/Glints2/dict_0005_0131" 7664
"../../../Engine/Content/EngineMaterials/Substrate/Glints2/dict_0005_0114.uasset" 7665
"../../../Engine/Content/EngineMaterials/Substrate/Glints2/dict_0005_0112.uasset" 7666
"../../../Engine/Content/EngineMaterials/Substrate/Glints2/dict_0005_0113.uasset" 7667
"../../../Engine/Content/EngineMaterials/Substrate/Glints2/dict_0005_0115.uasset" 7668
"/Engine/EngineMaterials/Substrate/Glints2/dict_0005_0132" 7669
"/Engine/EngineMaterials/Substrate/Glints2/dict_0005_0133" 7670
"/Engine/EngineMaterials/Substrate/Glints2/dict_0005_0134" 7671
"/Engine/EngineMaterials/Substrate/Glints2/dict_0005_0135" 7672
"/Engine/EngineMaterials/Substrate/Glints2/dict_0005_0136" 7673
"/Engine/EngineMaterials/Substrate/Glints2/dict_0005_0137" 7674
"/Engine/EngineMaterials/Substrate/Glints2/dict_0005_0138" 7675
"/Engine/EngineMaterials/Substrate/Glints2/dict_0005_0139" 7676
"/Engine/EngineMaterials/Substrate/Glints2/dict_0005_0140" 7677
"/Engine/EngineMaterials/Substrate/Glints2/dict_0005_0141" 7678
"/Engine/EngineMaterials/Substrate/Glints2/dict_0005_0142" 7679
"/Engine/EngineMaterials/Substrate/Glints2/dict_0005_0143" 7680
"/Engine/EngineMaterials/Substrate/Glints2/dict_0005_0112" 7681
"../../../Engine/Content/EngineMaterials/Substrate/Glints2/dict_0005_0102.uasset" 7682
"../../../Engine/Content/EngineMaterials/Substrate/Glints2/dict_0005_0104.uasset" 7683
"../../../Engine/Content/EngineMaterials/Substrate/Glints2/dict_0005_0110.uasset" 7684
"../../../Engine/Content/EngineMaterials/Substrate/Glints2/dict_0005_0109.uasset" 7685
"../../../Engine/Content/EngineMaterials/Substrate/Glints2/dict_0005_0103.uasset" 7686
"../../../Engine/Content/EngineMaterials/Substrate/Glints2/dict_0005_0111.uasset" 7687
"../../../Engine/Content/EngineMaterials/Substrate/Glints2/dict_0005_0105.uasset" 7688
"../../../Engine/Content/EngineMaterials/Substrate/Glints2/dict_0005_0100.uasset" 7689
"../../../Engine/Content/EngineMaterials/Substrate/Glints2/dict_0005_0106.uasset" 7690
"../../../Engine/Content/EngineMaterials/Substrate/Glints2/dict_0005_0101.uasset" 7691
"../../../Engine/Content/EngineMaterials/Substrate/Glints2/dict_0005_0107.uasset" 7692
"../../../Engine/Content/EngineMaterials/Substrate/Glints2/dict_0005_0098.uasset" 7693
"../../../Engine/Content/EngineMaterials/Substrate/Glints2/dict_0005_0108.uasset" 7694
"/Engine/EngineMaterials/Substrate/Glints2/dict_0005_0113" 7695
"../../../Engine/Content/EngineMaterials/Substrate/Glints2/dict_0005_0099.uasset" 7696
"/Engine/EngineMaterials/Substrate/Glints2/dict_0005_0114" 7697
"/Engine/EngineMaterials/Substrate/Glints2/dict_0005_0115" 7698
"/Engine/EngineMaterials/Substrate/Glints2/dict_0005_0116" 7699
"/Engine/EngineMaterials/Substrate/Glints2/dict_0005_0117" 7700
"/Engine/EngineMaterials/Substrate/Glints2/dict_0005_0118" 7701
"/Engine/EngineMaterials/Substrate/Glints2/dict_0005_0119" 7702
"/Engine/EngineMaterials/Substrate/Glints2/dict_0005_0120" 7703
"/Engine/EngineMaterials/Substrate/Glints2/dict_0005_0121" 7704
"/Engine/EngineMaterials/Substrate/Glints2/dict_0005_0122" 7705
"/Engine/EngineMaterials/Substrate/Glints2/dict_0005_0123" 7706
"/Engine/EngineMaterials/Substrate/Glints2/dict_0005_0124" 7707
"/Engine/EngineMaterials/Substrate/Glints2/dict_0005_0125" 7708
"/Engine/EngineMaterials/Substrate/Glints2/dict_0005_0126" 7709
"/Engine/EngineMaterials/Substrate/Glints2/dict_0005_0127" 7710
"/Engine/EngineMaterials/Substrate/Glints2/dict_0005_0128" 7711
"/Engine/EngineMaterials/Substrate/Glints2/dict_0005_0129" 7712
"/Engine/EngineMaterials/Substrate/Glints2/dict_0005_0098" 7713
"../../../Engine/Content/EngineMaterials/Substrate/Glints2/dict_0005_0091.uasset" 7714
"../../../Engine/Content/EngineMaterials/Substrate/Glints2/dict_0005_0087.uasset" 7715
"../../../Engine/Content/EngineMaterials/Substrate/Glints2/dict_0005_0089.uasset" 7716
"../../../Engine/Content/EngineMaterials/Substrate/Glints2/dict_0005_0090.uasset" 7717
"../../../Engine/Content/EngineMaterials/Substrate/Glints2/dict_0005_0088.uasset" 7718
"../../../Engine/Content/EngineMaterials/Substrate/Glints2/dict_0005_0097.uasset" 7719
"../../../Engine/Content/EngineMaterials/Substrate/Glints2/dict_0005_0095.uasset" 7720
"../../../Engine/Content/EngineMaterials/Substrate/Glints2/dict_0005_0086.uasset" 7721
"../../../Engine/Content/EngineMaterials/Substrate/Glints2/dict_0005_0084.uasset" 7722
"../../../Engine/Content/EngineMaterials/Substrate/Glints2/dict_0005_0092.uasset" 7723
"../../../Engine/Content/EngineMaterials/Substrate/Glints2/dict_0005_0094.uasset" 7724
"../../../Engine/Content/EngineMaterials/Substrate/Glints2/dict_0005_0085.uasset" 7725
"/Engine/EngineMaterials/Substrate/Glints2/dict_0005_0099" 7726
"../../../Engine/Content/EngineMaterials/Substrate/Glints2/dict_0005_0096.uasset" 7727
"../../../Engine/Content/EngineMaterials/Substrate/Glints2/dict_0005_0083.uasset" 7728
"../../../Engine/Content/EngineMaterials/Substrate/Glints2/dict_0005_0093.uasset" 7729
"../../../Engine/Content/EngineMaterials/Substrate/Glints2/dict_0005_0081.uasset" 7730
"../../../Engine/Content/EngineMaterials/Substrate/Glints2/dict_0005_0080.uasset" 7731
"../../../Engine/Content/EngineMaterials/Substrate/Glints2/dict_0005_0082.uasset" 7732
"/Engine/EngineMaterials/Substrate/Glints2/dict_0005_0100" 7733
"/Engine/EngineMaterials/Substrate/Glints2/dict_0005_0101" 7734
"/Engine/EngineMaterials/Substrate/Glints2/dict_0005_0102" 7735
"/Engine/EngineMaterials/Substrate/Glints2/dict_0005_0103" 7736
"/Engine/EngineMaterials/Substrate/Glints2/dict_0005_0104" 7737
"/Engine/EngineMaterials/Substrate/Glints2/dict_0005_0105" 7738
"/Engine/EngineMaterials/Substrate/Glints2/dict_0005_0106" 7739
"/Engine/EngineMaterials/Substrate/Glints2/dict_0005_0107" 7740
"/Engine/EngineMaterials/Substrate/Glints2/dict_0005_0108" 7741
"/Engine/EngineMaterials/Substrate/Glints2/dict_0005_0109" 7742
"/Engine/EngineMaterials/Substrate/Glints2/dict_0005_0110" 7743
"/Engine/EngineMaterials/Substrate/Glints2/dict_0005_0111" 7744
"/Engine/EngineMaterials/Substrate/Glints2/dict_0005_0080" 7745
"../../../Engine/Content/EngineMaterials/Substrate/Glints2/dict_0005_0077.uasset" 7746
"../../../Engine/Content/EngineMaterials/Substrate/Glints2/dict_0005_0073.uasset" 7747
"../../../Engine/Content/EngineMaterials/Substrate/Glints2/dict_0005_0076.uasset" 7748
"../../../Engine/Content/EngineMaterials/Substrate/Glints2/dict_0005_0070.uasset" 7749
"../../../Engine/Content/EngineMaterials/Substrate/Glints2/dict_0005_0075.uasset" 7750
"../../../Engine/Content/EngineMaterials/Substrate/Glints2/dict_0005_0079.uasset" 7751
"../../../Engine/Content/EngineMaterials/Substrate/Glints2/dict_0005_0072.uasset" 7752
"../../../Engine/Content/EngineMaterials/Substrate/Glints2/dict_0005_0078.uasset" 7753
"../../../Engine/Content/EngineMaterials/Substrate/Glints2/dict_0005_0074.uasset" 7754
"../../../Engine/Content/EngineMaterials/Substrate/Glints2/dict_0005_0071.uasset" 7755
"../../../Engine/Content/EngineMaterials/Substrate/Glints2/dict_0005_0069.uasset" 7756
"../../../Engine/Content/EngineMaterials/Substrate/Glints2/dict_0005_0067.uasset" 7757
"../../../Engine/Content/EngineMaterials/Substrate/Glints2/dict_0005_0068.uasset" 7758
"/Engine/EngineMaterials/Substrate/Glints2/dict_0005_0081" 7759
"../../../Engine/Content/EngineMaterials/Substrate/Glints2/dict_0005_0066.uasset" 7760
"/Engine/EngineMaterials/Substrate/Glints2/dict_0005_0082" 7761
"/Engine/EngineMaterials/Substrate/Glints2/dict_0005_0083" 7762
"/Engine/EngineMaterials/Substrate/Glints2/dict_0005_0084" 7763
"/Engine/EngineMaterials/Substrate/Glints2/dict_0005_0085" 7764
"/Engine/EngineMaterials/Substrate/Glints2/dict_0005_0086" 7765
"/Engine/EngineMaterials/Substrate/Glints2/dict_0005_0087" 7766
"/Engine/EngineMaterials/Substrate/Glints2/dict_0005_0088" 7767
"/Engine/EngineMaterials/Substrate/Glints2/dict_0005_0089" 7768
"/Engine/EngineMaterials/Substrate/Glints2/dict_0005_0090" 7769
"/Engine/EngineMaterials/Substrate/Glints2/dict_0005_0091" 7770
"/Engine/EngineMaterials/Substrate/Glints2/dict_0005_0092" 7771
"/Engine/EngineMaterials/Substrate/Glints2/dict_0005_0093" 7772
"/Engine/EngineMaterials/Substrate/Glints2/dict_0005_0094" 7773
"/Engine/EngineMaterials/Substrate/Glints2/dict_0005_0095" 7774
"/Engine/EngineMaterials/Substrate/Glints2/dict_0005_0096" 7775
"/Engine/EngineMaterials/Substrate/Glints2/dict_0005_0097" 7776
"/Engine/EngineMaterials/Substrate/Glints2/dict_0005_0066" 7777
"../../../Engine/Content/EngineMaterials/Substrate/Glints2/dict_0005_0063.uasset" 7778
"../../../Engine/Content/EngineMaterials/Substrate/Glints2/dict_0005_0061.uasset" 7779
"../../../Engine/Content/EngineMaterials/Substrate/Glints2/dict_0005_0056.uasset" 7780
"../../../Engine/Content/EngineMaterials/Substrate/Glints2/dict_0005_0059.uasset" 7781
"../../../Engine/Content/EngineMaterials/Substrate/Glints2/dict_0005_0055.uasset" 7782
"../../../Engine/Content/EngineMaterials/Substrate/Glints2/dict_0005_0064.uasset" 7783
"../../../Engine/Content/EngineMaterials/Substrate/Glints2/dict_0005_0052.uasset" 7784
"../../../Engine/Content/EngineMaterials/Substrate/Glints2/dict_0005_0057.uasset" 7785
"../../../Engine/Content/EngineMaterials/Substrate/Glints2/dict_0005_0062.uasset" 7786
"../../../Engine/Content/EngineMaterials/Substrate/Glints2/dict_0005_0054.uasset" 7787
"../../../Engine/Content/EngineMaterials/Substrate/Glints2/dict_0005_0060.uasset" 7788
"../../../Engine/Content/EngineMaterials/Substrate/Glints2/dict_0005_0058.uasset" 7789
"../../../Engine/Content/EngineMaterials/Substrate/Glints2/dict_0005_0053.uasset" 7790
"../../../Engine/Content/EngineMaterials/Substrate/Glints2/dict_0005_0065.uasset" 7791
"/Engine/EngineMaterials/Substrate/Glints2/dict_0005_0067" 7792
"../../../Engine/Content/EngineMaterials/Substrate/Glints2/dict_0005_0049.uasset" 7793
"../../../Engine/Content/EngineMaterials/Substrate/Glints2/dict_0005_0051.uasset" 7794
"../../../Engine/Content/EngineMaterials/Substrate/Glints2/dict_0005_0050.uasset" 7795
"../../../Engine/Content/EngineMaterials/Substrate/Glints2/dict_0005_0048.uasset" 7796
"/Engine/EngineMaterials/Substrate/Glints2/dict_0005_0068" 7797
"/Engine/EngineMaterials/Substrate/Glints2/dict_0005_0069" 7798
"/Engine/EngineMaterials/Substrate/Glints2/dict_0005_0070" 7799
"/Engine/EngineMaterials/Substrate/Glints2/dict_0005_0071" 7800
"/Engine/EngineMaterials/Substrate/Glints2/dict_0005_0072" 7801
"/Engine/EngineMaterials/Substrate/Glints2/dict_0005_0073" 7802
"/Engine/EngineMaterials/Substrate/Glints2/dict_0005_0074" 7803
"/Engine/EngineMaterials/Substrate/Glints2/dict_0005_0075" 7804
"/Engine/EngineMaterials/Substrate/Glints2/dict_0005_0076" 7805
"/Engine/EngineMaterials/Substrate/Glints2/dict_0005_0077" 7806
"/Engine/EngineMaterials/Substrate/Glints2/dict_0005_0078" 7807
"/Engine/EngineMaterials/Substrate/Glints2/dict_0005_0079" 7808
"/Engine/EngineMaterials/Substrate/Glints2/dict_0005_0048" 7809
"../../../Engine/Content/EngineMaterials/Substrate/Glints2/dict_0005_0047.uasset" 7810
"../../../Engine/Content/EngineMaterials/Substrate/Glints2/dict_0005_0044.uasset" 7811
"../../../Engine/Content/EngineMaterials/Substrate/Glints2/dict_0005_0039.uasset" 7812
"../../../Engine/Content/EngineMaterials/Substrate/Glints2/dict_0005_0038.uasset" 7813
"../../../Engine/Content/EngineMaterials/Substrate/Glints2/dict_0005_0042.uasset" 7814
"../../../Engine/Content/EngineMaterials/Substrate/Glints2/dict_0005_0040.uasset" 7815
"../../../Engine/Content/EngineMaterials/Substrate/Glints2/dict_0005_0037.uasset" 7816
"../../../Engine/Content/EngineMaterials/Substrate/Glints2/dict_0005_0043.uasset" 7817
"../../../Engine/Content/EngineMaterials/Substrate/Glints2/dict_0005_0041.uasset" 7818
"../../../Engine/Content/EngineMaterials/Substrate/Glints2/dict_0005_0045.uasset" 7819
"../../../Engine/Content/EngineMaterials/Substrate/Glints2/dict_0005_0035.uasset" 7820
"../../../Engine/Content/EngineMaterials/Substrate/Glints2/dict_0005_0046.uasset" 7821
"/Engine/EngineMaterials/Substrate/Glints2/dict_0005_0049" 7822
"../../../Engine/Content/EngineMaterials/Substrate/Glints2/dict_0005_0034.uasset" 7823
"../../../Engine/Content/EngineMaterials/Substrate/Glints2/dict_0005_0036.uasset" 7824
"/Engine/EngineMaterials/Substrate/Glints2/dict_0005_0050" 7825
"/Engine/EngineMaterials/Substrate/Glints2/dict_0005_0051" 7826
"/Engine/EngineMaterials/Substrate/Glints2/dict_0005_0052" 7827
"/Engine/EngineMaterials/Substrate/Glints2/dict_0005_0053" 7828
"/Engine/EngineMaterials/Substrate/Glints2/dict_0005_0054" 7829
"/Engine/EngineMaterials/Substrate/Glints2/dict_0005_0055" 7830
"/Engine/EngineMaterials/Substrate/Glints2/dict_0005_0056" 7831
"/Engine/EngineMaterials/Substrate/Glints2/dict_0005_0057" 7832
"/Engine/EngineMaterials/Substrate/Glints2/dict_0005_0058" 7833
"/Engine/EngineMaterials/Substrate/Glints2/dict_0005_0059" 7834
"/Engine/EngineMaterials/Substrate/Glints2/dict_0005_0060" 7835
"/Engine/EngineMaterials/Substrate/Glints2/dict_0005_0061" 7836
"/Engine/EngineMaterials/Substrate/Glints2/dict_0005_0062" 7837
"/Engine/EngineMaterials/Substrate/Glints2/dict_0005_0063" 7838
"/Engine/EngineMaterials/Substrate/Glints2/dict_0005_0064" 7839
"/Engine/EngineMaterials/Substrate/Glints2/dict_0005_0065" 7840
"/Engine/EngineMaterials/Substrate/Glints2/dict_0005_0034" 7841
"../../../Engine/Content/EngineMaterials/Substrate/Glints2/dict_0005_0032.uasset" 7842
"../../../Engine/Content/EngineMaterials/Substrate/Glints2/dict_0005_0025.uasset" 7843
"../../../Engine/Content/EngineMaterials/Substrate/Glints2/dict_0005_0030.uasset" 7844
"../../../Engine/Content/EngineMaterials/Substrate/Glints2/dict_0005_0033.uasset" 7845
"../../../Engine/Content/EngineMaterials/Substrate/Glints2/dict_0005_0024.uasset" 7846
"../../../Engine/Content/EngineMaterials/Substrate/Glints2/dict_0005_0027.uasset" 7847
"../../../Engine/Content/EngineMaterials/Substrate/Glints2/dict_0005_0028.uasset" 7848
"../../../Engine/Content/EngineMaterials/Substrate/Glints2/dict_0005_0029.uasset" 7849
"../../../Engine/Content/EngineMaterials/Substrate/Glints2/dict_0005_0023.uasset" 7850
"../../../Engine/Content/EngineMaterials/Substrate/Glints2/dict_0005_0022.uasset" 7851
"../../../Engine/Content/EngineMaterials/Substrate/Glints2/dict_0005_0031.uasset" 7852
"../../../Engine/Content/EngineMaterials/Substrate/Glints2/dict_0005_0026.uasset" 7853
"../../../Engine/Content/EngineMaterials/Substrate/Glints2/dict_0005_0019.uasset" 7854
"../../../Engine/Content/EngineMaterials/Substrate/Glints2/dict_0005_0018.uasset" 7855
"../../../Engine/Content/EngineMaterials/Substrate/Glints2/dict_0005_0020.uasset" 7856
"../../../Engine/Content/EngineMaterials/Substrate/Glints2/dict_0005_0016.uasset" 7857
"../../../Engine/Content/EngineMaterials/Substrate/Glints2/dict_0005_0021.uasset" 7858
"/Engine/EngineMaterials/Substrate/Glints2/dict_0005_0035" 7859
"../../../Engine/Content/EngineMaterials/Substrate/Glints2/dict_0005_0017.uasset" 7860
"/Engine/EngineMaterials/Substrate/Glints2/dict_0005_0036" 7861
"/Engine/EngineMaterials/Substrate/Glints2/dict_0005_0037" 7862
"/Engine/EngineMaterials/Substrate/Glints2/dict_0005_0038" 7863
"/Engine/EngineMaterials/Substrate/Glints2/dict_0005_0039" 7864
"/Engine/EngineMaterials/Substrate/Glints2/dict_0005_0040" 7865
"/Engine/EngineMaterials/Substrate/Glints2/dict_0005_0041" 7866
"/Engine/EngineMaterials/Substrate/Glints2/dict_0005_0042" 7867
"/Engine/EngineMaterials/Substrate/Glints2/dict_0005_0043" 7868
"/Engine/EngineMaterials/Substrate/Glints2/dict_0005_0044" 7869
"/Engine/EngineMaterials/Substrate/Glints2/dict_0005_0045" 7870
"/Engine/EngineMaterials/Substrate/Glints2/dict_0005_0046" 7871
"/Engine/EngineMaterials/Substrate/Glints2/dict_0005_0047" 7872
"/Engine/EngineMaterials/Substrate/Glints2/dict_0005_0016" 7873
"../../../Engine/Content/EngineMaterials/Substrate/Glints2/dict_0005_0015.uasset" 7874
"../../../Engine/Content/EngineMaterials/Substrate/Glints2/dict_0005_0010.uasset" 7875
"../../../Engine/Content/EngineMaterials/Substrate/Glints2/dict_0005_0014.uasset" 7876
"../../../Engine/Content/EngineMaterials/Substrate/Glints2/dict_0005_0011.uasset" 7877
"../../../Engine/Content/EngineMaterials/Substrate/Glints2/dict_0005_0003.uasset" 7878
"../../../Engine/Content/EngineMaterials/Substrate/Glints2/dict_0005_0006.uasset" 7879
"../../../Engine/Content/EngineMaterials/Substrate/Glints2/dict_0005_0012.uasset" 7880
"../../../Engine/Content/EngineMaterials/Substrate/Glints2/dict_0005_0007.uasset" 7881
"../../../Engine/Content/EngineMaterials/Substrate/Glints2/dict_0005_0002.uasset" 7882
"../../../Engine/Content/EngineMaterials/Substrate/Glints2/dict_0005_0008.uasset" 7883
"../../../Engine/Content/EngineMaterials/Substrate/Glints2/dict_0005_0013.uasset" 7884
"../../../Engine/Content/EngineMaterials/Substrate/Glints2/dict_0005_0005.uasset" 7885
"/Engine/EngineMaterials/Substrate/Glints2/dict_0005_0017" 7886
"../../../Engine/Content/EngineMaterials/Substrate/Glints2/dict_0005_0004.uasset" 7887
"../../../Engine/Content/EngineMaterials/Substrate/Glints2/dict_0005_0009.uasset" 7888
"/Engine/EngineMaterials/Substrate/Glints2/dict_0005_0018" 7889
"/Engine/EngineMaterials/Substrate/Glints2/dict_0005_0019" 7890
"/Engine/EngineMaterials/Substrate/Glints2/dict_0005_0020" 7891
"/Engine/EngineMaterials/Substrate/Glints2/dict_0005_0021" 7892
"/Engine/EngineMaterials/Substrate/Glints2/dict_0005_0022" 7893
"/Engine/EngineMaterials/Substrate/Glints2/dict_0005_0023" 7894
"/Engine/EngineMaterials/Substrate/Glints2/dict_0005_0024" 7895
"/Engine/EngineMaterials/Substrate/Glints2/dict_0005_0025" 7896
"/Engine/EngineMaterials/Substrate/Glints2/dict_0005_0026" 7897
"/Engine/EngineMaterials/Substrate/Glints2/dict_0005_0027" 7898
"/Engine/EngineMaterials/Substrate/Glints2/dict_0005_0028" 7899
"/Engine/EngineMaterials/Substrate/Glints2/dict_0005_0029" 7900
"/Engine/EngineMaterials/Substrate/Glints2/dict_0005_0030" 7901
"/Engine/EngineMaterials/Substrate/Glints2/dict_0005_0031" 7902
"/Engine/EngineMaterials/Substrate/Glints2/dict_0005_0032" 7903
"/Engine/EngineMaterials/Substrate/Glints2/dict_0005_0033" 7904
"/Engine/EngineMaterials/Substrate/Glints2/dict_0005_0002" 7905
"../../../Engine/Content/EngineMaterials/Substrate/Glints2/dict_0004_0251.uasset" 7906
"../../../Engine/Content/EngineMaterials/Substrate/Glints2/dict_0004_0250.uasset" 7907
"../../../Engine/Content/EngineMaterials/Substrate/Glints2/dict_0004_0247.uasset" 7908
"../../../Engine/Content/EngineMaterials/Substrate/Glints2/dict_0004_0249.uasset" 7909
"../../../Engine/Content/EngineMaterials/Substrate/Glints2/dict_0004_0254.uasset" 7910
"../../../Engine/Content/EngineMaterials/Substrate/Glints2/dict_0004_0248.uasset" 7911
"../../../Engine/Content/EngineMaterials/Substrate/Glints2/dict_0005_0000.uasset" 7912
"../../../Engine/Content/EngineMaterials/Substrate/Glints2/dict_0004_0246.uasset" 7913
"../../../Engine/Content/EngineMaterials/Substrate/Glints2/dict_0005_0001.uasset" 7914
"../../../Engine/Content/EngineMaterials/Substrate/Glints2/dict_0004_0253.uasset" 7915
"../../../Engine/Content/EngineMaterials/Substrate/Glints2/dict_0004_0255.uasset" 7916
"../../../Engine/Content/EngineMaterials/Substrate/Glints2/dict_0004_0243.uasset" 7917
"../../../Engine/Content/EngineMaterials/Substrate/Glints2/dict_0004_0245.uasset" 7918
"../../../Engine/Content/EngineMaterials/Substrate/Glints2/dict_0004_0242.uasset" 7919
"../../../Engine/Content/EngineMaterials/Substrate/Glints2/dict_0004_0252.uasset" 7920
"../../../Engine/Content/EngineMaterials/Substrate/Glints2/dict_0004_0244.uasset" 7921
"/Engine/EngineMaterials/Substrate/Glints2/dict_0005_0003" 7922
"../../../Engine/Content/EngineMaterials/Substrate/Glints2/dict_0004_0240.uasset" 7923
"../../../Engine/Content/EngineMaterials/Substrate/Glints2/dict_0004_0241.uasset" 7924
"/Engine/EngineMaterials/Substrate/Glints2/dict_0005_0004" 7925
"/Engine/EngineMaterials/Substrate/Glints2/dict_0005_0005" 7926
"/Engine/EngineMaterials/Substrate/Glints2/dict_0005_0006" 7927
"/Engine/EngineMaterials/Substrate/Glints2/dict_0005_0007" 7928
"/Engine/EngineMaterials/Substrate/Glints2/dict_0005_0008" 7929
"/Engine/EngineMaterials/Substrate/Glints2/dict_0005_0009" 7930
"/Engine/EngineMaterials/Substrate/Glints2/dict_0005_0010" 7931
"/Engine/EngineMaterials/Substrate/Glints2/dict_0005_0011" 7932
"/Engine/EngineMaterials/Substrate/Glints2/dict_0005_0012" 7933
"/Engine/EngineMaterials/Substrate/Glints2/dict_0005_0013" 7934
"/Engine/EngineMaterials/Substrate/Glints2/dict_0005_0014" 7935
"/Engine/EngineMaterials/Substrate/Glints2/dict_0005_0015" 7936
"/Engine/EngineMaterials/Substrate/Glints2/dict_0004_0240" 7937
"../../../Engine/Content/EngineMaterials/Substrate/Glints2/dict_0004_0232.uasset" 7938
"../../../Engine/Content/EngineMaterials/Substrate/Glints2/dict_0004_0239.uasset" 7939
"../../../Engine/Content/EngineMaterials/Substrate/Glints2/dict_0004_0231.uasset" 7940
"../../../Engine/Content/EngineMaterials/Substrate/Glints2/dict_0004_0234.uasset" 7941
"../../../Engine/Content/EngineMaterials/Substrate/Glints2/dict_0004_0227.uasset" 7942
"../../../Engine/Content/EngineMaterials/Substrate/Glints2/dict_0004_0233.uasset" 7943
"../../../Engine/Content/EngineMaterials/Substrate/Glints2/dict_0004_0228.uasset" 7944
"../../../Engine/Content/EngineMaterials/Substrate/Glints2/dict_0004_0236.uasset" 7945
"/Engine/EngineMaterials/Substrate/Glints2/dict_0004_0241" 7946
"../../../Engine/Content/EngineMaterials/Substrate/Glints2/dict_0004_0238.uasset" 7947
"../../../Engine/Content/EngineMaterials/Substrate/Glints2/dict_0004_0235.uasset" 7948
"../../../Engine/Content/EngineMaterials/Substrate/Glints2/dict_0004_0237.uasset" 7949
"../../../Engine/Content/EngineMaterials/Substrate/Glints2/dict_0004_0229.uasset" 7950
"../../../Engine/Content/EngineMaterials/Substrate/Glints2/dict_0004_0230.uasset" 7951
"../../../Engine/Content/EngineMaterials/Substrate/Glints2/dict_0004_0226.uasset" 7952
"/Engine/EngineMaterials/Substrate/Glints2/dict_0004_0242" 7953
"/Engine/EngineMaterials/Substrate/Glints2/dict_0004_0243" 7954
"/Engine/EngineMaterials/Substrate/Glints2/dict_0004_0244" 7955
"/Engine/EngineMaterials/Substrate/Glints2/dict_0004_0245" 7956
"/Engine/EngineMaterials/Substrate/Glints2/dict_0004_0246" 7957
"/Engine/EngineMaterials/Substrate/Glints2/dict_0004_0247" 7958
"/Engine/EngineMaterials/Substrate/Glints2/dict_0004_0248" 7959
"/Engine/EngineMaterials/Substrate/Glints2/dict_0004_0249" 7960
"/Engine/EngineMaterials/Substrate/Glints2/dict_0004_0250" 7961
"/Engine/EngineMaterials/Substrate/Glints2/dict_0004_0251" 7962
"/Engine/EngineMaterials/Substrate/Glints2/dict_0004_0252" 7963
"/Engine/EngineMaterials/Substrate/Glints2/dict_0004_0253" 7964
"/Engine/EngineMaterials/Substrate/Glints2/dict_0004_0254" 7965
"/Engine/EngineMaterials/Substrate/Glints2/dict_0004_0255" 7966
"/Engine/EngineMaterials/Substrate/Glints2/dict_0005_0000" 7967
"/Engine/EngineMaterials/Substrate/Glints2/dict_0005_0001" 7968
"/Engine/EngineMaterials/Substrate/Glints2/dict_0004_0226" 7969
"../../../Engine/Content/EngineMaterials/Substrate/Glints2/dict_0004_0218.uasset" 7970
"../../../Engine/Content/EngineMaterials/Substrate/Glints2/dict_0004_0225.uasset" 7971
"../../../Engine/Content/EngineMaterials/Substrate/Glints2/dict_0004_0222.uasset" 7972
"../../../Engine/Content/EngineMaterials/Substrate/Glints2/dict_0004_0216.uasset" 7973
"../../../Engine/Content/EngineMaterials/Substrate/Glints2/dict_0004_0224.uasset" 7974
"../../../Engine/Content/EngineMaterials/Substrate/Glints2/dict_0004_0223.uasset" 7975
"../../../Engine/Content/EngineMaterials/Substrate/Glints2/dict_0004_0221.uasset" 7976
"../../../Engine/Content/EngineMaterials/Substrate/Glints2/dict_0004_0219.uasset" 7977
"../../../Engine/Content/EngineMaterials/Substrate/Glints2/dict_0004_0215.uasset" 7978
"../../../Engine/Content/EngineMaterials/Substrate/Glints2/dict_0004_0220.uasset" 7979
"../../../Engine/Content/EngineMaterials/Substrate/Glints2/dict_0004_0217.uasset" 7980
"../../../Engine/Content/EngineMaterials/Substrate/Glints2/dict_0004_0211.uasset" 7981
"../../../Engine/Content/EngineMaterials/Substrate/Glints2/dict_0004_0213.uasset" 7982
"../../../Engine/Content/EngineMaterials/Substrate/Glints2/dict_0004_0209.uasset" 7983
"../../../Engine/Content/EngineMaterials/Substrate/Glints2/dict_0004_0208.uasset" 7984
"../../../Engine/Content/EngineMaterials/Substrate/Glints2/dict_0004_0214.uasset" 7985
"../../../Engine/Content/EngineMaterials/Substrate/Glints2/dict_0004_0210.uasset" 7986
"../../../Engine/Content/EngineMaterials/Substrate/Glints2/dict_0004_0212.uasset" 7987
"/Engine/EngineMaterials/Substrate/Glints2/dict_0004_0227" 7988
"/Engine/EngineMaterials/Substrate/Glints2/dict_0004_0228" 7989
"/Engine/EngineMaterials/Substrate/Glints2/dict_0004_0229" 7990
"/Engine/EngineMaterials/Substrate/Glints2/dict_0004_0230" 7991
"/Engine/EngineMaterials/Substrate/Glints2/dict_0004_0231" 7992
"/Engine/EngineMaterials/Substrate/Glints2/dict_0004_0232" 7993
"/Engine/EngineMaterials/Substrate/Glints2/dict_0004_0233" 7994
"/Engine/EngineMaterials/Substrate/Glints2/dict_0004_0234" 7995
"/Engine/EngineMaterials/Substrate/Glints2/dict_0004_0235" 7996
"/Engine/EngineMaterials/Substrate/Glints2/dict_0004_0236" 7997
"/Engine/EngineMaterials/Substrate/Glints2/dict_0004_0237" 7998
"/Engine/EngineMaterials/Substrate/Glints2/dict_0004_0238" 7999
"/Engine/EngineMaterials/Substrate/Glints2/dict_0004_0239" 8000
"/Engine/EngineMaterials/Substrate/Glints2/dict_0004_0208" 8001
"../../../Engine/Content/EngineMaterials/Substrate/Glints2/dict_0004_0198.uasset" 8002
"../../../Engine/Content/EngineMaterials/Substrate/Glints2/dict_0004_0207.uasset" 8003
"../../../Engine/Content/EngineMaterials/Substrate/Glints2/dict_0004_0201.uasset" 8004
"../../../Engine/Content/EngineMaterials/Substrate/Glints2/dict_0004_0204.uasset" 8005
"../../../Engine/Content/EngineMaterials/Substrate/Glints2/dict_0004_0205.uasset" 8006
"../../../Engine/Content/EngineMaterials/Substrate/Glints2/dict_0004_0200.uasset" 8007
"../../../Engine/Content/EngineMaterials/Substrate/Glints2/dict_0004_0203.uasset" 8008
"../../../Engine/Content/EngineMaterials/Substrate/Glints2/dict_0004_0194.uasset" 8009
"../../../Engine/Content/EngineMaterials/Substrate/Glints2/dict_0004_0206.uasset" 8010
"../../../Engine/Content/EngineMaterials/Substrate/Glints2/dict_0004_0195.uasset" 8011
"../../../Engine/Content/EngineMaterials/Substrate/Glints2/dict_0004_0202.uasset" 8012
"../../../Engine/Content/EngineMaterials/Substrate/Glints2/dict_0004_0196.uasset" 8013
"../../../Engine/Content/EngineMaterials/Substrate/Glints2/dict_0004_0199.uasset" 8014
"../../../Engine/Content/EngineMaterials/Substrate/Glints2/dict_0004_0197.uasset" 8015
"/Engine/EngineMaterials/Substrate/Glints2/dict_0004_0209" 8016
"/Engine/EngineMaterials/Substrate/Glints2/dict_0004_0210" 8017
"/Engine/EngineMaterials/Substrate/Glints2/dict_0004_0211" 8018
"/Engine/EngineMaterials/Substrate/Glints2/dict_0004_0212" 8019
"/Engine/EngineMaterials/Substrate/Glints2/dict_0004_0213" 8020
"/Engine/EngineMaterials/Substrate/Glints2/dict_0004_0214" 8021
"/Engine/EngineMaterials/Substrate/Glints2/dict_0004_0215" 8022
"/Engine/EngineMaterials/Substrate/Glints2/dict_0004_0216" 8023
"/Engine/EngineMaterials/Substrate/Glints2/dict_0004_0217" 8024
"/Engine/EngineMaterials/Substrate/Glints2/dict_0004_0218" 8025
"/Engine/EngineMaterials/Substrate/Glints2/dict_0004_0219" 8026
"/Engine/EngineMaterials/Substrate/Glints2/dict_0004_0220" 8027
"/Engine/EngineMaterials/Substrate/Glints2/dict_0004_0221" 8028
"/Engine/EngineMaterials/Substrate/Glints2/dict_0004_0222" 8029
"/Engine/EngineMaterials/Substrate/Glints2/dict_0004_0223" 8030
"/Engine/EngineMaterials/Substrate/Glints2/dict_0004_0224" 8031
"/Engine/EngineMaterials/Substrate/Glints2/dict_0004_0225" 8032
"/Engine/EngineMaterials/Substrate/Glints2/dict_0004_0194" 8033
"../../../Engine/Content/EngineMaterials/Substrate/Glints2/dict_0004_0189.uasset" 8034
"../../../Engine/Content/EngineMaterials/Substrate/Glints2/dict_0004_0185.uasset" 8035
"../../../Engine/Content/EngineMaterials/Substrate/Glints2/dict_0004_0182.uasset" 8036
"../../../Engine/Content/EngineMaterials/Substrate/Glints2/dict_0004_0184.uasset" 8037
"../../../Engine/Content/EngineMaterials/Substrate/Glints2/dict_0004_0191.uasset" 8038
"../../../Engine/Content/EngineMaterials/Substrate/Glints2/dict_0004_0190.uasset" 8039
"../../../Engine/Content/EngineMaterials/Substrate/Glints2/dict_0004_0188.uasset" 8040
"../../../Engine/Content/EngineMaterials/Substrate/Glints2/dict_0004_0186.uasset" 8041
"../../../Engine/Content/EngineMaterials/Substrate/Glints2/dict_0004_0193.uasset" 8042
"../../../Engine/Content/EngineMaterials/Substrate/Glints2/dict_0004_0183.uasset" 8043
"../../../Engine/Content/EngineMaterials/Substrate/Glints2/dict_0004_0181.uasset" 8044
"../../../Engine/Content/EngineMaterials/Substrate/Glints2/dict_0004_0180.uasset" 8045
"../../../Engine/Content/EngineMaterials/Substrate/Glints2/dict_0004_0187.uasset" 8046
"../../../Engine/Content/EngineMaterials/Substrate/Glints2/dict_0004_0192.uasset" 8047
"/Engine/EngineMaterials/Substrate/Glints2/dict_0004_0195" 8048
"../../../Engine/Content/EngineMaterials/Substrate/Glints2/dict_0004_0179.uasset" 8049
"../../../Engine/Content/EngineMaterials/Substrate/Glints2/dict_0004_0177.uasset" 8050
"../../../Engine/Content/EngineMaterials/Substrate/Glints2/dict_0004_0178.uasset" 8051
"../../../Engine/Content/EngineMaterials/Substrate/Glints2/dict_0004_0176.uasset" 8052
"/Engine/EngineMaterials/Substrate/Glints2/dict_0004_0196" 8053
"/Engine/EngineMaterials/Substrate/Glints2/dict_0004_0197" 8054
"/Engine/EngineMaterials/Substrate/Glints2/dict_0004_0198" 8055
"/Engine/EngineMaterials/Substrate/Glints2/dict_0004_0199" 8056
"/Engine/EngineMaterials/Substrate/Glints2/dict_0004_0200" 8057
"/Engine/EngineMaterials/Substrate/Glints2/dict_0004_0201" 8058
"/Engine/EngineMaterials/Substrate/Glints2/dict_0004_0202" 8059
"/Engine/EngineMaterials/Substrate/Glints2/dict_0004_0203" 8060
"/Engine/EngineMaterials/Substrate/Glints2/dict_0004_0204" 8061
"/Engine/EngineMaterials/Substrate/Glints2/dict_0004_0205" 8062
"/Engine/EngineMaterials/Substrate/Glints2/dict_0004_0206" 8063
"/Engine/EngineMaterials/Substrate/Glints2/dict_0004_0207" 8064
"/Engine/EngineMaterials/Substrate/Glints2/dict_0004_0176" 8065
"../../../Engine/Content/EngineMaterials/Substrate/Glints2/dict_0004_0171.uasset" 8066
"../../../Engine/Content/EngineMaterials/Substrate/Glints2/dict_0004_0170.uasset" 8067
"../../../Engine/Content/EngineMaterials/Substrate/Glints2/dict_0004_0169.uasset" 8068
"../../../Engine/Content/EngineMaterials/Substrate/Glints2/dict_0004_0166.uasset" 8069
"../../../Engine/Content/EngineMaterials/Substrate/Glints2/dict_0004_0164.uasset" 8070
"../../../Engine/Content/EngineMaterials/Substrate/Glints2/dict_0004_0165.uasset" 8071
"../../../Engine/Content/EngineMaterials/Substrate/Glints2/dict_0004_0175.uasset" 8072
"../../../Engine/Content/EngineMaterials/Substrate/Glints2/dict_0004_0168.uasset" 8073
"../../../Engine/Content/EngineMaterials/Substrate/Glints2/dict_0004_0173.uasset" 8074
"../../../Engine/Content/EngineMaterials/Substrate/Glints2/dict_0004_0172.uasset" 8075
"../../../Engine/Content/EngineMaterials/Substrate/Glints2/dict_0004_0174.uasset" 8076
"../../../Engine/Content/EngineMaterials/Substrate/Glints2/dict_0004_0167.uasset" 8077
"../../../Engine/Content/EngineMaterials/Substrate/Glints2/dict_0004_0162.uasset" 8078
"../../../Engine/Content/EngineMaterials/Substrate/Glints2/dict_0004_0163.uasset" 8079
"/Engine/EngineMaterials/Substrate/Glints2/dict_0004_0177" 8080
"/Engine/EngineMaterials/Substrate/Glints2/dict_0004_0178" 8081
"/Engine/EngineMaterials/Substrate/Glints2/dict_0004_0179" 8082
"/Engine/EngineMaterials/Substrate/Glints2/dict_0004_0180" 8083
"/Engine/EngineMaterials/Substrate/Glints2/dict_0004_0181" 8084
"/Engine/EngineMaterials/Substrate/Glints2/dict_0004_0182" 8085
"/Engine/EngineMaterials/Substrate/Glints2/dict_0004_0183" 8086
"/Engine/EngineMaterials/Substrate/Glints2/dict_0004_0184" 8087
"/Engine/EngineMaterials/Substrate/Glints2/dict_0004_0185" 8088
"/Engine/EngineMaterials/Substrate/Glints2/dict_0004_0186" 8089
"/Engine/EngineMaterials/Substrate/Glints2/dict_0004_0187" 8090
"/Engine/EngineMaterials/Substrate/Glints2/dict_0004_0188" 8091
"/Engine/EngineMaterials/Substrate/Glints2/dict_0004_0189" 8092
"/Engine/EngineMaterials/Substrate/Glints2/dict_0004_0190" 8093
"/Engine/EngineMaterials/Substrate/Glints2/dict_0004_0191" 8094
"/Engine/EngineMaterials/Substrate/Glints2/dict_0004_0192" 8095
"/Engine/EngineMaterials/Substrate/Glints2/dict_0004_0193" 8096
"/Engine/EngineMaterials/Substrate/Glints2/dict_0004_0162" 8097
"../../../Engine/Content/EngineMaterials/Substrate/Glints2/dict_0004_0161.uasset" 8098
"../../../Engine/Content/EngineMaterials/Substrate/Glints2/dict_0004_0160.uasset" 8099
"../../../Engine/Content/EngineMaterials/Substrate/Glints2/dict_0004_0151.uasset" 8100
"../../../Engine/Content/EngineMaterials/Substrate/Glints2/dict_0004_0155.uasset" 8101
"../../../Engine/Content/EngineMaterials/Substrate/Glints2/dict_0004_0150.uasset" 8102
"../../../Engine/Content/EngineMaterials/Substrate/Glints2/dict_0004_0158.uasset" 8103
"../../../Engine/Content/EngineMaterials/Substrate/Glints2/dict_0004_0152.uasset" 8104
"../../../Engine/Content/EngineMaterials/Substrate/Glints2/dict_0004_0159.uasset" 8105
"../../../Engine/Content/EngineMaterials/Substrate/Glints2/dict_0004_0156.uasset" 8106
"../../../Engine/Content/EngineMaterials/Substrate/Glints2/dict_0004_0153.uasset" 8107
"../../../Engine/Content/EngineMaterials/Substrate/Glints2/dict_0004_0154.uasset" 8108
"../../../Engine/Content/EngineMaterials/Substrate/Glints2/dict_0004_0149.uasset" 8109
"../../../Engine/Content/EngineMaterials/Substrate/Glints2/dict_0004_0157.uasset" 8110
"../../../Engine/Content/EngineMaterials/Substrate/Glints2/dict_0004_0148.uasset" 8111
"../../../Engine/Content/EngineMaterials/Substrate/Glints2/dict_0004_0147.uasset" 8112
"../../../Engine/Content/EngineMaterials/Substrate/Glints2/dict_0004_0146.uasset" 8113
"../../../Engine/Content/EngineMaterials/Substrate/Glints2/dict_0004_0144.uasset" 8114
"../../../Engine/Content/EngineMaterials/Substrate/Glints2/dict_0004_0145.uasset" 8115
"/Engine/EngineMaterials/Substrate/Glints2/dict_0004_0163" 8116
"/Engine/EngineMaterials/Substrate/Glints2/dict_0004_0164" 8117
"/Engine/EngineMaterials/Substrate/Glints2/dict_0004_0165" 8118
"/Engine/EngineMaterials/Substrate/Glints2/dict_0004_0166" 8119
"/Engine/EngineMaterials/Substrate/Glints2/dict_0004_0167" 8120
"/Engine/EngineMaterials/Substrate/Glints2/dict_0004_0168" 8121
"/Engine/EngineMaterials/Substrate/Glints2/dict_0004_0169" 8122
"/Engine/EngineMaterials/Substrate/Glints2/dict_0004_0170" 8123
"/Engine/EngineMaterials/Substrate/Glints2/dict_0004_0171" 8124
"/Engine/EngineMaterials/Substrate/Glints2/dict_0004_0172" 8125
"/Engine/EngineMaterials/Substrate/Glints2/dict_0004_0173" 8126
"/Engine/EngineMaterials/Substrate/Glints2/dict_0004_0174" 8127
"/Engine/EngineMaterials/Substrate/Glints2/dict_0004_0175" 8128
"/Engine/EngineMaterials/Substrate/Glints2/dict_0004_0144" 8129
"../../../Engine/Content/EngineMaterials/Substrate/Glints2/dict_0004_0134.uasset" 8130
"../../../Engine/Content/EngineMaterials/Substrate/Glints2/dict_0004_0135.uasset" 8131
"../../../Engine/Content/EngineMaterials/Substrate/Glints2/dict_0004_0142.uasset" 8132
"../../../Engine/Content/EngineMaterials/Substrate/Glints2/dict_0004_0139.uasset" 8133
"../../../Engine/Content/EngineMaterials/Substrate/Glints2/dict_0004_0137.uasset" 8134
"../../../Engine/Content/EngineMaterials/Substrate/Glints2/dict_0004_0141.uasset" 8135
"../../../Engine/Content/EngineMaterials/Substrate/Glints2/dict_0004_0143.uasset" 8136
"../../../Engine/Content/EngineMaterials/Substrate/Glints2/dict_0004_0138.uasset" 8137
"../../../Engine/Content/EngineMaterials/Substrate/Glints2/dict_0004_0140.uasset" 8138
"../../../Engine/Content/EngineMaterials/Substrate/Glints2/dict_0004_0136.uasset" 8139
"../../../Engine/Content/EngineMaterials/Substrate/Glints2/dict_0004_0132.uasset" 8140
"../../../Engine/Content/EngineMaterials/Substrate/Glints2/dict_0004_0131.uasset" 8141
"../../../Engine/Content/EngineMaterials/Substrate/Glints2/dict_0004_0133.uasset" 8142
"../../../Engine/Content/EngineMaterials/Substrate/Glints2/dict_0004_0130.uasset" 8143
"/Engine/EngineMaterials/Substrate/Glints2/dict_0004_0145" 8144
"/Engine/EngineMaterials/Substrate/Glints2/dict_0004_0146" 8145
"/Engine/EngineMaterials/Substrate/Glints2/dict_0004_0147" 8146
"/Engine/EngineMaterials/Substrate/Glints2/dict_0004_0148" 8147
"/Engine/EngineMaterials/Substrate/Glints2/dict_0004_0149" 8148
"/Engine/EngineMaterials/Substrate/Glints2/dict_0004_0150" 8149
"/Engine/EngineMaterials/Substrate/Glints2/dict_0004_0151" 8150
"/Engine/EngineMaterials/Substrate/Glints2/dict_0004_0152" 8151
"/Engine/EngineMaterials/Substrate/Glints2/dict_0004_0153" 8152
"/Engine/EngineMaterials/Substrate/Glints2/dict_0004_0154" 8153
"/Engine/EngineMaterials/Substrate/Glints2/dict_0004_0155" 8154
"/Engine/EngineMaterials/Substrate/Glints2/dict_0004_0156" 8155
"/Engine/EngineMaterials/Substrate/Glints2/dict_0004_0157" 8156
"/Engine/EngineMaterials/Substrate/Glints2/dict_0004_0158" 8157
"/Engine/EngineMaterials/Substrate/Glints2/dict_0004_0159" 8158
"/Engine/EngineMaterials/Substrate/Glints2/dict_0004_0160" 8159
"/Engine/EngineMaterials/Substrate/Glints2/dict_0004_0161" 8160
"../../../Engine/Content/EngineMaterials/Substrate/Glints2/dict_0004_0123.uasset" 8161
"../../../Engine/Content/EngineMaterials/Substrate/Glints2/dict_0004_0118.uasset" 8162
"../../../Engine/Content/EngineMaterials/Substrate/Glints2/dict_0004_0119.uasset" 8163
"/Engine/EngineMaterials/Substrate/Glints2/dict_0004_0130" 8164
"../../../Engine/Content/EngineMaterials/Substrate/Glints2/dict_0004_0125.uasset" 8165
"../../../Engine/Content/EngineMaterials/Substrate/Glints2/dict_0004_0122.uasset" 8166
"../../../Engine/Content/EngineMaterials/Substrate/Glints2/dict_0004_0128.uasset" 8167
"../../../Engine/Content/EngineMaterials/Substrate/Glints2/dict_0004_0120.uasset" 8168
"../../../Engine/Content/EngineMaterials/Substrate/Glints2/dict_0004_0127.uasset" 8169
"../../../Engine/Content/EngineMaterials/Substrate/Glints2/dict_0004_0117.uasset" 8170
"../../../Engine/Content/EngineMaterials/Substrate/Glints2/dict_0004_0124.uasset" 8171
"../../../Engine/Content/EngineMaterials/Substrate/Glints2/dict_0004_0121.uasset" 8172
"../../../Engine/Content/EngineMaterials/Substrate/Glints2/dict_0004_0126.uasset" 8173
"../../../Engine/Content/EngineMaterials/Substrate/Glints2/dict_0004_0116.uasset" 8174
"../../../Engine/Content/EngineMaterials/Substrate/Glints2/dict_0004_0129.uasset" 8175
"../../../Engine/Content/EngineMaterials/Substrate/Glints2/dict_0004_0115.uasset" 8176
"../../../Engine/Content/EngineMaterials/Substrate/Glints2/dict_0004_0113.uasset" 8177
"../../../Engine/Content/EngineMaterials/Substrate/Glints2/dict_0004_0112.uasset" 8178
"../../../Engine/Content/EngineMaterials/Substrate/Glints2/dict_0004_0114.uasset" 8179
"/Engine/EngineMaterials/Substrate/Glints2/dict_0004_0131" 8180
"/Engine/EngineMaterials/Substrate/Glints2/dict_0004_0132" 8181
"/Engine/EngineMaterials/Substrate/Glints2/dict_0004_0133" 8182
"/Engine/EngineMaterials/Substrate/Glints2/dict_0004_0134" 8183
"/Engine/EngineMaterials/Substrate/Glints2/dict_0004_0135" 8184
"/Engine/EngineMaterials/Substrate/Glints2/dict_0004_0136" 8185
"/Engine/EngineMaterials/Substrate/Glints2/dict_0004_0137" 8186
"/Engine/EngineMaterials/Substrate/Glints2/dict_0004_0138" 8187
"/Engine/EngineMaterials/Substrate/Glints2/dict_0004_0139" 8188
"/Engine/EngineMaterials/Substrate/Glints2/dict_0004_0140" 8189
"/Engine/EngineMaterials/Substrate/Glints2/dict_0004_0141" 8190
"/Engine/EngineMaterials/Substrate/Glints2/dict_0004_0142" 8191
"/Engine/EngineMaterials/Substrate/Glints2/dict_0004_0143" 8192
"/Engine/EngineMaterials/Substrate/Glints2/dict_0004_0112" 8193
"../../../Engine/Content/EngineMaterials/Substrate/Glints2/dict_0004_0109.uasset" 8194
"../../../Engine/Content/EngineMaterials/Substrate/Glints2/dict_0004_0103.uasset" 8195
"../../../Engine/Content/EngineMaterials/Substrate/Glints2/dict_0004_0105.uasset" 8196
"../../../Engine/Content/EngineMaterials/Substrate/Glints2/dict_0004_0107.uasset" 8197
"../../../Engine/Content/EngineMaterials/Substrate/Glints2/dict_0004_0099.uasset" 8198
"../../../Engine/Content/EngineMaterials/Substrate/Glints2/dict_0004_0102.uasset" 8199
"../../../Engine/Content/EngineMaterials/Substrate/Glints2/dict_0004_0101.uasset" 8200
"../../../Engine/Content/EngineMaterials/Substrate/Glints2/dict_0004_0100.uasset" 8201
"../../../Engine/Content/EngineMaterials/Substrate/Glints2/dict_0004_0110.uasset" 8202
"../../../Engine/Content/EngineMaterials/Substrate/Glints2/dict_0004_0106.uasset" 8203
"../../../Engine/Content/EngineMaterials/Substrate/Glints2/dict_0004_0098.uasset" 8204
"../../../Engine/Content/EngineMaterials/Substrate/Glints2/dict_0004_0108.uasset" 8205
"/Engine/EngineMaterials/Substrate/Glints2/dict_0004_0113" 8206
"../../../Engine/Content/EngineMaterials/Substrate/Glints2/dict_0004_0111.uasset" 8207
"../../../Engine/Content/EngineMaterials/Substrate/Glints2/dict_0004_0104.uasset" 8208
"/Engine/EngineMaterials/Substrate/Glints2/dict_0004_0114" 8209
"/Engine/EngineMaterials/Substrate/Glints2/dict_0004_0115" 8210
"/Engine/EngineMaterials/Substrate/Glints2/dict_0004_0116" 8211
"/Engine/EngineMaterials/Substrate/Glints2/dict_0004_0117" 8212
"/Engine/EngineMaterials/Substrate/Glints2/dict_0004_0118" 8213
"/Engine/EngineMaterials/Substrate/Glints2/dict_0004_0119" 8214
"/Engine/EngineMaterials/Substrate/Glints2/dict_0004_0120" 8215
"/Engine/EngineMaterials/Substrate/Glints2/dict_0004_0121" 8216
"/Engine/EngineMaterials/Substrate/Glints2/dict_0004_0122" 8217
"/Engine/EngineMaterials/Substrate/Glints2/dict_0004_0123" 8218
"/Engine/EngineMaterials/Substrate/Glints2/dict_0004_0124" 8219
"/Engine/EngineMaterials/Substrate/Glints2/dict_0004_0125" 8220
"/Engine/EngineMaterials/Substrate/Glints2/dict_0004_0126" 8221
"/Engine/EngineMaterials/Substrate/Glints2/dict_0004_0127" 8222
"/Engine/EngineMaterials/Substrate/Glints2/dict_0004_0128" 8223
"/Engine/EngineMaterials/Substrate/Glints2/dict_0004_0129" 8224
"/Engine/EngineMaterials/Substrate/Glints2/dict_0004_0098" 8225
"../../../Engine/Content/EngineMaterials/Substrate/Glints2/dict_0004_0086.uasset" 8226
"../../../Engine/Content/EngineMaterials/Substrate/Glints2/dict_0004_0090.uasset" 8227
"../../../Engine/Content/EngineMaterials/Substrate/Glints2/dict_0004_0092.uasset" 8228
"../../../Engine/Content/EngineMaterials/Substrate/Glints2/dict_0004_0097.uasset" 8229
"../../../Engine/Content/EngineMaterials/Substrate/Glints2/dict_0004_0087.uasset" 8230
"../../../Engine/Content/EngineMaterials/Substrate/Glints2/dict_0004_0089.uasset" 8231
"../../../Engine/Content/EngineMaterials/Substrate/Glints2/dict_0004_0094.uasset" 8232
"../../../Engine/Content/EngineMaterials/Substrate/Glints2/dict_0004_0096.uasset" 8233
"../../../Engine/Content/EngineMaterials/Substrate/Glints2/dict_0004_0088.uasset" 8234
"../../../Engine/Content/EngineMaterials/Substrate/Glints2/dict_0004_0084.uasset" 8235
"../../../Engine/Content/EngineMaterials/Substrate/Glints2/dict_0004_0095.uasset" 8236
"../../../Engine/Content/EngineMaterials/Substrate/Glints2/dict_0004_0093.uasset" 8237
"../../../Engine/Content/EngineMaterials/Substrate/Glints2/dict_0004_0091.uasset" 8238
"/Engine/EngineMaterials/Substrate/Glints2/dict_0004_0099" 8239
"../../../Engine/Content/EngineMaterials/Substrate/Glints2/dict_0004_0085.uasset" 8240
"../../../Engine/Content/EngineMaterials/Substrate/Glints2/dict_0004_0083.uasset" 8241
"../../../Engine/Content/EngineMaterials/Substrate/Glints2/dict_0004_0082.uasset" 8242
"../../../Engine/Content/EngineMaterials/Substrate/Glints2/dict_0004_0080.uasset" 8243
"../../../Engine/Content/EngineMaterials/Substrate/Glints2/dict_0004_0081.uasset" 8244
"/Engine/EngineMaterials/Substrate/Glints2/dict_0004_0100" 8245
"/Engine/EngineMaterials/Substrate/Glints2/dict_0004_0101" 8246
"/Engine/EngineMaterials/Substrate/Glints2/dict_0004_0102" 8247
"/Engine/EngineMaterials/Substrate/Glints2/dict_0004_0103" 8248
"/Engine/EngineMaterials/Substrate/Glints2/dict_0004_0104" 8249
"/Engine/EngineMaterials/Substrate/Glints2/dict_0004_0105" 8250
"/Engine/EngineMaterials/Substrate/Glints2/dict_0004_0106" 8251
"/Engine/EngineMaterials/Substrate/Glints2/dict_0004_0107" 8252
"/Engine/EngineMaterials/Substrate/Glints2/dict_0004_0108" 8253
"/Engine/EngineMaterials/Substrate/Glints2/dict_0004_0109" 8254
"/Engine/EngineMaterials/Substrate/Glints2/dict_0004_0110" 8255
"/Engine/EngineMaterials/Substrate/Glints2/dict_0004_0111" 8256
"/Engine/EngineMaterials/Substrate/Glints2/dict_0004_0080" 8257
"../../../Engine/Content/EngineMaterials/Substrate/Glints2/dict_0004_0076.uasset" 8258
"../../../Engine/Content/EngineMaterials/Substrate/Glints2/dict_0004_0070.uasset" 8259
"../../../Engine/Content/EngineMaterials/Substrate/Glints2/dict_0004_0073.uasset" 8260
"../../../Engine/Content/EngineMaterials/Substrate/Glints2/dict_0004_0077.uasset" 8261
"../../../Engine/Content/EngineMaterials/Substrate/Glints2/dict_0004_0071.uasset" 8262
"../../../Engine/Content/EngineMaterials/Substrate/Glints2/dict_0004_0079.uasset" 8263
"../../../Engine/Content/EngineMaterials/Substrate/Glints2/dict_0004_0075.uasset" 8264
"../../../Engine/Content/EngineMaterials/Substrate/Glints2/dict_0004_0069.uasset" 8265
"../../../Engine/Content/EngineMaterials/Substrate/Glints2/dict_0004_0072.uasset" 8266
"../../../Engine/Content/EngineMaterials/Substrate/Glints2/dict_0004_0078.uasset" 8267
"../../../Engine/Content/EngineMaterials/Substrate/Glints2/dict_0004_0068.uasset" 8268
"../../../Engine/Content/EngineMaterials/Substrate/Glints2/dict_0004_0067.uasset" 8269
"../../../Engine/Content/EngineMaterials/Substrate/Glints2/dict_0004_0066.uasset" 8270
"../../../Engine/Content/EngineMaterials/Substrate/Glints2/dict_0004_0074.uasset" 8271
"/Engine/EngineMaterials/Substrate/Glints2/dict_0004_0081" 8272
"/Engine/EngineMaterials/Substrate/Glints2/dict_0004_0082" 8273
"/Engine/EngineMaterials/Substrate/Glints2/dict_0004_0083" 8274
"/Engine/EngineMaterials/Substrate/Glints2/dict_0004_0084" 8275
"/Engine/EngineMaterials/Substrate/Glints2/dict_0004_0085" 8276
"/Engine/EngineMaterials/Substrate/Glints2/dict_0004_0086" 8277
"/Engine/EngineMaterials/Substrate/Glints2/dict_0004_0087" 8278
"/Engine/EngineMaterials/Substrate/Glints2/dict_0004_0088" 8279
"/Engine/EngineMaterials/Substrate/Glints2/dict_0004_0089" 8280
"/Engine/EngineMaterials/Substrate/Glints2/dict_0004_0090" 8281
"/Engine/EngineMaterials/Substrate/Glints2/dict_0004_0091" 8282
"/Engine/EngineMaterials/Substrate/Glints2/dict_0004_0092" 8283
"/Engine/EngineMaterials/Substrate/Glints2/dict_0004_0093" 8284
"/Engine/EngineMaterials/Substrate/Glints2/dict_0004_0094" 8285
"/Engine/EngineMaterials/Substrate/Glints2/dict_0004_0095" 8286
"/Engine/EngineMaterials/Substrate/Glints2/dict_0004_0096" 8287
"/Engine/EngineMaterials/Substrate/Glints2/dict_0004_0097" 8288
"/Engine/EngineMaterials/Substrate/Glints2/dict_0004_0066" 8289
"../../../Engine/Content/EngineMaterials/Substrate/Glints2/dict_0004_0059.uasset" 8290
"../../../Engine/Content/EngineMaterials/Substrate/Glints2/dict_0004_0058.uasset" 8291
"../../../Engine/Content/EngineMaterials/Substrate/Glints2/dict_0004_0065.uasset" 8292
"../../../Engine/Content/EngineMaterials/Substrate/Glints2/dict_0004_0060.uasset" 8293
"../../../Engine/Content/EngineMaterials/Substrate/Glints2/dict_0004_0063.uasset" 8294
"../../../Engine/Content/EngineMaterials/Substrate/Glints2/dict_0004_0062.uasset" 8295
"../../../Engine/Content/EngineMaterials/Substrate/Glints2/dict_0004_0056.uasset" 8296
"/Engine/EngineMaterials/Substrate/Glints2/dict_0004_0067" 8297
"../../../Engine/Content/EngineMaterials/Substrate/Glints2/dict_0004_0061.uasset" 8298
"../../../Engine/Content/EngineMaterials/Substrate/Glints2/dict_0004_0064.uasset" 8299
"/Engine/EngineMaterials/Substrate/Glints2/dict_0004_0068" 8300
"../../../Engine/Content/EngineMaterials/Substrate/Glints2/dict_0004_0055.uasset" 8301
"../../../Engine/Content/EngineMaterials/Substrate/Glints2/dict_0004_0057.uasset" 8302
"/Engine/EngineMaterials/Substrate/Glints2/dict_0004_0069" 8303
"../../../Engine/Content/EngineMaterials/Substrate/Glints2/dict_0004_0053.uasset" 8304
"../../../Engine/Content/EngineMaterials/Substrate/Glints2/dict_0004_0054.uasset" 8305
"../../../Engine/Content/EngineMaterials/Substrate/Glints2/dict_0004_0052.uasset" 8306
"../../../Engine/Content/EngineMaterials/Substrate/Glints2/dict_0004_0050.uasset" 8307
"../../../Engine/Content/EngineMaterials/Substrate/Glints2/dict_0004_0048.uasset" 8308
"../../../Engine/Content/EngineMaterials/Substrate/Glints2/dict_0004_0051.uasset" 8309
"../../../Engine/Content/EngineMaterials/Substrate/Glints2/dict_0004_0049.uasset" 8310
"/Engine/EngineMaterials/Substrate/Glints2/dict_0004_0070" 8311
"/Engine/EngineMaterials/Substrate/Glints2/dict_0004_0071" 8312
"/Engine/EngineMaterials/Substrate/Glints2/dict_0004_0072" 8313
"/Engine/EngineMaterials/Substrate/Glints2/dict_0004_0073" 8314
"/Engine/EngineMaterials/Substrate/Glints2/dict_0004_0074" 8315
"/Engine/EngineMaterials/Substrate/Glints2/dict_0004_0075" 8316
"/Engine/EngineMaterials/Substrate/Glints2/dict_0004_0076" 8317
"/Engine/EngineMaterials/Substrate/Glints2/dict_0004_0077" 8318
"/Engine/EngineMaterials/Substrate/Glints2/dict_0004_0078" 8319
"/Engine/EngineMaterials/Substrate/Glints2/dict_0004_0079" 8320
"/Engine/EngineMaterials/Substrate/Glints2/dict_0004_0048" 8321
"../../../Engine/Content/EngineMaterials/Substrate/Glints2/dict_0004_0047.uasset" 8322
"../../../Engine/Content/EngineMaterials/Substrate/Glints2/dict_0004_0044.uasset" 8323
"../../../Engine/Content/EngineMaterials/Substrate/Glints2/dict_0004_0038.uasset" 8324
"../../../Engine/Content/EngineMaterials/Substrate/Glints2/dict_0004_0043.uasset" 8325
"../../../Engine/Content/EngineMaterials/Substrate/Glints2/dict_0004_0046.uasset" 8326
"../../../Engine/Content/EngineMaterials/Substrate/Glints2/dict_0004_0042.uasset" 8327
"../../../Engine/Content/EngineMaterials/Substrate/Glints2/dict_0004_0045.uasset" 8328
"../../../Engine/Content/EngineMaterials/Substrate/Glints2/dict_0004_0039.uasset" 8329
"../../../Engine/Content/EngineMaterials/Substrate/Glints2/dict_0004_0041.uasset" 8330
"../../../Engine/Content/EngineMaterials/Substrate/Glints2/dict_0004_0040.uasset" 8331
"../../../Engine/Content/EngineMaterials/Substrate/Glints2/dict_0004_0034.uasset" 8332
"../../../Engine/Content/EngineMaterials/Substrate/Glints2/dict_0004_0036.uasset" 8333
"../../../Engine/Content/EngineMaterials/Substrate/Glints2/dict_0004_0037.uasset" 8334
"../../../Engine/Content/EngineMaterials/Substrate/Glints2/dict_0004_0035.uasset" 8335
"/Engine/EngineMaterials/Substrate/Glints2/dict_0004_0049" 8336
"/Engine/EngineMaterials/Substrate/Glints2/dict_0004_0050" 8337
"/Engine/EngineMaterials/Substrate/Glints2/dict_0004_0051" 8338
"/Engine/EngineMaterials/Substrate/Glints2/dict_0004_0052" 8339
"/Engine/EngineMaterials/Substrate/Glints2/dict_0004_0053" 8340
"/Engine/EngineMaterials/Substrate/Glints2/dict_0004_0054" 8341
"/Engine/EngineMaterials/Substrate/Glints2/dict_0004_0055" 8342
"/Engine/EngineMaterials/Substrate/Glints2/dict_0004_0056" 8343
"/Engine/EngineMaterials/Substrate/Glints2/dict_0004_0057" 8344
"/Engine/EngineMaterials/Substrate/Glints2/dict_0004_0058" 8345
"/Engine/EngineMaterials/Substrate/Glints2/dict_0004_0059" 8346
"/Engine/EngineMaterials/Substrate/Glints2/dict_0004_0060" 8347
"/Engine/EngineMaterials/Substrate/Glints2/dict_0004_0061" 8348
"/Engine/EngineMaterials/Substrate/Glints2/dict_0004_0062" 8349
"/Engine/EngineMaterials/Substrate/Glints2/dict_0004_0063" 8350
"/Engine/EngineMaterials/Substrate/Glints2/dict_0004_0064" 8351
"/Engine/EngineMaterials/Substrate/Glints2/dict_0004_0065" 8352
"/Engine/EngineMaterials/Substrate/Glints2/dict_0004_0034" 8353
"../../../Engine/Content/EngineMaterials/Substrate/Glints2/dict_0004_0025.uasset" 8354
"../../../Engine/Content/EngineMaterials/Substrate/Glints2/dict_0004_0023.uasset" 8355
"../../../Engine/Content/EngineMaterials/Substrate/Glints2/dict_0004_0024.uasset" 8356
"../../../Engine/Content/EngineMaterials/Substrate/Glints2/dict_0004_0032.uasset" 8357
"../../../Engine/Content/EngineMaterials/Substrate/Glints2/dict_0004_0027.uasset" 8358
"../../../Engine/Content/EngineMaterials/Substrate/Glints2/dict_0004_0022.uasset" 8359
"../../../Engine/Content/EngineMaterials/Substrate/Glints2/dict_0004_0033.uasset" 8360
"../../../Engine/Content/EngineMaterials/Substrate/Glints2/dict_0004_0030.uasset" 8361
"../../../Engine/Content/EngineMaterials/Substrate/Glints2/dict_0004_0031.uasset" 8362
"../../../Engine/Content/EngineMaterials/Substrate/Glints2/dict_0004_0028.uasset" 8363
"../../../Engine/Content/EngineMaterials/Substrate/Glints2/dict_0004_0029.uasset" 8364
"../../../Engine/Content/EngineMaterials/Substrate/Glints2/dict_0004_0026.uasset" 8365
"../../../Engine/Content/EngineMaterials/Substrate/Glints2/dict_0004_0020.uasset" 8366
"/Engine/EngineMaterials/Substrate/Glints2/dict_0004_0035" 8367
"../../../Engine/Content/EngineMaterials/Substrate/Glints2/dict_0004_0021.uasset" 8368
"../../../Engine/Content/EngineMaterials/Substrate/Glints2/dict_0004_0019.uasset" 8369
"../../../Engine/Content/EngineMaterials/Substrate/Glints2/dict_0004_0018.uasset" 8370
"../../../Engine/Content/EngineMaterials/Substrate/Glints2/dict_0004_0016.uasset" 8371
"../../../Engine/Content/EngineMaterials/Substrate/Glints2/dict_0004_0017.uasset" 8372
"/Engine/EngineMaterials/Substrate/Glints2/dict_0004_0036" 8373
"/Engine/EngineMaterials/Substrate/Glints2/dict_0004_0037" 8374
"/Engine/EngineMaterials/Substrate/Glints2/dict_0004_0038" 8375
"/Engine/EngineMaterials/Substrate/Glints2/dict_0004_0039" 8376
"/Engine/EngineMaterials/Substrate/Glints2/dict_0004_0040" 8377
"/Engine/EngineMaterials/Substrate/Glints2/dict_0004_0041" 8378
"/Engine/EngineMaterials/Substrate/Glints2/dict_0004_0042" 8379
"/Engine/EngineMaterials/Substrate/Glints2/dict_0004_0043" 8380
"/Engine/EngineMaterials/Substrate/Glints2/dict_0004_0044" 8381
"/Engine/EngineMaterials/Substrate/Glints2/dict_0004_0045" 8382
"/Engine/EngineMaterials/Substrate/Glints2/dict_0004_0046" 8383
"/Engine/EngineMaterials/Substrate/Glints2/dict_0004_0047" 8384
"/Engine/EngineMaterials/Substrate/Glints2/dict_0004_0016" 8385
"../../../Engine/Content/EngineMaterials/Substrate/Glints2/dict_0004_0014.uasset" 8386
"../../../Engine/Content/EngineMaterials/Substrate/Glints2/dict_0004_0006.uasset" 8387
"../../../Engine/Content/EngineMaterials/Substrate/Glints2/dict_0004_0010.uasset" 8388
"../../../Engine/Content/EngineMaterials/Substrate/Glints2/dict_0004_0015.uasset" 8389
"../../../Engine/Content/EngineMaterials/Substrate/Glints2/dict_0004_0007.uasset" 8390
"../../../Engine/Content/EngineMaterials/Substrate/Glints2/dict_0004_0008.uasset" 8391
"../../../Engine/Content/EngineMaterials/Substrate/Glints2/dict_0004_0009.uasset" 8392
"../../../Engine/Content/EngineMaterials/Substrate/Glints2/dict_0004_0013.uasset" 8393
"../../../Engine/Content/EngineMaterials/Substrate/Glints2/dict_0004_0012.uasset" 8394
"../../../Engine/Content/EngineMaterials/Substrate/Glints2/dict_0004_0011.uasset" 8395
"/Engine/EngineMaterials/Substrate/Glints2/dict_0004_0017" 8396
"../../../Engine/Content/EngineMaterials/Substrate/Glints2/dict_0004_0003.uasset" 8397
"../../../Engine/Content/EngineMaterials/Substrate/Glints2/dict_0004_0002.uasset" 8398
"../../../Engine/Content/EngineMaterials/Substrate/Glints2/dict_0004_0004.uasset" 8399
"../../../Engine/Content/EngineMaterials/Substrate/Glints2/dict_0004_0005.uasset" 8400
"/Engine/EngineMaterials/Substrate/Glints2/dict_0004_0018" 8401
"/Engine/EngineMaterials/Substrate/Glints2/dict_0004_0019" 8402
"/Engine/EngineMaterials/Substrate/Glints2/dict_0004_0020" 8403
"/Engine/EngineMaterials/Substrate/Glints2/dict_0004_0021" 8404
"/Engine/EngineMaterials/Substrate/Glints2/dict_0004_0022" 8405
"/Engine/EngineMaterials/Substrate/Glints2/dict_0004_0023" 8406
"/Engine/EngineMaterials/Substrate/Glints2/dict_0004_0024" 8407
"/Engine/EngineMaterials/Substrate/Glints2/dict_0004_0025" 8408
"/Engine/EngineMaterials/Substrate/Glints2/dict_0004_0026" 8409
"/Engine/EngineMaterials/Substrate/Glints2/dict_0004_0027" 8410
"/Engine/EngineMaterials/Substrate/Glints2/dict_0004_0028" 8411
"/Engine/EngineMaterials/Substrate/Glints2/dict_0004_0029" 8412
"/Engine/EngineMaterials/Substrate/Glints2/dict_0004_0030" 8413
"/Engine/EngineMaterials/Substrate/Glints2/dict_0004_0031" 8414
"/Engine/EngineMaterials/Substrate/Glints2/dict_0004_0032" 8415
"/Engine/EngineMaterials/Substrate/Glints2/dict_0004_0033" 8416
"/Engine/EngineMaterials/Substrate/Glints2/dict_0004_0002" 8417
"../../../Engine/Content/EngineMaterials/Substrate/Glints2/dict_0003_0255.uasset" 8418
"../../../Engine/Content/EngineMaterials/Substrate/Glints2/dict_0004_0000.uasset" 8419
"../../../Engine/Content/EngineMaterials/Substrate/Glints2/dict_0003_0248.uasset" 8420
"../../../Engine/Content/EngineMaterials/Substrate/Glints2/dict_0003_0247.uasset" 8421
"../../../Engine/Content/EngineMaterials/Substrate/Glints2/dict_0003_0249.uasset" 8422
"../../../Engine/Content/EngineMaterials/Substrate/Glints2/dict_0003_0250.uasset" 8423
"/Engine/EngineMaterials/Substrate/Glints2/dict_0004_0003" 8424
"../../../Engine/Content/EngineMaterials/Substrate/Glints2/dict_0003_0251.uasset" 8425
"../../../Engine/Content/EngineMaterials/Substrate/Glints2/dict_0003_0254.uasset" 8426
"../../../Engine/Content/EngineMaterials/Substrate/Glints2/dict_0003_0245.uasset" 8427
"/Engine/EngineMaterials/Substrate/Glints2/dict_0004_0004" 8428
"../../../Engine/Content/EngineMaterials/Substrate/Glints2/dict_0004_0001.uasset" 8429
"../../../Engine/Content/EngineMaterials/Substrate/Glints2/dict_0003_0244.uasset" 8430
"/Engine/EngineMaterials/Substrate/Glints2/dict_0004_0005" 8431
"../../../Engine/Content/EngineMaterials/Substrate/Glints2/dict_0003_0243.uasset" 8432
"../../../Engine/Content/EngineMaterials/Substrate/Glints2/dict_0003_0253.uasset" 8433
"../../../Engine/Content/EngineMaterials/Substrate/Glints2/dict_0003_0241.uasset" 8434
"../../../Engine/Content/EngineMaterials/Substrate/Glints2/dict_0003_0246.uasset" 8435
"../../../Engine/Content/EngineMaterials/Substrate/Glints2/dict_0003_0252.uasset" 8436
"../../../Engine/Content/EngineMaterials/Substrate/Glints2/dict_0003_0240.uasset" 8437
"../../../Engine/Content/EngineMaterials/Substrate/Glints2/dict_0003_0242.uasset" 8438
"/Engine/EngineMaterials/Substrate/Glints2/dict_0004_0006" 8439
"/Engine/EngineMaterials/Substrate/Glints2/dict_0004_0007" 8440
"/Engine/EngineMaterials/Substrate/Glints2/dict_0004_0008" 8441
"/Engine/EngineMaterials/Substrate/Glints2/dict_0004_0009" 8442
"/Engine/EngineMaterials/Substrate/Glints2/dict_0004_0010" 8443
"/Engine/EngineMaterials/Substrate/Glints2/dict_0004_0011" 8444
"/Engine/EngineMaterials/Substrate/Glints2/dict_0004_0012" 8445
"/Engine/EngineMaterials/Substrate/Glints2/dict_0004_0013" 8446
"/Engine/EngineMaterials/Substrate/Glints2/dict_0004_0014" 8447
"/Engine/EngineMaterials/Substrate/Glints2/dict_0004_0015" 8448
"/Engine/EngineMaterials/Substrate/Glints2/dict_0003_0240" 8449
"../../../Engine/Content/EngineMaterials/Substrate/Glints2/dict_0003_0235.uasset" 8450
"../../../Engine/Content/EngineMaterials/Substrate/Glints2/dict_0003_0239.uasset" 8451
"../../../Engine/Content/EngineMaterials/Substrate/Glints2/dict_0003_0231.uasset" 8452
"../../../Engine/Content/EngineMaterials/Substrate/Glints2/dict_0003_0237.uasset" 8453
"../../../Engine/Content/EngineMaterials/Substrate/Glints2/dict_0003_0233.uasset" 8454
"../../../Engine/Content/EngineMaterials/Substrate/Glints2/dict_0003_0234.uasset" 8455
"../../../Engine/Content/EngineMaterials/Substrate/Glints2/dict_0003_0230.uasset" 8456
"../../../Engine/Content/EngineMaterials/Substrate/Glints2/dict_0003_0226.uasset" 8457
"../../../Engine/Content/EngineMaterials/Substrate/Glints2/dict_0003_0238.uasset" 8458
"../../../Engine/Content/EngineMaterials/Substrate/Glints2/dict_0003_0232.uasset" 8459
"../../../Engine/Content/EngineMaterials/Substrate/Glints2/dict_0003_0227.uasset" 8460
"../../../Engine/Content/EngineMaterials/Substrate/Glints2/dict_0003_0236.uasset" 8461
"../../../Engine/Content/EngineMaterials/Substrate/Glints2/dict_0003_0228.uasset" 8462
"/Engine/EngineMaterials/Substrate/Glints2/dict_0003_0241" 8463
"../../../Engine/Content/EngineMaterials/Substrate/Glints2/dict_0003_0229.uasset" 8464
"/Engine/EngineMaterials/Substrate/Glints2/dict_0003_0242" 8465
"/Engine/EngineMaterials/Substrate/Glints2/dict_0003_0243" 8466
"/Engine/EngineMaterials/Substrate/Glints2/dict_0003_0244" 8467
"/Engine/EngineMaterials/Substrate/Glints2/dict_0003_0245" 8468
"/Engine/EngineMaterials/Substrate/Glints2/dict_0003_0246" 8469
"/Engine/EngineMaterials/Substrate/Glints2/dict_0003_0247" 8470
"/Engine/EngineMaterials/Substrate/Glints2/dict_0003_0248" 8471
"/Engine/EngineMaterials/Substrate/Glints2/dict_0003_0249" 8472
"/Engine/EngineMaterials/Substrate/Glints2/dict_0003_0250" 8473
"/Engine/EngineMaterials/Substrate/Glints2/dict_0003_0251" 8474
"/Engine/EngineMaterials/Substrate/Glints2/dict_0003_0252" 8475
"/Engine/EngineMaterials/Substrate/Glints2/dict_0003_0253" 8476
"/Engine/EngineMaterials/Substrate/Glints2/dict_0003_0254" 8477
"/Engine/EngineMaterials/Substrate/Glints2/dict_0003_0255" 8478
"/Engine/EngineMaterials/Substrate/Glints2/dict_0004_0000" 8479
"/Engine/EngineMaterials/Substrate/Glints2/dict_0004_0001" 8480
"/Engine/EngineMaterials/Substrate/Glints2/dict_0003_0226" 8481
"../../../Engine/Content/EngineMaterials/Substrate/Glints2/dict_0003_0225.uasset" 8482
"../../../Engine/Content/EngineMaterials/Substrate/Glints2/dict_0003_0222.uasset" 8483
"../../../Engine/Content/EngineMaterials/Substrate/Glints2/dict_0003_0215.uasset" 8484
"../../../Engine/Content/EngineMaterials/Substrate/Glints2/dict_0003_0220.uasset" 8485
"../../../Engine/Content/EngineMaterials/Substrate/Glints2/dict_0003_0223.uasset" 8486
"../../../Engine/Content/EngineMaterials/Substrate/Glints2/dict_0003_0214.uasset" 8487
"../../../Engine/Content/EngineMaterials/Substrate/Glints2/dict_0003_0224.uasset" 8488
"../../../Engine/Content/EngineMaterials/Substrate/Glints2/dict_0003_0221.uasset" 8489
"../../../Engine/Content/EngineMaterials/Substrate/Glints2/dict_0003_0217.uasset" 8490
"../../../Engine/Content/EngineMaterials/Substrate/Glints2/dict_0003_0219.uasset" 8491
"../../../Engine/Content/EngineMaterials/Substrate/Glints2/dict_0003_0213.uasset" 8492
"../../../Engine/Content/EngineMaterials/Substrate/Glints2/dict_0003_0216.uasset" 8493
"../../../Engine/Content/EngineMaterials/Substrate/Glints2/dict_0003_0212.uasset" 8494
"../../../Engine/Content/EngineMaterials/Substrate/Glints2/dict_0003_0211.uasset" 8495
"../../../Engine/Content/EngineMaterials/Substrate/Glints2/dict_0003_0218.uasset" 8496
"../../../Engine/Content/EngineMaterials/Substrate/Glints2/dict_0003_0209.uasset" 8497
"../../../Engine/Content/EngineMaterials/Substrate/Glints2/dict_0003_0210.uasset" 8498
"/Engine/EngineMaterials/Substrate/Glints2/dict_0003_0227" 8499
"../../../Engine/Content/EngineMaterials/Substrate/Glints2/dict_0003_0208.uasset" 8500
"/Engine/EngineMaterials/Substrate/Glints2/dict_0003_0228" 8501
"/Engine/EngineMaterials/Substrate/Glints2/dict_0003_0229" 8502
"/Engine/EngineMaterials/Substrate/Glints2/dict_0003_0230" 8503
"/Engine/EngineMaterials/Substrate/Glints2/dict_0003_0231" 8504
"/Engine/EngineMaterials/Substrate/Glints2/dict_0003_0232" 8505
"/Engine/EngineMaterials/Substrate/Glints2/dict_0003_0233" 8506
"/Engine/EngineMaterials/Substrate/Glints2/dict_0003_0234" 8507
"/Engine/EngineMaterials/Substrate/Glints2/dict_0003_0235" 8508
"/Engine/EngineMaterials/Substrate/Glints2/dict_0003_0236" 8509
"/Engine/EngineMaterials/Substrate/Glints2/dict_0003_0237" 8510
"/Engine/EngineMaterials/Substrate/Glints2/dict_0003_0238" 8511
"/Engine/EngineMaterials/Substrate/Glints2/dict_0003_0239" 8512
"/Engine/EngineMaterials/Substrate/Glints2/dict_0003_0208" 8513
"../../../Engine/Content/EngineMaterials/Substrate/Glints2/dict_0003_0207.uasset" 8514
"../../../Engine/Content/EngineMaterials/Substrate/Glints2/dict_0003_0205.uasset" 8515
"../../../Engine/Content/EngineMaterials/Substrate/Glints2/dict_0003_0206.uasset" 8516
"../../../Engine/Content/EngineMaterials/Substrate/Glints2/dict_0003_0201.uasset" 8517
"../../../Engine/Content/EngineMaterials/Substrate/Glints2/dict_0003_0202.uasset" 8518
"../../../Engine/Content/EngineMaterials/Substrate/Glints2/dict_0003_0204.uasset" 8519
"../../../Engine/Content/EngineMaterials/Substrate/Glints2/dict_0003_0200.uasset" 8520
"../../../Engine/Content/EngineMaterials/Substrate/Glints2/dict_0003_0198.uasset" 8521
"../../../Engine/Content/EngineMaterials/Substrate/Glints2/dict_0003_0199.uasset" 8522
"../../../Engine/Content/EngineMaterials/Substrate/Glints2/dict_0003_0195.uasset" 8523
"/Engine/EngineMaterials/Substrate/Glints2/dict_0003_0209" 8524
"../../../Engine/Content/EngineMaterials/Substrate/Glints2/dict_0003_0203.uasset" 8525
"../../../Engine/Content/EngineMaterials/Substrate/Glints2/dict_0003_0196.uasset" 8526
"../../../Engine/Content/EngineMaterials/Substrate/Glints2/dict_0003_0194.uasset" 8527
"../../../Engine/Content/EngineMaterials/Substrate/Glints2/dict_0003_0197.uasset" 8528
"/Engine/EngineMaterials/Substrate/Glints2/dict_0003_0210" 8529
"/Engine/EngineMaterials/Substrate/Glints2/dict_0003_0211" 8530
"/Engine/EngineMaterials/Substrate/Glints2/dict_0003_0212" 8531
"/Engine/EngineMaterials/Substrate/Glints2/dict_0003_0213" 8532
"/Engine/EngineMaterials/Substrate/Glints2/dict_0003_0214" 8533
"/Engine/EngineMaterials/Substrate/Glints2/dict_0003_0215" 8534
"/Engine/EngineMaterials/Substrate/Glints2/dict_0003_0216" 8535
"/Engine/EngineMaterials/Substrate/Glints2/dict_0003_0217" 8536
"/Engine/EngineMaterials/Substrate/Glints2/dict_0003_0218" 8537
"/Engine/EngineMaterials/Substrate/Glints2/dict_0003_0219" 8538
"/Engine/EngineMaterials/Substrate/Glints2/dict_0003_0220" 8539
"/Engine/EngineMaterials/Substrate/Glints2/dict_0003_0221" 8540
"/Engine/EngineMaterials/Substrate/Glints2/dict_0003_0222" 8541
"/Engine/EngineMaterials/Substrate/Glints2/dict_0003_0223" 8542
"/Engine/EngineMaterials/Substrate/Glints2/dict_0003_0224" 8543
"/Engine/EngineMaterials/Substrate/Glints2/dict_0003_0225" 8544
"/Engine/EngineMaterials/Substrate/Glints2/dict_0003_0194" 8545
"../../../Engine/Content/EngineMaterials/Substrate/Glints2/dict_0003_0188.uasset" 8546
"../../../Engine/Content/EngineMaterials/Substrate/Glints2/dict_0003_0192.uasset" 8547
"../../../Engine/Content/EngineMaterials/Substrate/Glints2/dict_0003_0190.uasset" 8548
"../../../Engine/Content/EngineMaterials/Substrate/Glints2/dict_0003_0193.uasset" 8549
"../../../Engine/Content/EngineMaterials/Substrate/Glints2/dict_0003_0182.uasset" 8550
"../../../Engine/Content/EngineMaterials/Substrate/Glints2/dict_0003_0186.uasset" 8551
"../../../Engine/Content/EngineMaterials/Substrate/Glints2/dict_0003_0189.uasset" 8552
"../../../Engine/Content/EngineMaterials/Substrate/Glints2/dict_0003_0185.uasset" 8553
"../../../Engine/Content/EngineMaterials/Substrate/Glints2/dict_0003_0191.uasset" 8554
"../../../Engine/Content/EngineMaterials/Substrate/Glints2/dict_0003_0184.uasset" 8555
"../../../Engine/Content/EngineMaterials/Substrate/Glints2/dict_0003_0187.uasset" 8556
"../../../Engine/Content/EngineMaterials/Substrate/Glints2/dict_0003_0181.uasset" 8557
"../../../Engine/Content/EngineMaterials/Substrate/Glints2/dict_0003_0183.uasset" 8558
"../../../Engine/Content/EngineMaterials/Substrate/Glints2/dict_0003_0180.uasset" 8559
"/Engine/EngineMaterials/Substrate/Glints2/dict_0003_0195" 8560
"../../../Engine/Content/EngineMaterials/Substrate/Glints2/dict_0003_0177.uasset" 8561
"../../../Engine/Content/EngineMaterials/Substrate/Glints2/dict_0003_0179.uasset" 8562
"../../../Engine/Content/EngineMaterials/Substrate/Glints2/dict_0003_0176.uasset" 8563
"../../../Engine/Content/EngineMaterials/Substrate/Glints2/dict_0003_0178.uasset" 8564
"/Engine/EngineMaterials/Substrate/Glints2/dict_0003_0196" 8565
"/Engine/EngineMaterials/Substrate/Glints2/dict_0003_0197" 8566
"/Engine/EngineMaterials/Substrate/Glints2/dict_0003_0198" 8567
"/Engine/EngineMaterials/Substrate/Glints2/dict_0003_0199" 8568
"/Engine/EngineMaterials/Substrate/Glints2/dict_0003_0200" 8569
"/Engine/EngineMaterials/Substrate/Glints2/dict_0003_0201" 8570
"/Engine/EngineMaterials/Substrate/Glints2/dict_0003_0202" 8571
"/Engine/EngineMaterials/Substrate/Glints2/dict_0003_0203" 8572
"/Engine/EngineMaterials/Substrate/Glints2/dict_0003_0204" 8573
"/Engine/EngineMaterials/Substrate/Glints2/dict_0003_0205" 8574
"/Engine/EngineMaterials/Substrate/Glints2/dict_0003_0206" 8575
"/Engine/EngineMaterials/Substrate/Glints2/dict_0003_0207" 8576
"/Engine/EngineMaterials/Substrate/Glints2/dict_0003_0176" 8577
"../../../Engine/Content/EngineMaterials/Substrate/Glints2/dict_0003_0171.uasset" 8578
"../../../Engine/Content/EngineMaterials/Substrate/Glints2/dict_0003_0170.uasset" 8579
"../../../Engine/Content/EngineMaterials/Substrate/Glints2/dict_0003_0169.uasset" 8580
"../../../Engine/Content/EngineMaterials/Substrate/Glints2/dict_0003_0166.uasset" 8581
"/Engine/EngineMaterials/Substrate/Glints2/dict_0003_0177" 8582
"../../../Engine/Content/EngineMaterials/Substrate/Glints2/dict_0003_0167.uasset" 8583
"../../../Engine/Content/EngineMaterials/Substrate/Glints2/dict_0003_0165.uasset" 8584
"../../../Engine/Content/EngineMaterials/Substrate/Glints2/dict_0003_0173.uasset" 8585
"../../../Engine/Content/EngineMaterials/Substrate/Glints2/dict_0003_0172.uasset" 8586
"../../../Engine/Content/EngineMaterials/Substrate/Glints2/dict_0003_0175.uasset" 8587
"../../../Engine/Content/EngineMaterials/Substrate/Glints2/dict_0003_0162.uasset" 8588
"../../../Engine/Content/EngineMaterials/Substrate/Glints2/dict_0003_0168.uasset" 8589
"../../../Engine/Content/EngineMaterials/Substrate/Glints2/dict_0003_0163.uasset" 8590
"../../../Engine/Content/EngineMaterials/Substrate/Glints2/dict_0003_0174.uasset" 8591
"../../../Engine/Content/EngineMaterials/Substrate/Glints2/dict_0003_0164.uasset" 8592
"/Engine/EngineMaterials/Substrate/Glints2/dict_0003_0178" 8593
"/Engine/EngineMaterials/Substrate/Glints2/dict_0003_0179" 8594
"/Engine/EngineMaterials/Substrate/Glints2/dict_0003_0180" 8595
"/Engine/EngineMaterials/Substrate/Glints2/dict_0003_0181" 8596
"/Engine/EngineMaterials/Substrate/Glints2/dict_0003_0182" 8597
"/Engine/EngineMaterials/Substrate/Glints2/dict_0003_0183" 8598
"/Engine/EngineMaterials/Substrate/Glints2/dict_0003_0184" 8599
"/Engine/EngineMaterials/Substrate/Glints2/dict_0003_0185" 8600
"/Engine/EngineMaterials/Substrate/Glints2/dict_0003_0186" 8601
"/Engine/EngineMaterials/Substrate/Glints2/dict_0003_0187" 8602
"/Engine/EngineMaterials/Substrate/Glints2/dict_0003_0188" 8603
"/Engine/EngineMaterials/Substrate/Glints2/dict_0003_0189" 8604
"/Engine/EngineMaterials/Substrate/Glints2/dict_0003_0190" 8605
"/Engine/EngineMaterials/Substrate/Glints2/dict_0003_0191" 8606
"/Engine/EngineMaterials/Substrate/Glints2/dict_0003_0192" 8607
"/Engine/EngineMaterials/Substrate/Glints2/dict_0003_0193" 8608
"/Engine/EngineMaterials/Substrate/Glints2/dict_0003_0162" 8609
"../../../Engine/Content/EngineMaterials/Substrate/Glints2/dict_0003_0161.uasset" 8610
"../../../Engine/Content/EngineMaterials/Substrate/Glints2/dict_0003_0153.uasset" 8611
"../../../Engine/Content/EngineMaterials/Substrate/Glints2/dict_0003_0155.uasset" 8612
"../../../Engine/Content/EngineMaterials/Substrate/Glints2/dict_0003_0149.uasset" 8613
"../../../Engine/Content/EngineMaterials/Substrate/Glints2/dict_0003_0150.uasset" 8614
"../../../Engine/Content/EngineMaterials/Substrate/Glints2/dict_0003_0160.uasset" 8615
"../../../Engine/Content/EngineMaterials/Substrate/Glints2/dict_0003_0157.uasset" 8616
"../../../Engine/Content/EngineMaterials/Substrate/Glints2/dict_0003_0158.uasset" 8617
"../../../Engine/Content/EngineMaterials/Substrate/Glints2/dict_0003_0151.uasset" 8618
"../../../Engine/Content/EngineMaterials/Substrate/Glints2/dict_0003_0154.uasset" 8619
"../../../Engine/Content/EngineMaterials/Substrate/Glints2/dict_0003_0152.uasset" 8620
"../../../Engine/Content/EngineMaterials/Substrate/Glints2/dict_0003_0156.uasset" 8621
"../../../Engine/Content/EngineMaterials/Substrate/Glints2/dict_0003_0159.uasset" 8622
"../../../Engine/Content/EngineMaterials/Substrate/Glints2/dict_0003_0148.uasset" 8623
"/Engine/EngineMaterials/Substrate/Glints2/dict_0003_0163" 8624
"../../../Engine/Content/EngineMaterials/Substrate/Glints2/dict_0003_0147.uasset" 8625
"../../../Engine/Content/EngineMaterials/Substrate/Glints2/dict_0003_0146.uasset" 8626
"../../../Engine/Content/EngineMaterials/Substrate/Glints2/dict_0003_0145.uasset" 8627
"../../../Engine/Content/EngineMaterials/Substrate/Glints2/dict_0003_0144.uasset" 8628
"/Engine/EngineMaterials/Substrate/Glints2/dict_0003_0164" 8629
"/Engine/EngineMaterials/Substrate/Glints2/dict_0003_0165" 8630
"/Engine/EngineMaterials/Substrate/Glints2/dict_0003_0166" 8631
"/Engine/EngineMaterials/Substrate/Glints2/dict_0003_0167" 8632
"/Engine/EngineMaterials/Substrate/Glints2/dict_0003_0168" 8633
"/Engine/EngineMaterials/Substrate/Glints2/dict_0003_0169" 8634
"/Engine/EngineMaterials/Substrate/Glints2/dict_0003_0170" 8635
"/Engine/EngineMaterials/Substrate/Glints2/dict_0003_0171" 8636
"/Engine/EngineMaterials/Substrate/Glints2/dict_0003_0172" 8637
"/Engine/EngineMaterials/Substrate/Glints2/dict_0003_0173" 8638
"/Engine/EngineMaterials/Substrate/Glints2/dict_0003_0174" 8639
"/Engine/EngineMaterials/Substrate/Glints2/dict_0003_0175" 8640
"/Engine/EngineMaterials/Substrate/Glints2/dict_0003_0144" 8641
"../../../Engine/Content/EngineMaterials/Substrate/Glints2/dict_0003_0135.uasset" 8642
"../../../Engine/Content/EngineMaterials/Substrate/Glints2/dict_0003_0140.uasset" 8643
"../../../Engine/Content/EngineMaterials/Substrate/Glints2/dict_0003_0143.uasset" 8644
"../../../Engine/Content/EngineMaterials/Substrate/Glints2/dict_0003_0137.uasset" 8645
"../../../Engine/Content/EngineMaterials/Substrate/Glints2/dict_0003_0142.uasset" 8646
"../../../Engine/Content/EngineMaterials/Substrate/Glints2/dict_0003_0139.uasset" 8647
"../../../Engine/Content/EngineMaterials/Substrate/Glints2/dict_0003_0134.uasset" 8648
"../../../Engine/Content/EngineMaterials/Substrate/Glints2/dict_0003_0138.uasset" 8649
"../../../Engine/Content/EngineMaterials/Substrate/Glints2/dict_0003_0133.uasset" 8650
"../../../Engine/Content/EngineMaterials/Substrate/Glints2/dict_0003_0136.uasset" 8651
"../../../Engine/Content/EngineMaterials/Substrate/Glints2/dict_0003_0130.uasset" 8652
"../../../Engine/Content/EngineMaterials/Substrate/Glints2/dict_0003_0141.uasset" 8653
"../../../Engine/Content/EngineMaterials/Substrate/Glints2/dict_0003_0132.uasset" 8654
"../../../Engine/Content/EngineMaterials/Substrate/Glints2/dict_0003_0131.uasset" 8655
"/Engine/EngineMaterials/Substrate/Glints2/dict_0003_0145" 8656
"/Engine/EngineMaterials/Substrate/Glints2/dict_0003_0146" 8657
"/Engine/EngineMaterials/Substrate/Glints2/dict_0003_0147" 8658
"/Engine/EngineMaterials/Substrate/Glints2/dict_0003_0148" 8659
"/Engine/EngineMaterials/Substrate/Glints2/dict_0003_0149" 8660
"/Engine/EngineMaterials/Substrate/Glints2/dict_0003_0150" 8661
"/Engine/EngineMaterials/Substrate/Glints2/dict_0003_0151" 8662
"/Engine/EngineMaterials/Substrate/Glints2/dict_0003_0152" 8663
"/Engine/EngineMaterials/Substrate/Glints2/dict_0003_0153" 8664
"/Engine/EngineMaterials/Substrate/Glints2/dict_0003_0154" 8665
"/Engine/EngineMaterials/Substrate/Glints2/dict_0003_0155" 8666
"/Engine/EngineMaterials/Substrate/Glints2/dict_0003_0156" 8667
"/Engine/EngineMaterials/Substrate/Glints2/dict_0003_0157" 8668
"/Engine/EngineMaterials/Substrate/Glints2/dict_0003_0158" 8669
"/Engine/EngineMaterials/Substrate/Glints2/dict_0003_0159" 8670
"/Engine/EngineMaterials/Substrate/Glints2/dict_0003_0160" 8671
"/Engine/EngineMaterials/Substrate/Glints2/dict_0003_0161" 8672
"/Engine/EngineMaterials/Substrate/Glints2/dict_0003_0130" 8673
"../../../Engine/Content/EngineMaterials/Substrate/Glints2/dict_0003_0129.uasset" 8674
"../../../Engine/Content/EngineMaterials/Substrate/Glints2/dict_0003_0128.uasset" 8675
"../../../Engine/Content/EngineMaterials/Substrate/Glints2/dict_0003_0124.uasset" 8676
"../../../Engine/Content/EngineMaterials/Substrate/Glints2/dict_0003_0118.uasset" 8677
"../../../Engine/Content/EngineMaterials/Substrate/Glints2/dict_0003_0126.uasset" 8678
"../../../Engine/Content/EngineMaterials/Substrate/Glints2/dict_0003_0122.uasset" 8679
"../../../Engine/Content/EngineMaterials/Substrate/Glints2/dict_0003_0121.uasset" 8680
"../../../Engine/Content/EngineMaterials/Substrate/Glints2/dict_0003_0123.uasset" 8681
"../../../Engine/Content/EngineMaterials/Substrate/Glints2/dict_0003_0127.uasset" 8682
"../../../Engine/Content/EngineMaterials/Substrate/Glints2/dict_0003_0120.uasset" 8683
"../../../Engine/Content/EngineMaterials/Substrate/Glints2/dict_0003_0125.uasset" 8684
"../../../Engine/Content/EngineMaterials/Substrate/Glints2/dict_0003_0119.uasset" 8685
"/Engine/EngineMaterials/Substrate/Glints2/dict_0003_0131" 8686
"../../../Engine/Content/EngineMaterials/Substrate/Glints2/dict_0003_0117.uasset" 8687
"../../../Engine/Content/EngineMaterials/Substrate/Glints2/dict_0003_0116.uasset" 8688
"/Engine/EngineMaterials/Substrate/Glints2/dict_0003_0132" 8689
"../../../Engine/Content/EngineMaterials/Substrate/Glints2/dict_0003_0113.uasset" 8690
"../../../Engine/Content/EngineMaterials/Substrate/Glints2/dict_0003_0112.uasset" 8691
"../../../Engine/Content/EngineMaterials/Substrate/Glints2/dict_0003_0115.uasset" 8692
"../../../Engine/Content/EngineMaterials/Substrate/Glints2/dict_0003_0114.uasset" 8693
"/Engine/EngineMaterials/Substrate/Glints2/dict_0003_0133" 8694
"/Engine/EngineMaterials/Substrate/Glints2/dict_0003_0134" 8695
"/Engine/EngineMaterials/Substrate/Glints2/dict_0003_0135" 8696
"/Engine/EngineMaterials/Substrate/Glints2/dict_0003_0136" 8697
"/Engine/EngineMaterials/Substrate/Glints2/dict_0003_0137" 8698
"/Engine/EngineMaterials/Substrate/Glints2/dict_0003_0138" 8699
"/Engine/EngineMaterials/Substrate/Glints2/dict_0003_0139" 8700
"/Engine/EngineMaterials/Substrate/Glints2/dict_0003_0140" 8701
"/Engine/EngineMaterials/Substrate/Glints2/dict_0003_0141" 8702
"/Engine/EngineMaterials/Substrate/Glints2/dict_0003_0142" 8703
"/Engine/EngineMaterials/Substrate/Glints2/dict_0003_0143" 8704
"/Engine/EngineMaterials/Substrate/Glints2/dict_0003_0112" 8705
"../../../Engine/Content/EngineMaterials/Substrate/Glints2/dict_0003_0109.uasset" 8706
"../../../Engine/Content/EngineMaterials/Substrate/Glints2/dict_0003_0106.uasset" 8707
"../../../Engine/Content/EngineMaterials/Substrate/Glints2/dict_0003_0103.uasset" 8708
"../../../Engine/Content/EngineMaterials/Substrate/Glints2/dict_0003_0108.uasset" 8709
"../../../Engine/Content/EngineMaterials/Substrate/Glints2/dict_0003_0107.uasset" 8710
"../../../Engine/Content/EngineMaterials/Substrate/Glints2/dict_0003_0100.uasset" 8711
"../../../Engine/Content/EngineMaterials/Substrate/Glints2/dict_0003_0099.uasset" 8712
"../../../Engine/Content/EngineMaterials/Substrate/Glints2/dict_0003_0098.uasset" 8713
"../../../Engine/Content/EngineMaterials/Substrate/Glints2/dict_0003_0101.uasset" 8714
"../../../Engine/Content/EngineMaterials/Substrate/Glints2/dict_0003_0105.uasset" 8715
"../../../Engine/Content/EngineMaterials/Substrate/Glints2/dict_0003_0102.uasset" 8716
"../../../Engine/Content/EngineMaterials/Substrate/Glints2/dict_0003_0110.uasset" 8717
"../../../Engine/Content/EngineMaterials/Substrate/Glints2/dict_0003_0111.uasset" 8718
"../../../Engine/Content/EngineMaterials/Substrate/Glints2/dict_0003_0104.uasset" 8719
"/Engine/EngineMaterials/Substrate/Glints2/dict_0003_0113" 8720
"/Engine/EngineMaterials/Substrate/Glints2/dict_0003_0114" 8721
"/Engine/EngineMaterials/Substrate/Glints2/dict_0003_0115" 8722
"/Engine/EngineMaterials/Substrate/Glints2/dict_0003_0116" 8723
"/Engine/EngineMaterials/Substrate/Glints2/dict_0003_0117" 8724
"/Engine/EngineMaterials/Substrate/Glints2/dict_0003_0118" 8725
"/Engine/EngineMaterials/Substrate/Glints2/dict_0003_0119" 8726
"/Engine/EngineMaterials/Substrate/Glints2/dict_0003_0120" 8727
"/Engine/EngineMaterials/Substrate/Glints2/dict_0003_0121" 8728
"/Engine/EngineMaterials/Substrate/Glints2/dict_0003_0122" 8729
"/Engine/EngineMaterials/Substrate/Glints2/dict_0003_0123" 8730
"/Engine/EngineMaterials/Substrate/Glints2/dict_0003_0124" 8731
"/Engine/EngineMaterials/Substrate/Glints2/dict_0003_0125" 8732
"/Engine/EngineMaterials/Substrate/Glints2/dict_0003_0126" 8733
"/Engine/EngineMaterials/Substrate/Glints2/dict_0003_0127" 8734
"/Engine/EngineMaterials/Substrate/Glints2/dict_0003_0128" 8735
"/Engine/EngineMaterials/Substrate/Glints2/dict_0003_0129" 8736
"/Engine/EngineMaterials/Substrate/Glints2/dict_0003_0098" 8737
"../../../Engine/Content/EngineMaterials/Substrate/Glints2/dict_0003_0097.uasset" 8738
"../../../Engine/Content/EngineMaterials/Substrate/Glints2/dict_0003_0087.uasset" 8739
"../../../Engine/Content/EngineMaterials/Substrate/Glints2/dict_0003_0092.uasset" 8740
"../../../Engine/Content/EngineMaterials/Substrate/Glints2/dict_0003_0094.uasset" 8741
"../../../Engine/Content/EngineMaterials/Substrate/Glints2/dict_0003_0090.uasset" 8742
"../../../Engine/Content/EngineMaterials/Substrate/Glints2/dict_0003_0096.uasset" 8743
"../../../Engine/Content/EngineMaterials/Substrate/Glints2/dict_0003_0091.uasset" 8744
"../../../Engine/Content/EngineMaterials/Substrate/Glints2/dict_0003_0093.uasset" 8745
"../../../Engine/Content/EngineMaterials/Substrate/Glints2/dict_0003_0095.uasset" 8746
"/Engine/EngineMaterials/Substrate/Glints2/dict_0003_0099" 8747
"../../../Engine/Content/EngineMaterials/Substrate/Glints2/dict_0003_0086.uasset" 8748
"../../../Engine/Content/EngineMaterials/Substrate/Glints2/dict_0003_0085.uasset" 8749
"../../../Engine/Content/EngineMaterials/Substrate/Glints2/dict_0003_0089.uasset" 8750
"../../../Engine/Content/EngineMaterials/Substrate/Glints2/dict_0003_0083.uasset" 8751
"../../../Engine/Content/EngineMaterials/Substrate/Glints2/dict_0003_0082.uasset" 8752
"/Engine/EngineMaterials/Substrate/Glints2/dict_0003_0100" 8753
"../../../Engine/Content/EngineMaterials/Substrate/Glints2/dict_0003_0088.uasset" 8754
"../../../Engine/Content/EngineMaterials/Substrate/Glints2/dict_0003_0081.uasset" 8755
"../../../Engine/Content/EngineMaterials/Substrate/Glints2/dict_0003_0084.uasset" 8756
"/Engine/EngineMaterials/Substrate/Glints2/dict_0003_0101" 8757
"/Engine/EngineMaterials/Substrate/Glints2/dict_0003_0102" 8758
"../../../Engine/Content/EngineMaterials/Substrate/Glints2/dict_0003_0080.uasset" 8759
"/Engine/EngineMaterials/Substrate/Glints2/dict_0003_0103" 8760
"/Engine/EngineMaterials/Substrate/Glints2/dict_0003_0104" 8761
"/Engine/EngineMaterials/Substrate/Glints2/dict_0003_0105" 8762
"/Engine/EngineMaterials/Substrate/Glints2/dict_0003_0106" 8763
"/Engine/EngineMaterials/Substrate/Glints2/dict_0003_0107" 8764
"/Engine/EngineMaterials/Substrate/Glints2/dict_0003_0108" 8765
"/Engine/EngineMaterials/Substrate/Glints2/dict_0003_0109" 8766
"/Engine/EngineMaterials/Substrate/Glints2/dict_0003_0110" 8767
"/Engine/EngineMaterials/Substrate/Glints2/dict_0003_0111" 8768
"/Engine/EngineMaterials/Substrate/Glints2/dict_0003_0080" 8769
"../../../Engine/Content/EngineMaterials/Substrate/Glints2/dict_0003_0073.uasset" 8770
"../../../Engine/Content/EngineMaterials/Substrate/Glints2/dict_0003_0074.uasset" 8771
"../../../Engine/Content/EngineMaterials/Substrate/Glints2/dict_0003_0076.uasset" 8772
"../../../Engine/Content/EngineMaterials/Substrate/Glints2/dict_0003_0079.uasset" 8773
"../../../Engine/Content/EngineMaterials/Substrate/Glints2/dict_0003_0075.uasset" 8774
"../../../Engine/Content/EngineMaterials/Substrate/Glints2/dict_0003_0077.uasset" 8775
"/Engine/EngineMaterials/Substrate/Glints2/dict_0003_0081" 8776
"../../../Engine/Content/EngineMaterials/Substrate/Glints2/dict_0003_0071.uasset" 8777
"../../../Engine/Content/EngineMaterials/Substrate/Glints2/dict_0003_0068.uasset" 8778
"../../../Engine/Content/EngineMaterials/Substrate/Glints2/dict_0003_0078.uasset" 8779
"../../../Engine/Content/EngineMaterials/Substrate/Glints2/dict_0003_0067.uasset" 8780
"../../../Engine/Content/EngineMaterials/Substrate/Glints2/dict_0003_0072.uasset" 8781
"../../../Engine/Content/EngineMaterials/Substrate/Glints2/dict_0003_0070.uasset" 8782
"../../../Engine/Content/EngineMaterials/Substrate/Glints2/dict_0003_0069.uasset" 8783
"../../../Engine/Content/EngineMaterials/Substrate/Glints2/dict_0003_0066.uasset" 8784
"/Engine/EngineMaterials/Substrate/Glints2/dict_0003_0082" 8785
"/Engine/EngineMaterials/Substrate/Glints2/dict_0003_0083" 8786
"/Engine/EngineMaterials/Substrate/Glints2/dict_0003_0084" 8787
"/Engine/EngineMaterials/Substrate/Glints2/dict_0003_0085" 8788
"/Engine/EngineMaterials/Substrate/Glints2/dict_0003_0086" 8789
"/Engine/EngineMaterials/Substrate/Glints2/dict_0003_0087" 8790
"/Engine/EngineMaterials/Substrate/Glints2/dict_0003_0088" 8791
"/Engine/EngineMaterials/Substrate/Glints2/dict_0003_0089" 8792
"/Engine/EngineMaterials/Substrate/Glints2/dict_0003_0090" 8793
"/Engine/EngineMaterials/Substrate/Glints2/dict_0003_0091" 8794
"/Engine/EngineMaterials/Substrate/Glints2/dict_0003_0092" 8795
"/Engine/EngineMaterials/Substrate/Glints2/dict_0003_0093" 8796
"/Engine/EngineMaterials/Substrate/Glints2/dict_0003_0094" 8797
"/Engine/EngineMaterials/Substrate/Glints2/dict_0003_0095" 8798
"/Engine/EngineMaterials/Substrate/Glints2/dict_0003_0096" 8799
"/Engine/EngineMaterials/Substrate/Glints2/dict_0003_0097" 8800
"/Engine/EngineMaterials/Substrate/Glints2/dict_0003_0066" 8801
"../../../Engine/Content/EngineMaterials/Substrate/Glints2/dict_0003_0055.uasset" 8802
"../../../Engine/Content/EngineMaterials/Substrate/Glints2/dict_0003_0065.uasset" 8803
"../../../Engine/Content/EngineMaterials/Substrate/Glints2/dict_0003_0059.uasset" 8804
"../../../Engine/Content/EngineMaterials/Substrate/Glints2/dict_0003_0064.uasset" 8805
"../../../Engine/Content/EngineMaterials/Substrate/Glints2/dict_0003_0062.uasset" 8806
"../../../Engine/Content/EngineMaterials/Substrate/Glints2/dict_0003_0061.uasset" 8807
"../../../Engine/Content/EngineMaterials/Substrate/Glints2/dict_0003_0060.uasset" 8808
"../../../Engine/Content/EngineMaterials/Substrate/Glints2/dict_0003_0054.uasset" 8809
"../../../Engine/Content/EngineMaterials/Substrate/Glints2/dict_0003_0063.uasset" 8810
"../../../Engine/Content/EngineMaterials/Substrate/Glints2/dict_0003_0056.uasset" 8811
"../../../Engine/Content/EngineMaterials/Substrate/Glints2/dict_0003_0053.uasset" 8812
"../../../Engine/Content/EngineMaterials/Substrate/Glints2/dict_0003_0058.uasset" 8813
"../../../Engine/Content/EngineMaterials/Substrate/Glints2/dict_0003_0057.uasset" 8814
"../../../Engine/Content/EngineMaterials/Substrate/Glints2/dict_0003_0052.uasset" 8815
"../../../Engine/Content/EngineMaterials/Substrate/Glints2/dict_0003_0051.uasset" 8816
"../../../Engine/Content/EngineMaterials/Substrate/Glints2/dict_0003_0050.uasset" 8817
"/Engine/EngineMaterials/Substrate/Glints2/dict_0003_0067" 8818
"../../../Engine/Content/EngineMaterials/Substrate/Glints2/dict_0003_0049.uasset" 8819
"../../../Engine/Content/EngineMaterials/Substrate/Glints2/dict_0003_0048.uasset" 8820
"/Engine/EngineMaterials/Substrate/Glints2/dict_0003_0068" 8821
"/Engine/EngineMaterials/Substrate/Glints2/dict_0003_0069" 8822
"/Engine/EngineMaterials/Substrate/Glints2/dict_0003_0070" 8823
"/Engine/EngineMaterials/Substrate/Glints2/dict_0003_0071" 8824
"/Engine/EngineMaterials/Substrate/Glints2/dict_0003_0072" 8825
"/Engine/EngineMaterials/Substrate/Glints2/dict_0003_0073" 8826
"/Engine/EngineMaterials/Substrate/Glints2/dict_0003_0074" 8827
"/Engine/EngineMaterials/Substrate/Glints2/dict_0003_0075" 8828
"/Engine/EngineMaterials/Substrate/Glints2/dict_0003_0076" 8829
"/Engine/EngineMaterials/Substrate/Glints2/dict_0003_0077" 8830
"/Engine/EngineMaterials/Substrate/Glints2/dict_0003_0078" 8831
"/Engine/EngineMaterials/Substrate/Glints2/dict_0003_0079" 8832
"/Engine/EngineMaterials/Substrate/Glints2/dict_0003_0048" 8833
"../../../Engine/Content/EngineMaterials/Substrate/Glints2/dict_0003_0041.uasset" 8834
"../../../Engine/Content/EngineMaterials/Substrate/Glints2/dict_0003_0045.uasset" 8835
"../../../Engine/Content/EngineMaterials/Substrate/Glints2/dict_0003_0046.uasset" 8836
"../../../Engine/Content/EngineMaterials/Substrate/Glints2/dict_0003_0044.uasset" 8837
"../../../Engine/Content/EngineMaterials/Substrate/Glints2/dict_0003_0036.uasset" 8838
"../../../Engine/Content/EngineMaterials/Substrate/Glints2/dict_0003_0035.uasset" 8839
"../../../Engine/Content/EngineMaterials/Substrate/Glints2/dict_0003_0040.uasset" 8840
"../../../Engine/Content/EngineMaterials/Substrate/Glints2/dict_0003_0039.uasset" 8841
"../../../Engine/Content/EngineMaterials/Substrate/Glints2/dict_0003_0047.uasset" 8842
"../../../Engine/Content/EngineMaterials/Substrate/Glints2/dict_0003_0038.uasset" 8843
"/Engine/EngineMaterials/Substrate/Glints2/dict_0003_0049" 8844
"../../../Engine/Content/EngineMaterials/Substrate/Glints2/dict_0003_0043.uasset" 8845
"../../../Engine/Content/EngineMaterials/Substrate/Glints2/dict_0003_0042.uasset" 8846
"../../../Engine/Content/EngineMaterials/Substrate/Glints2/dict_0003_0037.uasset" 8847
"../../../Engine/Content/EngineMaterials/Substrate/Glints2/dict_0003_0034.uasset" 8848
"/Engine/EngineMaterials/Substrate/Glints2/dict_0003_0050" 8849
"/Engine/EngineMaterials/Substrate/Glints2/dict_0003_0051" 8850
"/Engine/EngineMaterials/Substrate/Glints2/dict_0003_0052" 8851
"/Engine/EngineMaterials/Substrate/Glints2/dict_0003_0053" 8852
"/Engine/EngineMaterials/Substrate/Glints2/dict_0003_0054" 8853
"/Engine/EngineMaterials/Substrate/Glints2/dict_0003_0055" 8854
"/Engine/EngineMaterials/Substrate/Glints2/dict_0003_0056" 8855
"/Engine/EngineMaterials/Substrate/Glints2/dict_0003_0057" 8856
"/Engine/EngineMaterials/Substrate/Glints2/dict_0003_0058" 8857
"/Engine/EngineMaterials/Substrate/Glints2/dict_0003_0059" 8858
"/Engine/EngineMaterials/Substrate/Glints2/dict_0003_0060" 8859
"/Engine/EngineMaterials/Substrate/Glints2/dict_0003_0061" 8860
"/Engine/EngineMaterials/Substrate/Glints2/dict_0003_0062" 8861
"/Engine/EngineMaterials/Substrate/Glints2/dict_0003_0063" 8862
"/Engine/EngineMaterials/Substrate/Glints2/dict_0003_0064" 8863
"/Engine/EngineMaterials/Substrate/Glints2/dict_0003_0065" 8864
"/Engine/EngineMaterials/Substrate/Glints2/dict_0003_0034" 8865
"../../../Engine/Content/EngineMaterials/Substrate/Glints2/dict_0003_0032.uasset" 8866
"../../../Engine/Content/EngineMaterials/Substrate/Glints2/dict_0003_0022.uasset" 8867
"../../../Engine/Content/EngineMaterials/Substrate/Glints2/dict_0003_0033.uasset" 8868
"../../../Engine/Content/EngineMaterials/Substrate/Glints2/dict_0003_0027.uasset" 8869
"../../../Engine/Content/EngineMaterials/Substrate/Glints2/dict_0003_0025.uasset" 8870
"../../../Engine/Content/EngineMaterials/Substrate/Glints2/dict_0003_0028.uasset" 8871
"../../../Engine/Content/EngineMaterials/Substrate/Glints2/dict_0003_0029.uasset" 8872
"../../../Engine/Content/EngineMaterials/Substrate/Glints2/dict_0003_0026.uasset" 8873
"../../../Engine/Content/EngineMaterials/Substrate/Glints2/dict_0003_0021.uasset" 8874
"../../../Engine/Content/EngineMaterials/Substrate/Glints2/dict_0003_0024.uasset" 8875
"../../../Engine/Content/EngineMaterials/Substrate/Glints2/dict_0003_0020.uasset" 8876
"../../../Engine/Content/EngineMaterials/Substrate/Glints2/dict_0003_0030.uasset" 8877
"../../../Engine/Content/EngineMaterials/Substrate/Glints2/dict_0003_0031.uasset" 8878
"../../../Engine/Content/EngineMaterials/Substrate/Glints2/dict_0003_0023.uasset" 8879
"/Engine/EngineMaterials/Substrate/Glints2/dict_0003_0035" 8880
"../../../Engine/Content/EngineMaterials/Substrate/Glints2/dict_0003_0019.uasset" 8881
"../../../Engine/Content/EngineMaterials/Substrate/Glints2/dict_0003_0018.uasset" 8882
"../../../Engine/Content/EngineMaterials/Substrate/Glints2/dict_0003_0017.uasset" 8883
"../../../Engine/Content/EngineMaterials/Substrate/Glints2/dict_0003_0016.uasset" 8884
"/Engine/EngineMaterials/Substrate/Glints2/dict_0003_0036" 8885
"/Engine/EngineMaterials/Substrate/Glints2/dict_0003_0037" 8886
"/Engine/EngineMaterials/Substrate/Glints2/dict_0003_0038" 8887
"/Engine/EngineMaterials/Substrate/Glints2/dict_0003_0039" 8888
"/Engine/EngineMaterials/Substrate/Glints2/dict_0003_0040" 8889
"/Engine/EngineMaterials/Substrate/Glints2/dict_0003_0041" 8890
"/Engine/EngineMaterials/Substrate/Glints2/dict_0003_0042" 8891
"/Engine/EngineMaterials/Substrate/Glints2/dict_0003_0043" 8892
"/Engine/EngineMaterials/Substrate/Glints2/dict_0003_0044" 8893
"/Engine/EngineMaterials/Substrate/Glints2/dict_0003_0045" 8894
"/Engine/EngineMaterials/Substrate/Glints2/dict_0003_0046" 8895
"/Engine/EngineMaterials/Substrate/Glints2/dict_0003_0047" 8896
"/Engine/EngineMaterials/Substrate/Glints2/dict_0003_0016" 8897
"../../../Engine/Content/EngineMaterials/Substrate/Glints2/dict_0003_0007.uasset" 8898
"../../../Engine/Content/EngineMaterials/Substrate/Glints2/dict_0003_0008.uasset" 8899
"../../../Engine/Content/EngineMaterials/Substrate/Glints2/dict_0003_0009.uasset" 8900
"../../../Engine/Content/EngineMaterials/Substrate/Glints2/dict_0003_0015.uasset" 8901
"../../../Engine/Content/EngineMaterials/Substrate/Glints2/dict_0003_0013.uasset" 8902
"../../../Engine/Content/EngineMaterials/Substrate/Glints2/dict_0003_0002.uasset" 8903
"../../../Engine/Content/EngineMaterials/Substrate/Glints2/dict_0003_0011.uasset" 8904
"../../../Engine/Content/EngineMaterials/Substrate/Glints2/dict_0003_0003.uasset" 8905
"../../../Engine/Content/EngineMaterials/Substrate/Glints2/dict_0003_0012.uasset" 8906
"../../../Engine/Content/EngineMaterials/Substrate/Glints2/dict_0003_0005.uasset" 8907
"/Engine/EngineMaterials/Substrate/Glints2/dict_0003_0017" 8908
"../../../Engine/Content/EngineMaterials/Substrate/Glints2/dict_0003_0006.uasset" 8909
"../../../Engine/Content/EngineMaterials/Substrate/Glints2/dict_0003_0004.uasset" 8910
"../../../Engine/Content/EngineMaterials/Substrate/Glints2/dict_0003_0010.uasset" 8911
"../../../Engine/Content/EngineMaterials/Substrate/Glints2/dict_0003_0014.uasset" 8912
"/Engine/EngineMaterials/Substrate/Glints2/dict_0003_0018" 8913
"/Engine/EngineMaterials/Substrate/Glints2/dict_0003_0019" 8914
"/Engine/EngineMaterials/Substrate/Glints2/dict_0003_0020" 8915
"/Engine/EngineMaterials/Substrate/Glints2/dict_0003_0021" 8916
"/Engine/EngineMaterials/Substrate/Glints2/dict_0003_0022" 8917
"/Engine/EngineMaterials/Substrate/Glints2/dict_0003_0023" 8918
"/Engine/EngineMaterials/Substrate/Glints2/dict_0003_0024" 8919
"/Engine/EngineMaterials/Substrate/Glints2/dict_0003_0025" 8920
"/Engine/EngineMaterials/Substrate/Glints2/dict_0003_0026" 8921
"/Engine/EngineMaterials/Substrate/Glints2/dict_0003_0027" 8922
"/Engine/EngineMaterials/Substrate/Glints2/dict_0003_0028" 8923
"/Engine/EngineMaterials/Substrate/Glints2/dict_0003_0029" 8924
"/Engine/EngineMaterials/Substrate/Glints2/dict_0003_0030" 8925
"/Engine/EngineMaterials/Substrate/Glints2/dict_0003_0031" 8926
"/Engine/EngineMaterials/Substrate/Glints2/dict_0003_0032" 8927
"/Engine/EngineMaterials/Substrate/Glints2/dict_0003_0033" 8928
"/Engine/EngineMaterials/Substrate/Glints2/dict_0003_0002" 8929
"../../../Engine/Content/EngineMaterials/Substrate/Glints2/dict_0002_0254.uasset" 8930
"../../../Engine/Content/EngineMaterials/Substrate/Glints2/dict_0002_0246.uasset" 8931
"../../../Engine/Content/EngineMaterials/Substrate/Glints2/dict_0002_0249.uasset" 8932
"../../../Engine/Content/EngineMaterials/Substrate/Glints2/dict_0002_0247.uasset" 8933
"../../../Engine/Content/EngineMaterials/Substrate/Glints2/dict_0002_0255.uasset" 8934
"../../../Engine/Content/EngineMaterials/Substrate/Glints2/dict_0002_0250.uasset" 8935
"../../../Engine/Content/EngineMaterials/Substrate/Glints2/dict_0003_0001.uasset" 8936
"../../../Engine/Content/EngineMaterials/Substrate/Glints2/dict_0003_0000.uasset" 8937
"../../../Engine/Content/EngineMaterials/Substrate/Glints2/dict_0002_0244.uasset" 8938
"../../../Engine/Content/EngineMaterials/Substrate/Glints2/dict_0002_0252.uasset" 8939
"../../../Engine/Content/EngineMaterials/Substrate/Glints2/dict_0002_0248.uasset" 8940
"../../../Engine/Content/EngineMaterials/Substrate/Glints2/dict_0002_0251.uasset" 8941
"../../../Engine/Content/EngineMaterials/Substrate/Glints2/dict_0002_0253.uasset" 8942
"../../../Engine/Content/EngineMaterials/Substrate/Glints2/dict_0002_0245.uasset" 8943
"/Engine/EngineMaterials/Substrate/Glints2/dict_0003_0003" 8944
"../../../Engine/Content/EngineMaterials/Substrate/Glints2/dict_0002_0241.uasset" 8945
"../../../Engine/Content/EngineMaterials/Substrate/Glints2/dict_0002_0242.uasset" 8946
"../../../Engine/Content/EngineMaterials/Substrate/Glints2/dict_0002_0240.uasset" 8947
"/Engine/EngineMaterials/Substrate/Glints2/dict_0003_0004" 8948
"../../../Engine/Content/EngineMaterials/Substrate/Glints2/dict_0002_0243.uasset" 8949
"/Engine/EngineMaterials/Substrate/Glints2/dict_0003_0005" 8950
"/Engine/EngineMaterials/Substrate/Glints2/dict_0003_0006" 8951
"/Engine/EngineMaterials/Substrate/Glints2/dict_0003_0007" 8952
"/Engine/EngineMaterials/Substrate/Glints2/dict_0003_0008" 8953
"/Engine/EngineMaterials/Substrate/Glints2/dict_0003_0009" 8954
"/Engine/EngineMaterials/Substrate/Glints2/dict_0003_0010" 8955
"/Engine/EngineMaterials/Substrate/Glints2/dict_0003_0011" 8956
"/Engine/EngineMaterials/Substrate/Glints2/dict_0003_0012" 8957
"/Engine/EngineMaterials/Substrate/Glints2/dict_0003_0013" 8958
"/Engine/EngineMaterials/Substrate/Glints2/dict_0003_0014" 8959
"/Engine/EngineMaterials/Substrate/Glints2/dict_0003_0015" 8960
"/Engine/EngineMaterials/Substrate/Glints2/dict_0002_0240" 8961
"../../../Engine/Content/EngineMaterials/Substrate/Glints2/dict_0002_0234.uasset" 8962
"../../../Engine/Content/EngineMaterials/Substrate/Glints2/dict_0002_0233.uasset" 8963
"../../../Engine/Content/EngineMaterials/Substrate/Glints2/dict_0002_0239.uasset" 8964
"../../../Engine/Content/EngineMaterials/Substrate/Glints2/dict_0002_0232.uasset" 8965
"../../../Engine/Content/EngineMaterials/Substrate/Glints2/dict_0002_0227.uasset" 8966
"../../../Engine/Content/EngineMaterials/Substrate/Glints2/dict_0002_0235.uasset" 8967
"../../../Engine/Content/EngineMaterials/Substrate/Glints2/dict_0002_0226.uasset" 8968
"../../../Engine/Content/EngineMaterials/Substrate/Glints2/dict_0002_0228.uasset" 8969
"/Engine/EngineMaterials/Substrate/Glints2/dict_0002_0241" 8970
"../../../Engine/Content/EngineMaterials/Substrate/Glints2/dict_0002_0238.uasset" 8971
"../../../Engine/Content/EngineMaterials/Substrate/Glints2/dict_0002_0236.uasset" 8972
"../../../Engine/Content/EngineMaterials/Substrate/Glints2/dict_0002_0231.uasset" 8973
"../../../Engine/Content/EngineMaterials/Substrate/Glints2/dict_0002_0229.uasset" 8974
"../../../Engine/Content/EngineMaterials/Substrate/Glints2/dict_0002_0237.uasset" 8975
"../../../Engine/Content/EngineMaterials/Substrate/Glints2/dict_0002_0230.uasset" 8976
"/Engine/EngineMaterials/Substrate/Glints2/dict_0002_0242" 8977
"/Engine/EngineMaterials/Substrate/Glints2/dict_0002_0243" 8978
"/Engine/EngineMaterials/Substrate/Glints2/dict_0002_0244" 8979
"/Engine/EngineMaterials/Substrate/Glints2/dict_0002_0245" 8980
"/Engine/EngineMaterials/Substrate/Glints2/dict_0002_0246" 8981
"/Engine/EngineMaterials/Substrate/Glints2/dict_0002_0247" 8982
"/Engine/EngineMaterials/Substrate/Glints2/dict_0002_0248" 8983
"/Engine/EngineMaterials/Substrate/Glints2/dict_0002_0249" 8984
"/Engine/EngineMaterials/Substrate/Glints2/dict_0002_0250" 8985
"/Engine/EngineMaterials/Substrate/Glints2/dict_0002_0251" 8986
"/Engine/EngineMaterials/Substrate/Glints2/dict_0002_0252" 8987
"/Engine/EngineMaterials/Substrate/Glints2/dict_0002_0253" 8988
"/Engine/EngineMaterials/Substrate/Glints2/dict_0002_0254" 8989
"/Engine/EngineMaterials/Substrate/Glints2/dict_0002_0255" 8990
"/Engine/EngineMaterials/Substrate/Glints2/dict_0003_0000" 8991
"/Engine/EngineMaterials/Substrate/Glints2/dict_0003_0001" 8992
"/Engine/EngineMaterials/Substrate/Glints2/dict_0002_0226" 8993
"../../../Engine/Content/EngineMaterials/Substrate/Glints2/dict_0002_0222.uasset" 8994
"../../../Engine/Content/EngineMaterials/Substrate/Glints2/dict_0002_0221.uasset" 8995
"../../../Engine/Content/EngineMaterials/Substrate/Glints2/dict_0002_0225.uasset" 8996
"../../../Engine/Content/EngineMaterials/Substrate/Glints2/dict_0002_0214.uasset" 8997
"../../../Engine/Content/EngineMaterials/Substrate/Glints2/dict_0002_0223.uasset" 8998
"../../../Engine/Content/EngineMaterials/Substrate/Glints2/dict_0002_0217.uasset" 8999
"../../../Engine/Content/EngineMaterials/Substrate/Glints2/dict_0002_0215.uasset" 9000
"../../../Engine/Content/EngineMaterials/Substrate/Glints2/dict_0002_0219.uasset" 9001
"/Engine/EngineMaterials/Substrate/Glints2/dict_0002_0227" 9002
"../../../Engine/Content/EngineMaterials/Substrate/Glints2/dict_0002_0212.uasset" 9003
"../../../Engine/Content/EngineMaterials/Substrate/Glints2/dict_0002_0220.uasset" 9004
"../../../Engine/Content/EngineMaterials/Substrate/Glints2/dict_0002_0216.uasset" 9005
"../../../Engine/Content/EngineMaterials/Substrate/Glints2/dict_0002_0224.uasset" 9006
"../../../Engine/Content/EngineMaterials/Substrate/Glints2/dict_0002_0213.uasset" 9007
"../../../Engine/Content/EngineMaterials/Substrate/Glints2/dict_0002_0218.uasset" 9008
"/Engine/EngineMaterials/Substrate/Glints2/dict_0002_0228" 9009
"../../../Engine/Content/EngineMaterials/Substrate/Glints2/dict_0002_0209.uasset" 9010
"../../../Engine/Content/EngineMaterials/Substrate/Glints2/dict_0002_0211.uasset" 9011
"../../../Engine/Content/EngineMaterials/Substrate/Glints2/dict_0002_0208.uasset" 9012
"../../../Engine/Content/EngineMaterials/Substrate/Glints2/dict_0002_0210.uasset" 9013
"/Engine/EngineMaterials/Substrate/Glints2/dict_0002_0229" 9014
"/Engine/EngineMaterials/Substrate/Glints2/dict_0002_0230" 9015
"/Engine/EngineMaterials/Substrate/Glints2/dict_0002_0231" 9016
"/Engine/EngineMaterials/Substrate/Glints2/dict_0002_0232" 9017
"/Engine/EngineMaterials/Substrate/Glints2/dict_0002_0233" 9018
"/Engine/EngineMaterials/Substrate/Glints2/dict_0002_0234" 9019
"/Engine/EngineMaterials/Substrate/Glints2/dict_0002_0235" 9020
"/Engine/EngineMaterials/Substrate/Glints2/dict_0002_0236" 9021
"/Engine/EngineMaterials/Substrate/Glints2/dict_0002_0237" 9022
"/Engine/EngineMaterials/Substrate/Glints2/dict_0002_0238" 9023
"/Engine/EngineMaterials/Substrate/Glints2/dict_0002_0239" 9024
"/Engine/EngineMaterials/Substrate/Glints2/dict_0002_0208" 9025
"../../../Engine/Content/EngineMaterials/Substrate/Glints2/dict_0002_0205.uasset" 9026
"../../../Engine/Content/EngineMaterials/Substrate/Glints2/dict_0002_0203.uasset" 9027
"../../../Engine/Content/EngineMaterials/Substrate/Glints2/dict_0002_0206.uasset" 9028
"../../../Engine/Content/EngineMaterials/Substrate/Glints2/dict_0002_0204.uasset" 9029
"../../../Engine/Content/EngineMaterials/Substrate/Glints2/dict_0002_0201.uasset" 9030
"../../../Engine/Content/EngineMaterials/Substrate/Glints2/dict_0002_0199.uasset" 9031
"../../../Engine/Content/EngineMaterials/Substrate/Glints2/dict_0002_0197.uasset" 9032
"../../../Engine/Content/EngineMaterials/Substrate/Glints2/dict_0002_0207.uasset" 9033
"../../../Engine/Content/EngineMaterials/Substrate/Glints2/dict_0002_0198.uasset" 9034
"../../../Engine/Content/EngineMaterials/Substrate/Glints2/dict_0002_0202.uasset" 9035
"../../../Engine/Content/EngineMaterials/Substrate/Glints2/dict_0002_0200.uasset" 9036
"../../../Engine/Content/EngineMaterials/Substrate/Glints2/dict_0002_0194.uasset" 9037
"../../../Engine/Content/EngineMaterials/Substrate/Glints2/dict_0002_0195.uasset" 9038
"/Engine/EngineMaterials/Substrate/Glints2/dict_0002_0209" 9039
"../../../Engine/Content/EngineMaterials/Substrate/Glints2/dict_0002_0196.uasset" 9040
"/Engine/EngineMaterials/Substrate/Glints2/dict_0002_0210" 9041
"/Engine/EngineMaterials/Substrate/Glints2/dict_0002_0211" 9042
"/Engine/EngineMaterials/Substrate/Glints2/dict_0002_0212" 9043
"/Engine/EngineMaterials/Substrate/Glints2/dict_0002_0213" 9044
"/Engine/EngineMaterials/Substrate/Glints2/dict_0002_0214" 9045
"/Engine/EngineMaterials/Substrate/Glints2/dict_0002_0215" 9046
"/Engine/EngineMaterials/Substrate/Glints2/dict_0002_0216" 9047
"/Engine/EngineMaterials/Substrate/Glints2/dict_0002_0217" 9048
"/Engine/EngineMaterials/Substrate/Glints2/dict_0002_0218" 9049
"/Engine/EngineMaterials/Substrate/Glints2/dict_0002_0219" 9050
"/Engine/EngineMaterials/Substrate/Glints2/dict_0002_0220" 9051
"/Engine/EngineMaterials/Substrate/Glints2/dict_0002_0221" 9052
"/Engine/EngineMaterials/Substrate/Glints2/dict_0002_0222" 9053
"/Engine/EngineMaterials/Substrate/Glints2/dict_0002_0223" 9054
"/Engine/EngineMaterials/Substrate/Glints2/dict_0002_0224" 9055
"/Engine/EngineMaterials/Substrate/Glints2/dict_0002_0225" 9056
"/Engine/EngineMaterials/Substrate/Glints2/dict_0002_0194" 9057
"../../../Engine/Content/EngineMaterials/Substrate/Glints2/dict_0002_0191.uasset" 9058
"../../../Engine/Content/EngineMaterials/Substrate/Glints2/dict_0002_0186.uasset" 9059
"../../../Engine/Content/EngineMaterials/Substrate/Glints2/dict_0002_0184.uasset" 9060
"../../../Engine/Content/EngineMaterials/Substrate/Glints2/dict_0002_0187.uasset" 9061
"../../../Engine/Content/EngineMaterials/Substrate/Glints2/dict_0002_0182.uasset" 9062
"../../../Engine/Content/EngineMaterials/Substrate/Glints2/dict_0002_0185.uasset" 9063
"../../../Engine/Content/EngineMaterials/Substrate/Glints2/dict_0002_0183.uasset" 9064
"../../../Engine/Content/EngineMaterials/Substrate/Glints2/dict_0002_0181.uasset" 9065
"../../../Engine/Content/EngineMaterials/Substrate/Glints2/dict_0002_0192.uasset" 9066
"../../../Engine/Content/EngineMaterials/Substrate/Glints2/dict_0002_0189.uasset" 9067
"../../../Engine/Content/EngineMaterials/Substrate/Glints2/dict_0002_0190.uasset" 9068
"../../../Engine/Content/EngineMaterials/Substrate/Glints2/dict_0002_0180.uasset" 9069
"../../../Engine/Content/EngineMaterials/Substrate/Glints2/dict_0002_0193.uasset" 9070
"../../../Engine/Content/EngineMaterials/Substrate/Glints2/dict_0002_0188.uasset" 9071
"../../../Engine/Content/EngineMaterials/Substrate/Glints2/dict_0002_0177.uasset" 9072
"../../../Engine/Content/EngineMaterials/Substrate/Glints2/dict_0002_0176.uasset" 9073
"../../../Engine/Content/EngineMaterials/Substrate/Glints2/dict_0002_0179.uasset" 9074
"../../../Engine/Content/EngineMaterials/Substrate/Glints2/dict_0002_0178.uasset" 9075
"/Engine/EngineMaterials/Substrate/Glints2/dict_0002_0195" 9076
"/Engine/EngineMaterials/Substrate/Glints2/dict_0002_0196" 9077
"/Engine/EngineMaterials/Substrate/Glints2/dict_0002_0197" 9078
"/Engine/EngineMaterials/Substrate/Glints2/dict_0002_0198" 9079
"/Engine/EngineMaterials/Substrate/Glints2/dict_0002_0199" 9080
"/Engine/EngineMaterials/Substrate/Glints2/dict_0002_0200" 9081
"/Engine/EngineMaterials/Substrate/Glints2/dict_0002_0201" 9082
"/Engine/EngineMaterials/Substrate/Glints2/dict_0002_0202" 9083
"/Engine/EngineMaterials/Substrate/Glints2/dict_0002_0203" 9084
"/Engine/EngineMaterials/Substrate/Glints2/dict_0002_0204" 9085
"/Engine/EngineMaterials/Substrate/Glints2/dict_0002_0205" 9086
"/Engine/EngineMaterials/Substrate/Glints2/dict_0002_0206" 9087
"/Engine/EngineMaterials/Substrate/Glints2/dict_0002_0207" 9088
"/Engine/EngineMaterials/Substrate/Glints2/dict_0002_0176" 9089
"../../../Engine/Content/EngineMaterials/Substrate/Glints2/dict_0002_0172.uasset" 9090
"../../../Engine/Content/EngineMaterials/Substrate/Glints2/dict_0002_0168.uasset" 9091
"../../../Engine/Content/EngineMaterials/Substrate/Glints2/dict_0002_0175.uasset" 9092
"../../../Engine/Content/EngineMaterials/Substrate/Glints2/dict_0002_0169.uasset" 9093
"../../../Engine/Content/EngineMaterials/Substrate/Glints2/dict_0002_0167.uasset" 9094
"../../../Engine/Content/EngineMaterials/Substrate/Glints2/dict_0002_0164.uasset" 9095
"../../../Engine/Content/EngineMaterials/Substrate/Glints2/dict_0002_0165.uasset" 9096
"../../../Engine/Content/EngineMaterials/Substrate/Glints2/dict_0002_0171.uasset" 9097
"../../../Engine/Content/EngineMaterials/Substrate/Glints2/dict_0002_0163.uasset" 9098
"../../../Engine/Content/EngineMaterials/Substrate/Glints2/dict_0002_0170.uasset" 9099
"../../../Engine/Content/EngineMaterials/Substrate/Glints2/dict_0002_0162.uasset" 9100
"/Engine/EngineMaterials/Substrate/Glints2/dict_0002_0177" 9101
"../../../Engine/Content/EngineMaterials/Substrate/Glints2/dict_0002_0173.uasset" 9102
"../../../Engine/Content/EngineMaterials/Substrate/Glints2/dict_0002_0166.uasset" 9103
"../../../Engine/Content/EngineMaterials/Substrate/Glints2/dict_0002_0174.uasset" 9104
"/Engine/EngineMaterials/Substrate/Glints2/dict_0002_0178" 9105
"/Engine/EngineMaterials/Substrate/Glints2/dict_0002_0179" 9106
"/Engine/EngineMaterials/Substrate/Glints2/dict_0002_0180" 9107
"/Engine/EngineMaterials/Substrate/Glints2/dict_0002_0181" 9108
"/Engine/EngineMaterials/Substrate/Glints2/dict_0002_0182" 9109
"/Engine/EngineMaterials/Substrate/Glints2/dict_0002_0183" 9110
"/Engine/EngineMaterials/Substrate/Glints2/dict_0002_0184" 9111
"/Engine/EngineMaterials/Substrate/Glints2/dict_0002_0185" 9112
"/Engine/EngineMaterials/Substrate/Glints2/dict_0002_0186" 9113
"/Engine/EngineMaterials/Substrate/Glints2/dict_0002_0187" 9114
"/Engine/EngineMaterials/Substrate/Glints2/dict_0002_0188" 9115
"/Engine/EngineMaterials/Substrate/Glints2/dict_0002_0189" 9116
"/Engine/EngineMaterials/Substrate/Glints2/dict_0002_0190" 9117
"/Engine/EngineMaterials/Substrate/Glints2/dict_0002_0191" 9118
"/Engine/EngineMaterials/Substrate/Glints2/dict_0002_0192" 9119
"/Engine/EngineMaterials/Substrate/Glints2/dict_0002_0193" 9120
"/Engine/EngineMaterials/Substrate/Glints2/dict_0002_0162" 9121
"../../../Engine/Content/EngineMaterials/Substrate/Glints2/dict_0002_0155.uasset" 9122
"../../../Engine/Content/EngineMaterials/Substrate/Glints2/dict_0002_0159.uasset" 9123
"../../../Engine/Content/EngineMaterials/Substrate/Glints2/dict_0002_0157.uasset" 9124
"../../../Engine/Content/EngineMaterials/Substrate/Glints2/dict_0002_0153.uasset" 9125
"../../../Engine/Content/EngineMaterials/Substrate/Glints2/dict_0002_0152.uasset" 9126
"../../../Engine/Content/EngineMaterials/Substrate/Glints2/dict_0002_0150.uasset" 9127
"../../../Engine/Content/EngineMaterials/Substrate/Glints2/dict_0002_0161.uasset" 9128
"../../../Engine/Content/EngineMaterials/Substrate/Glints2/dict_0002_0154.uasset" 9129
"../../../Engine/Content/EngineMaterials/Substrate/Glints2/dict_0002_0156.uasset" 9130
"/Engine/EngineMaterials/Substrate/Glints2/dict_0002_0163" 9131
"../../../Engine/Content/EngineMaterials/Substrate/Glints2/dict_0002_0158.uasset" 9132
"../../../Engine/Content/EngineMaterials/Substrate/Glints2/dict_0002_0149.uasset" 9133
"../../../Engine/Content/EngineMaterials/Substrate/Glints2/dict_0002_0160.uasset" 9134
"../../../Engine/Content/EngineMaterials/Substrate/Glints2/dict_0002_0148.uasset" 9135
"../../../Engine/Content/EngineMaterials/Substrate/Glints2/dict_0002_0147.uasset" 9136
"../../../Engine/Content/EngineMaterials/Substrate/Glints2/dict_0002_0145.uasset" 9137
"../../../Engine/Content/EngineMaterials/Substrate/Glints2/dict_0002_0151.uasset" 9138
"../../../Engine/Content/EngineMaterials/Substrate/Glints2/dict_0002_0146.uasset" 9139
"../../../Engine/Content/EngineMaterials/Substrate/Glints2/dict_0002_0144.uasset" 9140
"/Engine/EngineMaterials/Substrate/Glints2/dict_0002_0164" 9141
"/Engine/EngineMaterials/Substrate/Glints2/dict_0002_0165" 9142
"/Engine/EngineMaterials/Substrate/Glints2/dict_0002_0166" 9143
"/Engine/EngineMaterials/Substrate/Glints2/dict_0002_0167" 9144
"/Engine/EngineMaterials/Substrate/Glints2/dict_0002_0168" 9145
"/Engine/EngineMaterials/Substrate/Glints2/dict_0002_0169" 9146
"/Engine/EngineMaterials/Substrate/Glints2/dict_0002_0170" 9147
"/Engine/EngineMaterials/Substrate/Glints2/dict_0002_0171" 9148
"/Engine/EngineMaterials/Substrate/Glints2/dict_0002_0172" 9149
"/Engine/EngineMaterials/Substrate/Glints2/dict_0002_0173" 9150
"/Engine/EngineMaterials/Substrate/Glints2/dict_0002_0174" 9151
"/Engine/EngineMaterials/Substrate/Glints2/dict_0002_0175" 9152
"/Engine/EngineMaterials/Substrate/Glints2/dict_0002_0144" 9153
"../../../Engine/Content/EngineMaterials/Substrate/Glints2/dict_0002_0140.uasset" 9154
"../../../Engine/Content/EngineMaterials/Substrate/Glints2/dict_0002_0139.uasset" 9155
"../../../Engine/Content/EngineMaterials/Substrate/Glints2/dict_0002_0142.uasset" 9156
"../../../Engine/Content/EngineMaterials/Substrate/Glints2/dict_0002_0136.uasset" 9157
"../../../Engine/Content/EngineMaterials/Substrate/Glints2/dict_0002_0141.uasset" 9158
"../../../Engine/Content/EngineMaterials/Substrate/Glints2/dict_0002_0143.uasset" 9159
"../../../Engine/Content/EngineMaterials/Substrate/Glints2/dict_0002_0138.uasset" 9160
"../../../Engine/Content/EngineMaterials/Substrate/Glints2/dict_0002_0134.uasset" 9161
"../../../Engine/Content/EngineMaterials/Substrate/Glints2/dict_0002_0132.uasset" 9162
"../../../Engine/Content/EngineMaterials/Substrate/Glints2/dict_0002_0133.uasset" 9163
"../../../Engine/Content/EngineMaterials/Substrate/Glints2/dict_0002_0131.uasset" 9164
"../../../Engine/Content/EngineMaterials/Substrate/Glints2/dict_0002_0130.uasset" 9165
"../../../Engine/Content/EngineMaterials/Substrate/Glints2/dict_0002_0137.uasset" 9166
"../../../Engine/Content/EngineMaterials/Substrate/Glints2/dict_0002_0135.uasset" 9167
"/Engine/EngineMaterials/Substrate/Glints2/dict_0002_0145" 9168
"/Engine/EngineMaterials/Substrate/Glints2/dict_0002_0146" 9169
"/Engine/EngineMaterials/Substrate/Glints2/dict_0002_0147" 9170
"/Engine/EngineMaterials/Substrate/Glints2/dict_0002_0148" 9171
"/Engine/EngineMaterials/Substrate/Glints2/dict_0002_0149" 9172
"/Engine/EngineMaterials/Substrate/Glints2/dict_0002_0150" 9173
"/Engine/EngineMaterials/Substrate/Glints2/dict_0002_0151" 9174
"/Engine/EngineMaterials/Substrate/Glints2/dict_0002_0152" 9175
"/Engine/EngineMaterials/Substrate/Glints2/dict_0002_0153" 9176
"/Engine/EngineMaterials/Substrate/Glints2/dict_0002_0154" 9177
"/Engine/EngineMaterials/Substrate/Glints2/dict_0002_0155" 9178
"/Engine/EngineMaterials/Substrate/Glints2/dict_0002_0156" 9179
"/Engine/EngineMaterials/Substrate/Glints2/dict_0002_0157" 9180
"/Engine/EngineMaterials/Substrate/Glints2/dict_0002_0158" 9181
"/Engine/EngineMaterials/Substrate/Glints2/dict_0002_0159" 9182
"/Engine/EngineMaterials/Substrate/Glints2/dict_0002_0160" 9183
"/Engine/EngineMaterials/Substrate/Glints2/dict_0002_0161" 9184
"/Engine/EngineMaterials/Substrate/Glints2/dict_0002_0130" 9185
"../../../Engine/Content/EngineMaterials/Substrate/Glints2/dict_0002_0129.uasset" 9186
"../../../Engine/Content/EngineMaterials/Substrate/Glints2/dict_0002_0128.uasset" 9187
"../../../Engine/Content/EngineMaterials/Substrate/Glints2/dict_0002_0119.uasset" 9188
"../../../Engine/Content/EngineMaterials/Substrate/Glints2/dict_0002_0122.uasset" 9189
"../../../Engine/Content/EngineMaterials/Substrate/Glints2/dict_0002_0118.uasset" 9190
"../../../Engine/Content/EngineMaterials/Substrate/Glints2/dict_0002_0120.uasset" 9191
"../../../Engine/Content/EngineMaterials/Substrate/Glints2/dict_0002_0123.uasset" 9192
"../../../Engine/Content/EngineMaterials/Substrate/Glints2/dict_0002_0117.uasset" 9193
"../../../Engine/Content/EngineMaterials/Substrate/Glints2/dict_0002_0125.uasset" 9194
"../../../Engine/Content/EngineMaterials/Substrate/Glints2/dict_0002_0127.uasset" 9195
"../../../Engine/Content/EngineMaterials/Substrate/Glints2/dict_0002_0116.uasset" 9196
"../../../Engine/Content/EngineMaterials/Substrate/Glints2/dict_0002_0121.uasset" 9197
"../../../Engine/Content/EngineMaterials/Substrate/Glints2/dict_0002_0126.uasset" 9198
"../../../Engine/Content/EngineMaterials/Substrate/Glints2/dict_0002_0124.uasset" 9199
"../../../Engine/Content/EngineMaterials/Substrate/Glints2/dict_0002_0115.uasset" 9200
"../../../Engine/Content/EngineMaterials/Substrate/Glints2/dict_0002_0113.uasset" 9201
"../../../Engine/Content/EngineMaterials/Substrate/Glints2/dict_0002_0114.uasset" 9202
"/Engine/EngineMaterials/Substrate/Glints2/dict_0002_0131" 9203
"../../../Engine/Content/EngineMaterials/Substrate/Glints2/dict_0002_0112.uasset" 9204
"/Engine/EngineMaterials/Substrate/Glints2/dict_0002_0132" 9205
"/Engine/EngineMaterials/Substrate/Glints2/dict_0002_0133" 9206
"/Engine/EngineMaterials/Substrate/Glints2/dict_0002_0134" 9207
"/Engine/EngineMaterials/Substrate/Glints2/dict_0002_0135" 9208
"/Engine/EngineMaterials/Substrate/Glints2/dict_0002_0136" 9209
"/Engine/EngineMaterials/Substrate/Glints2/dict_0002_0137" 9210
"/Engine/EngineMaterials/Substrate/Glints2/dict_0002_0138" 9211
"/Engine/EngineMaterials/Substrate/Glints2/dict_0002_0139" 9212
"/Engine/EngineMaterials/Substrate/Glints2/dict_0002_0140" 9213
"/Engine/EngineMaterials/Substrate/Glints2/dict_0002_0141" 9214
"/Engine/EngineMaterials/Substrate/Glints2/dict_0002_0142" 9215
"/Engine/EngineMaterials/Substrate/Glints2/dict_0002_0143" 9216
"/Engine/EngineMaterials/Substrate/Glints2/dict_0002_0112" 9217
"../../../Engine/Content/EngineMaterials/Substrate/Glints2/dict_0002_0105.uasset" 9218
"../../../Engine/Content/EngineMaterials/Substrate/Glints2/dict_0002_0107.uasset" 9219
"../../../Engine/Content/EngineMaterials/Substrate/Glints2/dict_0002_0108.uasset" 9220
"../../../Engine/Content/EngineMaterials/Substrate/Glints2/dict_0002_0102.uasset" 9221
"../../../Engine/Content/EngineMaterials/Substrate/Glints2/dict_0002_0104.uasset" 9222
"../../../Engine/Content/EngineMaterials/Substrate/Glints2/dict_0002_0109.uasset" 9223
"../../../Engine/Content/EngineMaterials/Substrate/Glints2/dict_0002_0110.uasset" 9224
"../../../Engine/Content/EngineMaterials/Substrate/Glints2/dict_0002_0100.uasset" 9225
"../../../Engine/Content/EngineMaterials/Substrate/Glints2/dict_0002_0106.uasset" 9226
"../../../Engine/Content/EngineMaterials/Substrate/Glints2/dict_0002_0111.uasset" 9227
"../../../Engine/Content/EngineMaterials/Substrate/Glints2/dict_0002_0103.uasset" 9228
"../../../Engine/Content/EngineMaterials/Substrate/Glints2/dict_0002_0101.uasset" 9229
"../../../Engine/Content/EngineMaterials/Substrate/Glints2/dict_0002_0098.uasset" 9230
"/Engine/EngineMaterials/Substrate/Glints2/dict_0002_0113" 9231
"/Engine/EngineMaterials/Substrate/Glints2/dict_0002_0114" 9232
"../../../Engine/Content/EngineMaterials/Substrate/Glints2/dict_0002_0099.uasset" 9233
"/Engine/EngineMaterials/Substrate/Glints2/dict_0002_0115" 9234
"/Engine/EngineMaterials/Substrate/Glints2/dict_0002_0116" 9235
"/Engine/EngineMaterials/Substrate/Glints2/dict_0002_0117" 9236
"/Engine/EngineMaterials/Substrate/Glints2/dict_0002_0118" 9237
"/Engine/EngineMaterials/Substrate/Glints2/dict_0002_0119" 9238
"/Engine/EngineMaterials/Substrate/Glints2/dict_0002_0120" 9239
"/Engine/EngineMaterials/Substrate/Glints2/dict_0002_0121" 9240
"/Engine/EngineMaterials/Substrate/Glints2/dict_0002_0122" 9241
"/Engine/EngineMaterials/Substrate/Glints2/dict_0002_0123" 9242
"/Engine/EngineMaterials/Substrate/Glints2/dict_0002_0124" 9243
"/Engine/EngineMaterials/Substrate/Glints2/dict_0002_0125" 9244
"/Engine/EngineMaterials/Substrate/Glints2/dict_0002_0126" 9245
"/Engine/EngineMaterials/Substrate/Glints2/dict_0002_0127" 9246
"/Engine/EngineMaterials/Substrate/Glints2/dict_0002_0128" 9247
"/Engine/EngineMaterials/Substrate/Glints2/dict_0002_0129" 9248
"../../../Engine/Content/EngineMaterials/Substrate/Glints2/dict_0002_0097.uasset" 9249
"/Engine/EngineMaterials/Substrate/Glints2/dict_0002_0098" 9250
"../../../Engine/Content/EngineMaterials/Substrate/Glints2/dict_0002_0091.uasset" 9251
"../../../Engine/Content/EngineMaterials/Substrate/Glints2/dict_0002_0095.uasset" 9252
"../../../Engine/Content/EngineMaterials/Substrate/Glints2/dict_0002_0092.uasset" 9253
"../../../Engine/Content/EngineMaterials/Substrate/Glints2/dict_0002_0088.uasset" 9254
"../../../Engine/Content/EngineMaterials/Substrate/Glints2/dict_0002_0096.uasset" 9255
"../../../Engine/Content/EngineMaterials/Substrate/Glints2/dict_0002_0086.uasset" 9256
"../../../Engine/Content/EngineMaterials/Substrate/Glints2/dict_0002_0090.uasset" 9257
"../../../Engine/Content/EngineMaterials/Substrate/Glints2/dict_0002_0089.uasset" 9258
"../../../Engine/Content/EngineMaterials/Substrate/Glints2/dict_0002_0094.uasset" 9259
"../../../Engine/Content/EngineMaterials/Substrate/Glints2/dict_0002_0093.uasset" 9260
"../../../Engine/Content/EngineMaterials/Substrate/Glints2/dict_0002_0087.uasset" 9261
"../../../Engine/Content/EngineMaterials/Substrate/Glints2/dict_0002_0085.uasset" 9262
"/Engine/EngineMaterials/Substrate/Glints2/dict_0002_0099" 9263
"../../../Engine/Content/EngineMaterials/Substrate/Glints2/dict_0002_0084.uasset" 9264
"../../../Engine/Content/EngineMaterials/Substrate/Glints2/dict_0002_0083.uasset" 9265
"../../../Engine/Content/EngineMaterials/Substrate/Glints2/dict_0002_0082.uasset" 9266
"../../../Engine/Content/EngineMaterials/Substrate/Glints2/dict_0002_0081.uasset" 9267
"../../../Engine/Content/EngineMaterials/Substrate/Glints2/dict_0002_0080.uasset" 9268
"/Engine/EngineMaterials/Substrate/Glints2/dict_0002_0100" 9269
"/Engine/EngineMaterials/Substrate/Glints2/dict_0002_0101" 9270
"/Engine/EngineMaterials/Substrate/Glints2/dict_0002_0102" 9271
"/Engine/EngineMaterials/Substrate/Glints2/dict_0002_0103" 9272
"/Engine/EngineMaterials/Substrate/Glints2/dict_0002_0104" 9273
"/Engine/EngineMaterials/Substrate/Glints2/dict_0002_0105" 9274
"/Engine/EngineMaterials/Substrate/Glints2/dict_0002_0106" 9275
"/Engine/EngineMaterials/Substrate/Glints2/dict_0002_0107" 9276
"/Engine/EngineMaterials/Substrate/Glints2/dict_0002_0108" 9277
"/Engine/EngineMaterials/Substrate/Glints2/dict_0002_0109" 9278
"/Engine/EngineMaterials/Substrate/Glints2/dict_0002_0110" 9279
"/Engine/EngineMaterials/Substrate/Glints2/dict_0002_0111" 9280
"/Engine/EngineMaterials/Substrate/Glints2/dict_0002_0080" 9281
"../../../Engine/Content/EngineMaterials/Substrate/Glints2/dict_0002_0078.uasset" 9282
"../../../Engine/Content/EngineMaterials/Substrate/Glints2/dict_0002_0074.uasset" 9283
"../../../Engine/Content/EngineMaterials/Substrate/Glints2/dict_0002_0076.uasset" 9284
"../../../Engine/Content/EngineMaterials/Substrate/Glints2/dict_0002_0077.uasset" 9285
"../../../Engine/Content/EngineMaterials/Substrate/Glints2/dict_0002_0073.uasset" 9286
"../../../Engine/Content/EngineMaterials/Substrate/Glints2/dict_0002_0072.uasset" 9287
"../../../Engine/Content/EngineMaterials/Substrate/Glints2/dict_0002_0079.uasset" 9288
"../../../Engine/Content/EngineMaterials/Substrate/Glints2/dict_0002_0067.uasset" 9289
"../../../Engine/Content/EngineMaterials/Substrate/Glints2/dict_0002_0075.uasset" 9290
"../../../Engine/Content/EngineMaterials/Substrate/Glints2/dict_0002_0069.uasset" 9291
"../../../Engine/Content/EngineMaterials/Substrate/Glints2/dict_0002_0068.uasset" 9292
"../../../Engine/Content/EngineMaterials/Substrate/Glints2/dict_0002_0071.uasset" 9293
"../../../Engine/Content/EngineMaterials/Substrate/Glints2/dict_0002_0070.uasset" 9294
"../../../Engine/Content/EngineMaterials/Substrate/Glints2/dict_0002_0066.uasset" 9295
"/Engine/EngineMaterials/Substrate/Glints2/dict_0002_0081" 9296
"/Engine/EngineMaterials/Substrate/Glints2/dict_0002_0082" 9297
"/Engine/EngineMaterials/Substrate/Glints2/dict_0002_0083" 9298
"/Engine/EngineMaterials/Substrate/Glints2/dict_0002_0084" 9299
"/Engine/EngineMaterials/Substrate/Glints2/dict_0002_0085" 9300
"/Engine/EngineMaterials/Substrate/Glints2/dict_0002_0086" 9301
"/Engine/EngineMaterials/Substrate/Glints2/dict_0002_0087" 9302
"/Engine/EngineMaterials/Substrate/Glints2/dict_0002_0088" 9303
"/Engine/EngineMaterials/Substrate/Glints2/dict_0002_0089" 9304
"/Engine/EngineMaterials/Substrate/Glints2/dict_0002_0090" 9305
"/Engine/EngineMaterials/Substrate/Glints2/dict_0002_0091" 9306
"/Engine/EngineMaterials/Substrate/Glints2/dict_0002_0092" 9307
"/Engine/EngineMaterials/Substrate/Glints2/dict_0002_0093" 9308
"/Engine/EngineMaterials/Substrate/Glints2/dict_0002_0094" 9309
"/Engine/EngineMaterials/Substrate/Glints2/dict_0002_0095" 9310
"/Engine/EngineMaterials/Substrate/Glints2/dict_0002_0096" 9311
"/Engine/EngineMaterials/Substrate/Glints2/dict_0002_0097" 9312
"/Engine/EngineMaterials/Substrate/Glints2/dict_0002_0066" 9313
"../../../Engine/Content/EngineMaterials/Substrate/Glints2/dict_0002_0058.uasset" 9314
"../../../Engine/Content/EngineMaterials/Substrate/Glints2/dict_0002_0061.uasset" 9315
"../../../Engine/Content/EngineMaterials/Substrate/Glints2/dict_0002_0056.uasset" 9316
"../../../Engine/Content/EngineMaterials/Substrate/Glints2/dict_0002_0060.uasset" 9317
"../../../Engine/Content/EngineMaterials/Substrate/Glints2/dict_0002_0065.uasset" 9318
"../../../Engine/Content/EngineMaterials/Substrate/Glints2/dict_0002_0064.uasset" 9319
"../../../Engine/Content/EngineMaterials/Substrate/Glints2/dict_0002_0059.uasset" 9320
"../../../Engine/Content/EngineMaterials/Substrate/Glints2/dict_0002_0054.uasset" 9321
"../../../Engine/Content/EngineMaterials/Substrate/Glints2/dict_0002_0052.uasset" 9322
"../../../Engine/Content/EngineMaterials/Substrate/Glints2/dict_0002_0057.uasset" 9323
"../../../Engine/Content/EngineMaterials/Substrate/Glints2/dict_0002_0055.uasset" 9324
"../../../Engine/Content/EngineMaterials/Substrate/Glints2/dict_0002_0063.uasset" 9325
"../../../Engine/Content/EngineMaterials/Substrate/Glints2/dict_0002_0053.uasset" 9326
"/Engine/EngineMaterials/Substrate/Glints2/dict_0002_0067" 9327
"../../../Engine/Content/EngineMaterials/Substrate/Glints2/dict_0002_0062.uasset" 9328
"../../../Engine/Content/EngineMaterials/Substrate/Glints2/dict_0002_0050.uasset" 9329
"../../../Engine/Content/EngineMaterials/Substrate/Glints2/dict_0002_0051.uasset" 9330
"../../../Engine/Content/EngineMaterials/Substrate/Glints2/dict_0002_0049.uasset" 9331
"../../../Engine/Content/EngineMaterials/Substrate/Glints2/dict_0002_0048.uasset" 9332
"/Engine/EngineMaterials/Substrate/Glints2/dict_0002_0068" 9333
"/Engine/EngineMaterials/Substrate/Glints2/dict_0002_0069" 9334
"/Engine/EngineMaterials/Substrate/Glints2/dict_0002_0070" 9335
"/Engine/EngineMaterials/Substrate/Glints2/dict_0002_0071" 9336
"/Engine/EngineMaterials/Substrate/Glints2/dict_0002_0072" 9337
"/Engine/EngineMaterials/Substrate/Glints2/dict_0002_0073" 9338
"/Engine/EngineMaterials/Substrate/Glints2/dict_0002_0074" 9339
"/Engine/EngineMaterials/Substrate/Glints2/dict_0002_0075" 9340
"/Engine/EngineMaterials/Substrate/Glints2/dict_0002_0076" 9341
"/Engine/EngineMaterials/Substrate/Glints2/dict_0002_0077" 9342
"/Engine/EngineMaterials/Substrate/Glints2/dict_0002_0078" 9343
"/Engine/EngineMaterials/Substrate/Glints2/dict_0002_0079" 9344
"/Engine/EngineMaterials/Substrate/Glints2/dict_0002_0048" 9345
"../../../Engine/Content/EngineMaterials/Substrate/Glints2/dict_0002_0045.uasset" 9346
"../../../Engine/Content/EngineMaterials/Substrate/Glints2/dict_0002_0044.uasset" 9347
"../../../Engine/Content/EngineMaterials/Substrate/Glints2/dict_0002_0046.uasset" 9348
"../../../Engine/Content/EngineMaterials/Substrate/Glints2/dict_0002_0041.uasset" 9349
"../../../Engine/Content/EngineMaterials/Substrate/Glints2/dict_0002_0037.uasset" 9350
"../../../Engine/Content/EngineMaterials/Substrate/Glints2/dict_0002_0042.uasset" 9351
"../../../Engine/Content/EngineMaterials/Substrate/Glints2/dict_0002_0047.uasset" 9352
"../../../Engine/Content/EngineMaterials/Substrate/Glints2/dict_0002_0034.uasset" 9353
"../../../Engine/Content/EngineMaterials/Substrate/Glints2/dict_0002_0035.uasset" 9354
"../../../Engine/Content/EngineMaterials/Substrate/Glints2/dict_0002_0036.uasset" 9355
"../../../Engine/Content/EngineMaterials/Substrate/Glints2/dict_0002_0039.uasset" 9356
"../../../Engine/Content/EngineMaterials/Substrate/Glints2/dict_0002_0038.uasset" 9357
"../../../Engine/Content/EngineMaterials/Substrate/Glints2/dict_0002_0043.uasset" 9358
"../../../Engine/Content/EngineMaterials/Substrate/Glints2/dict_0002_0040.uasset" 9359
"/Engine/EngineMaterials/Substrate/Glints2/dict_0002_0049" 9360
"/Engine/EngineMaterials/Substrate/Glints2/dict_0002_0050" 9361
"/Engine/EngineMaterials/Substrate/Glints2/dict_0002_0051" 9362
"/Engine/EngineMaterials/Substrate/Glints2/dict_0002_0052" 9363
"/Engine/EngineMaterials/Substrate/Glints2/dict_0002_0053" 9364
"/Engine/EngineMaterials/Substrate/Glints2/dict_0002_0054" 9365
"/Engine/EngineMaterials/Substrate/Glints2/dict_0002_0055" 9366
"/Engine/EngineMaterials/Substrate/Glints2/dict_0002_0056" 9367
"/Engine/EngineMaterials/Substrate/Glints2/dict_0002_0057" 9368
"/Engine/EngineMaterials/Substrate/Glints2/dict_0002_0058" 9369
"/Engine/EngineMaterials/Substrate/Glints2/dict_0002_0059" 9370
"/Engine/EngineMaterials/Substrate/Glints2/dict_0002_0060" 9371
"/Engine/EngineMaterials/Substrate/Glints2/dict_0002_0061" 9372
"/Engine/EngineMaterials/Substrate/Glints2/dict_0002_0062" 9373
"/Engine/EngineMaterials/Substrate/Glints2/dict_0002_0063" 9374
"/Engine/EngineMaterials/Substrate/Glints2/dict_0002_0064" 9375
"/Engine/EngineMaterials/Substrate/Glints2/dict_0002_0065" 9376
"/Engine/EngineMaterials/Substrate/Glints2/dict_0002_0034" 9377
"../../../Engine/Content/EngineMaterials/Substrate/Glints2/dict_0002_0027.uasset" 9378
"../../../Engine/Content/EngineMaterials/Substrate/Glints2/dict_0002_0026.uasset" 9379
"../../../Engine/Content/EngineMaterials/Substrate/Glints2/dict_0002_0022.uasset" 9380
"../../../Engine/Content/EngineMaterials/Substrate/Glints2/dict_0002_0025.uasset" 9381
"../../../Engine/Content/EngineMaterials/Substrate/Glints2/dict_0002_0023.uasset" 9382
"../../../Engine/Content/EngineMaterials/Substrate/Glints2/dict_0002_0024.uasset" 9383
"../../../Engine/Content/EngineMaterials/Substrate/Glints2/dict_0002_0029.uasset" 9384
"../../../Engine/Content/EngineMaterials/Substrate/Glints2/dict_0002_0033.uasset" 9385
"../../../Engine/Content/EngineMaterials/Substrate/Glints2/dict_0002_0028.uasset" 9386
"../../../Engine/Content/EngineMaterials/Substrate/Glints2/dict_0002_0031.uasset" 9387
"../../../Engine/Content/EngineMaterials/Substrate/Glints2/dict_0002_0030.uasset" 9388
"../../../Engine/Content/EngineMaterials/Substrate/Glints2/dict_0002_0032.uasset" 9389
"../../../Engine/Content/EngineMaterials/Substrate/Glints2/dict_0002_0020.uasset" 9390
"../../../Engine/Content/EngineMaterials/Substrate/Glints2/dict_0002_0021.uasset" 9391
"../../../Engine/Content/EngineMaterials/Substrate/Glints2/dict_0002_0018.uasset" 9392
"/Engine/EngineMaterials/Substrate/Glints2/dict_0002_0035" 9393
"../../../Engine/Content/EngineMaterials/Substrate/Glints2/dict_0002_0017.uasset" 9394
"../../../Engine/Content/EngineMaterials/Substrate/Glints2/dict_0002_0016.uasset" 9395
"../../../Engine/Content/EngineMaterials/Substrate/Glints2/dict_0002_0019.uasset" 9396
"/Engine/EngineMaterials/Substrate/Glints2/dict_0002_0036" 9397
"/Engine/EngineMaterials/Substrate/Glints2/dict_0002_0037" 9398
"/Engine/EngineMaterials/Substrate/Glints2/dict_0002_0038" 9399
"/Engine/EngineMaterials/Substrate/Glints2/dict_0002_0039" 9400
"/Engine/EngineMaterials/Substrate/Glints2/dict_0002_0040" 9401
"/Engine/EngineMaterials/Substrate/Glints2/dict_0002_0041" 9402
"/Engine/EngineMaterials/Substrate/Glints2/dict_0002_0042" 9403
"/Engine/EngineMaterials/Substrate/Glints2/dict_0002_0043" 9404
"/Engine/EngineMaterials/Substrate/Glints2/dict_0002_0044" 9405
"/Engine/EngineMaterials/Substrate/Glints2/dict_0002_0045" 9406
"/Engine/EngineMaterials/Substrate/Glints2/dict_0002_0046" 9407
"/Engine/EngineMaterials/Substrate/Glints2/dict_0002_0047" 9408
"/Engine/EngineMaterials/Substrate/Glints2/dict_0002_0016" 9409
"../../../Engine/Content/EngineMaterials/Substrate/Glints2/dict_0002_0009.uasset" 9410
"../../../Engine/Content/EngineMaterials/Substrate/Glints2/dict_0002_0012.uasset" 9411
"../../../Engine/Content/EngineMaterials/Substrate/Glints2/dict_0002_0014.uasset" 9412
"../../../Engine/Content/EngineMaterials/Substrate/Glints2/dict_0002_0007.uasset" 9413
"../../../Engine/Content/EngineMaterials/Substrate/Glints2/dict_0002_0013.uasset" 9414
"../../../Engine/Content/EngineMaterials/Substrate/Glints2/dict_0002_0005.uasset" 9415
"../../../Engine/Content/EngineMaterials/Substrate/Glints2/dict_0002_0011.uasset" 9416
"../../../Engine/Content/EngineMaterials/Substrate/Glints2/dict_0002_0004.uasset" 9417
"../../../Engine/Content/EngineMaterials/Substrate/Glints2/dict_0002_0002.uasset" 9418
"../../../Engine/Content/EngineMaterials/Substrate/Glints2/dict_0002_0015.uasset" 9419
"../../../Engine/Content/EngineMaterials/Substrate/Glints2/dict_0002_0006.uasset" 9420
"../../../Engine/Content/EngineMaterials/Substrate/Glints2/dict_0002_0008.uasset" 9421
"../../../Engine/Content/EngineMaterials/Substrate/Glints2/dict_0002_0003.uasset" 9422
"../../../Engine/Content/EngineMaterials/Substrate/Glints2/dict_0002_0010.uasset" 9423
"/Engine/EngineMaterials/Substrate/Glints2/dict_0002_0017" 9424
"/Engine/EngineMaterials/Substrate/Glints2/dict_0002_0018" 9425
"/Engine/EngineMaterials/Substrate/Glints2/dict_0002_0019" 9426
"/Engine/EngineMaterials/Substrate/Glints2/dict_0002_0020" 9427
"/Engine/EngineMaterials/Substrate/Glints2/dict_0002_0021" 9428
"/Engine/EngineMaterials/Substrate/Glints2/dict_0002_0022" 9429
"/Engine/EngineMaterials/Substrate/Glints2/dict_0002_0023" 9430
"/Engine/EngineMaterials/Substrate/Glints2/dict_0002_0024" 9431
"/Engine/EngineMaterials/Substrate/Glints2/dict_0002_0025" 9432
"/Engine/EngineMaterials/Substrate/Glints2/dict_0002_0026" 9433
"/Engine/EngineMaterials/Substrate/Glints2/dict_0002_0027" 9434
"/Engine/EngineMaterials/Substrate/Glints2/dict_0002_0028" 9435
"/Engine/EngineMaterials/Substrate/Glints2/dict_0002_0029" 9436
"/Engine/EngineMaterials/Substrate/Glints2/dict_0002_0030" 9437
"/Engine/EngineMaterials/Substrate/Glints2/dict_0002_0031" 9438
"/Engine/EngineMaterials/Substrate/Glints2/dict_0002_0032" 9439
"/Engine/EngineMaterials/Substrate/Glints2/dict_0002_0033" 9440
"/Engine/EngineMaterials/Substrate/Glints2/dict_0002_0002" 9441
"../../../Engine/Content/EngineMaterials/Substrate/Glints2/dict_0002_0001.uasset" 9442
"../../../Engine/Content/EngineMaterials/Substrate/Glints2/dict_0001_0253.uasset" 9443
"../../../Engine/Content/EngineMaterials/Substrate/Glints2/dict_0001_0248.uasset" 9444
"../../../Engine/Content/EngineMaterials/Substrate/Glints2/dict_0001_0254.uasset" 9445
"../../../Engine/Content/EngineMaterials/Substrate/Glints2/dict_0001_0246.uasset" 9446
"../../../Engine/Content/EngineMaterials/Substrate/Glints2/dict_0001_0251.uasset" 9447
"../../../Engine/Content/EngineMaterials/Substrate/Glints2/dict_0001_0249.uasset" 9448
"../../../Engine/Content/EngineMaterials/Substrate/Glints2/dict_0001_0252.uasset" 9449
"../../../Engine/Content/EngineMaterials/Substrate/Glints2/dict_0001_0245.uasset" 9450
"../../../Engine/Content/EngineMaterials/Substrate/Glints2/dict_0001_0244.uasset" 9451
"../../../Engine/Content/EngineMaterials/Substrate/Glints2/dict_0001_0255.uasset" 9452
"../../../Engine/Content/EngineMaterials/Substrate/Glints2/dict_0002_0000.uasset" 9453
"../../../Engine/Content/EngineMaterials/Substrate/Glints2/dict_0001_0247.uasset" 9454
"../../../Engine/Content/EngineMaterials/Substrate/Glints2/dict_0001_0243.uasset" 9455
"../../../Engine/Content/EngineMaterials/Substrate/Glints2/dict_0001_0250.uasset" 9456
"/Engine/EngineMaterials/Substrate/Glints2/dict_0002_0003" 9457
"../../../Engine/Content/EngineMaterials/Substrate/Glints2/dict_0001_0242.uasset" 9458
"../../../Engine/Content/EngineMaterials/Substrate/Glints2/dict_0001_0241.uasset" 9459
"../../../Engine/Content/EngineMaterials/Substrate/Glints2/dict_0001_0240.uasset" 9460
"/Engine/EngineMaterials/Substrate/Glints2/dict_0002_0004" 9461
"/Engine/EngineMaterials/Substrate/Glints2/dict_0002_0005" 9462
"/Engine/EngineMaterials/Substrate/Glints2/dict_0002_0006" 9463
"/Engine/EngineMaterials/Substrate/Glints2/dict_0002_0007" 9464
"/Engine/EngineMaterials/Substrate/Glints2/dict_0002_0008" 9465
"/Engine/EngineMaterials/Substrate/Glints2/dict_0002_0009" 9466
"/Engine/EngineMaterials/Substrate/Glints2/dict_0002_0010" 9467
"/Engine/EngineMaterials/Substrate/Glints2/dict_0002_0011" 9468
"/Engine/EngineMaterials/Substrate/Glints2/dict_0002_0012" 9469
"/Engine/EngineMaterials/Substrate/Glints2/dict_0002_0013" 9470
"/Engine/EngineMaterials/Substrate/Glints2/dict_0002_0014" 9471
"/Engine/EngineMaterials/Substrate/Glints2/dict_0002_0015" 9472
"/Engine/EngineMaterials/Substrate/Glints2/dict_0001_0240" 9473
"../../../Engine/Content/EngineMaterials/Substrate/Glints2/dict_0001_0238.uasset" 9474
"../../../Engine/Content/EngineMaterials/Substrate/Glints2/dict_0001_0239.uasset" 9475
"../../../Engine/Content/EngineMaterials/Substrate/Glints2/dict_0001_0231.uasset" 9476
"/Engine/EngineMaterials/Substrate/Glints2/dict_0001_0241" 9477
"../../../Engine/Content/EngineMaterials/Substrate/Glints2/dict_0001_0234.uasset" 9478
"../../../Engine/Content/EngineMaterials/Substrate/Glints2/dict_0001_0229.uasset" 9479
"../../../Engine/Content/EngineMaterials/Substrate/Glints2/dict_0001_0235.uasset" 9480
"../../../Engine/Content/EngineMaterials/Substrate/Glints2/dict_0001_0230.uasset" 9481
"../../../Engine/Content/EngineMaterials/Substrate/Glints2/dict_0001_0237.uasset" 9482
"../../../Engine/Content/EngineMaterials/Substrate/Glints2/dict_0001_0236.uasset" 9483
"../../../Engine/Content/EngineMaterials/Substrate/Glints2/dict_0001_0232.uasset" 9484
"../../../Engine/Content/EngineMaterials/Substrate/Glints2/dict_0001_0233.uasset" 9485
"../../../Engine/Content/EngineMaterials/Substrate/Glints2/dict_0001_0226.uasset" 9486
"../../../Engine/Content/EngineMaterials/Substrate/Glints2/dict_0001_0228.uasset" 9487
"../../../Engine/Content/EngineMaterials/Substrate/Glints2/dict_0001_0227.uasset" 9488
"/Engine/EngineMaterials/Substrate/Glints2/dict_0001_0242" 9489
"/Engine/EngineMaterials/Substrate/Glints2/dict_0001_0243" 9490
"/Engine/EngineMaterials/Substrate/Glints2/dict_0001_0244" 9491
"/Engine/EngineMaterials/Substrate/Glints2/dict_0001_0245" 9492
"/Engine/EngineMaterials/Substrate/Glints2/dict_0001_0246" 9493
"/Engine/EngineMaterials/Substrate/Glints2/dict_0001_0247" 9494
"/Engine/EngineMaterials/Substrate/Glints2/dict_0001_0248" 9495
"/Engine/EngineMaterials/Substrate/Glints2/dict_0001_0249" 9496
"/Engine/EngineMaterials/Substrate/Glints2/dict_0001_0250" 9497
"/Engine/EngineMaterials/Substrate/Glints2/dict_0001_0251" 9498
"/Engine/EngineMaterials/Substrate/Glints2/dict_0001_0252" 9499
"/Engine/EngineMaterials/Substrate/Glints2/dict_0001_0253" 9500
"/Engine/EngineMaterials/Substrate/Glints2/dict_0001_0254" 9501
"/Engine/EngineMaterials/Substrate/Glints2/dict_0001_0255" 9502
"/Engine/EngineMaterials/Substrate/Glints2/dict_0002_0000" 9503
"/Engine/EngineMaterials/Substrate/Glints2/dict_0002_0001" 9504
"/Engine/EngineMaterials/Substrate/Glints2/dict_0001_0226" 9505
"../../../Engine/Content/EngineMaterials/Substrate/Glints2/dict_0001_0217.uasset" 9506
"../../../Engine/Content/EngineMaterials/Substrate/Glints2/dict_0001_0214.uasset" 9507
"../../../Engine/Content/EngineMaterials/Substrate/Glints2/dict_0001_0213.uasset" 9508
"../../../Engine/Content/EngineMaterials/Substrate/Glints2/dict_0001_0225.uasset" 9509
"../../../Engine/Content/EngineMaterials/Substrate/Glints2/dict_0001_0215.uasset" 9510
"/Engine/EngineMaterials/Substrate/Glints2/dict_0001_0227" 9511
"../../../Engine/Content/EngineMaterials/Substrate/Glints2/dict_0001_0224.uasset" 9512
"../../../Engine/Content/EngineMaterials/Substrate/Glints2/dict_0001_0219.uasset" 9513
"../../../Engine/Content/EngineMaterials/Substrate/Glints2/dict_0001_0222.uasset" 9514
"../../../Engine/Content/EngineMaterials/Substrate/Glints2/dict_0001_0223.uasset" 9515
"../../../Engine/Content/EngineMaterials/Substrate/Glints2/dict_0001_0220.uasset" 9516
"../../../Engine/Content/EngineMaterials/Substrate/Glints2/dict_0001_0218.uasset" 9517
"../../../Engine/Content/EngineMaterials/Substrate/Glints2/dict_0001_0212.uasset" 9518
"../../../Engine/Content/EngineMaterials/Substrate/Glints2/dict_0001_0221.uasset" 9519
"../../../Engine/Content/EngineMaterials/Substrate/Glints2/dict_0001_0216.uasset" 9520
"/Engine/EngineMaterials/Substrate/Glints2/dict_0001_0228" 9521
"../../../Engine/Content/EngineMaterials/Substrate/Glints2/dict_0001_0210.uasset" 9522
"../../../Engine/Content/EngineMaterials/Substrate/Glints2/dict_0001_0211.uasset" 9523
"../../../Engine/Content/EngineMaterials/Substrate/Glints2/dict_0001_0209.uasset" 9524
"../../../Engine/Content/EngineMaterials/Substrate/Glints2/dict_0001_0208.uasset" 9525
"/Engine/EngineMaterials/Substrate/Glints2/dict_0001_0229" 9526
"/Engine/EngineMaterials/Substrate/Glints2/dict_0001_0230" 9527
"/Engine/EngineMaterials/Substrate/Glints2/dict_0001_0231" 9528
"/Engine/EngineMaterials/Substrate/Glints2/dict_0001_0232" 9529
"/Engine/EngineMaterials/Substrate/Glints2/dict_0001_0233" 9530
"/Engine/EngineMaterials/Substrate/Glints2/dict_0001_0234" 9531
"/Engine/EngineMaterials/Substrate/Glints2/dict_0001_0235" 9532
"/Engine/EngineMaterials/Substrate/Glints2/dict_0001_0236" 9533
"/Engine/EngineMaterials/Substrate/Glints2/dict_0001_0237" 9534
"/Engine/EngineMaterials/Substrate/Glints2/dict_0001_0238" 9535
"/Engine/EngineMaterials/Substrate/Glints2/dict_0001_0239" 9536
"/Engine/EngineMaterials/Substrate/Glints2/dict_0001_0208" 9537
"../../../Engine/Content/EngineMaterials/Substrate/Glints2/dict_0001_0199.uasset" 9538
"../../../Engine/Content/EngineMaterials/Substrate/Glints2/dict_0001_0205.uasset" 9539
"../../../Engine/Content/EngineMaterials/Substrate/Glints2/dict_0001_0200.uasset" 9540
"../../../Engine/Content/EngineMaterials/Substrate/Glints2/dict_0001_0201.uasset" 9541
"../../../Engine/Content/EngineMaterials/Substrate/Glints2/dict_0001_0206.uasset" 9542
"../../../Engine/Content/EngineMaterials/Substrate/Glints2/dict_0001_0207.uasset" 9543
"../../../Engine/Content/EngineMaterials/Substrate/Glints2/dict_0001_0197.uasset" 9544
"../../../Engine/Content/EngineMaterials/Substrate/Glints2/dict_0001_0202.uasset" 9545
"../../../Engine/Content/EngineMaterials/Substrate/Glints2/dict_0001_0203.uasset" 9546
"../../../Engine/Content/EngineMaterials/Substrate/Glints2/dict_0001_0195.uasset" 9547
"../../../Engine/Content/EngineMaterials/Substrate/Glints2/dict_0001_0198.uasset" 9548
"/Engine/EngineMaterials/Substrate/Glints2/dict_0001_0209" 9549
"../../../Engine/Content/EngineMaterials/Substrate/Glints2/dict_0001_0204.uasset" 9550
"../../../Engine/Content/EngineMaterials/Substrate/Glints2/dict_0001_0196.uasset" 9551
"../../../Engine/Content/EngineMaterials/Substrate/Glints2/dict_0001_0194.uasset" 9552
"/Engine/EngineMaterials/Substrate/Glints2/dict_0001_0210" 9553
"/Engine/EngineMaterials/Substrate/Glints2/dict_0001_0211" 9554
"/Engine/EngineMaterials/Substrate/Glints2/dict_0001_0212" 9555
"/Engine/EngineMaterials/Substrate/Glints2/dict_0001_0213" 9556
"/Engine/EngineMaterials/Substrate/Glints2/dict_0001_0214" 9557
"/Engine/EngineMaterials/Substrate/Glints2/dict_0001_0215" 9558
"/Engine/EngineMaterials/Substrate/Glints2/dict_0001_0216" 9559
"/Engine/EngineMaterials/Substrate/Glints2/dict_0001_0217" 9560
"/Engine/EngineMaterials/Substrate/Glints2/dict_0001_0218" 9561
"/Engine/EngineMaterials/Substrate/Glints2/dict_0001_0219" 9562
"/Engine/EngineMaterials/Substrate/Glints2/dict_0001_0220" 9563
"/Engine/EngineMaterials/Substrate/Glints2/dict_0001_0221" 9564
"/Engine/EngineMaterials/Substrate/Glints2/dict_0001_0222" 9565
"/Engine/EngineMaterials/Substrate/Glints2/dict_0001_0223" 9566
"/Engine/EngineMaterials/Substrate/Glints2/dict_0001_0224" 9567
"/Engine/EngineMaterials/Substrate/Glints2/dict_0001_0225" 9568
"/Engine/EngineMaterials/Substrate/Glints2/dict_0001_0194" 9569
"../../../Engine/Content/EngineMaterials/Substrate/Glints2/dict_0001_0191.uasset" 9570
"../../../Engine/Content/EngineMaterials/Substrate/Glints2/dict_0001_0189.uasset" 9571
"../../../Engine/Content/EngineMaterials/Substrate/Glints2/dict_0001_0188.uasset" 9572
"../../../Engine/Content/EngineMaterials/Substrate/Glints2/dict_0001_0190.uasset" 9573
"../../../Engine/Content/EngineMaterials/Substrate/Glints2/dict_0001_0184.uasset" 9574
"../../../Engine/Content/EngineMaterials/Substrate/Glints2/dict_0001_0187.uasset" 9575
"../../../Engine/Content/EngineMaterials/Substrate/Glints2/dict_0001_0185.uasset" 9576
"../../../Engine/Content/EngineMaterials/Substrate/Glints2/dict_0001_0183.uasset" 9577
"../../../Engine/Content/EngineMaterials/Substrate/Glints2/dict_0001_0186.uasset" 9578
"../../../Engine/Content/EngineMaterials/Substrate/Glints2/dict_0001_0181.uasset" 9579
"../../../Engine/Content/EngineMaterials/Substrate/Glints2/dict_0001_0182.uasset" 9580
"../../../Engine/Content/EngineMaterials/Substrate/Glints2/dict_0001_0192.uasset" 9581
"../../../Engine/Content/EngineMaterials/Substrate/Glints2/dict_0001_0180.uasset" 9582
"/Engine/EngineMaterials/Substrate/Glints2/dict_0001_0195" 9583
"../../../Engine/Content/EngineMaterials/Substrate/Glints2/dict_0001_0177.uasset" 9584
"../../../Engine/Content/EngineMaterials/Substrate/Glints2/dict_0001_0193.uasset" 9585
"../../../Engine/Content/EngineMaterials/Substrate/Glints2/dict_0001_0179.uasset" 9586
"../../../Engine/Content/EngineMaterials/Substrate/Glints2/dict_0001_0176.uasset" 9587
"../../../Engine/Content/EngineMaterials/Substrate/Glints2/dict_0001_0178.uasset" 9588
"/Engine/EngineMaterials/Substrate/Glints2/dict_0001_0196" 9589
"/Engine/EngineMaterials/Substrate/Glints2/dict_0001_0197" 9590
"/Engine/EngineMaterials/Substrate/Glints2/dict_0001_0198" 9591
"/Engine/EngineMaterials/Substrate/Glints2/dict_0001_0199" 9592
"/Engine/EngineMaterials/Substrate/Glints2/dict_0001_0200" 9593
"/Engine/EngineMaterials/Substrate/Glints2/dict_0001_0201" 9594
"/Engine/EngineMaterials/Substrate/Glints2/dict_0001_0202" 9595
"/Engine/EngineMaterials/Substrate/Glints2/dict_0001_0203" 9596
"/Engine/EngineMaterials/Substrate/Glints2/dict_0001_0204" 9597
"/Engine/EngineMaterials/Substrate/Glints2/dict_0001_0205" 9598
"/Engine/EngineMaterials/Substrate/Glints2/dict_0001_0206" 9599
"/Engine/EngineMaterials/Substrate/Glints2/dict_0001_0207" 9600
"/Engine/EngineMaterials/Substrate/Glints2/dict_0001_0176" 9601
"../../../Engine/Content/EngineMaterials/Substrate/Glints2/dict_0001_0165.uasset" 9602
"../../../Engine/Content/EngineMaterials/Substrate/Glints2/dict_0001_0170.uasset" 9603
"../../../Engine/Content/EngineMaterials/Substrate/Glints2/dict_0001_0175.uasset" 9604
"../../../Engine/Content/EngineMaterials/Substrate/Glints2/dict_0001_0167.uasset" 9605
"../../../Engine/Content/EngineMaterials/Substrate/Glints2/dict_0001_0174.uasset" 9606
"../../../Engine/Content/EngineMaterials/Substrate/Glints2/dict_0001_0169.uasset" 9607
"../../../Engine/Content/EngineMaterials/Substrate/Glints2/dict_0001_0171.uasset" 9608
"../../../Engine/Content/EngineMaterials/Substrate/Glints2/dict_0001_0164.uasset" 9609
"../../../Engine/Content/EngineMaterials/Substrate/Glints2/dict_0001_0173.uasset" 9610
"../../../Engine/Content/EngineMaterials/Substrate/Glints2/dict_0001_0163.uasset" 9611
"../../../Engine/Content/EngineMaterials/Substrate/Glints2/dict_0001_0166.uasset" 9612
"../../../Engine/Content/EngineMaterials/Substrate/Glints2/dict_0001_0168.uasset" 9613
"../../../Engine/Content/EngineMaterials/Substrate/Glints2/dict_0001_0162.uasset" 9614
"../../../Engine/Content/EngineMaterials/Substrate/Glints2/dict_0001_0172.uasset" 9615
"/Engine/EngineMaterials/Substrate/Glints2/dict_0001_0177" 9616
"/Engine/EngineMaterials/Substrate/Glints2/dict_0001_0178" 9617
"/Engine/EngineMaterials/Substrate/Glints2/dict_0001_0179" 9618
"/Engine/EngineMaterials/Substrate/Glints2/dict_0001_0180" 9619
"/Engine/EngineMaterials/Substrate/Glints2/dict_0001_0181" 9620
"/Engine/EngineMaterials/Substrate/Glints2/dict_0001_0182" 9621
"/Engine/EngineMaterials/Substrate/Glints2/dict_0001_0183" 9622
"/Engine/EngineMaterials/Substrate/Glints2/dict_0001_0184" 9623
"/Engine/EngineMaterials/Substrate/Glints2/dict_0001_0185" 9624
"/Engine/EngineMaterials/Substrate/Glints2/dict_0001_0186" 9625
"/Engine/EngineMaterials/Substrate/Glints2/dict_0001_0187" 9626
"/Engine/EngineMaterials/Substrate/Glints2/dict_0001_0188" 9627
"/Engine/EngineMaterials/Substrate/Glints2/dict_0001_0189" 9628
"/Engine/EngineMaterials/Substrate/Glints2/dict_0001_0190" 9629
"/Engine/EngineMaterials/Substrate/Glints2/dict_0001_0191" 9630
"/Engine/EngineMaterials/Substrate/Glints2/dict_0001_0192" 9631
"/Engine/EngineMaterials/Substrate/Glints2/dict_0001_0193" 9632
"/Engine/EngineMaterials/Substrate/Glints2/dict_0001_0162" 9633
"../../../Engine/Content/EngineMaterials/Substrate/Glints2/dict_0001_0161.uasset" 9634
"../../../Engine/Content/EngineMaterials/Substrate/Glints2/dict_0001_0159.uasset" 9635
"../../../Engine/Content/EngineMaterials/Substrate/Glints2/dict_0001_0158.uasset" 9636
"../../../Engine/Content/EngineMaterials/Substrate/Glints2/dict_0001_0160.uasset" 9637
"../../../Engine/Content/EngineMaterials/Substrate/Glints2/dict_0001_0154.uasset" 9638
"../../../Engine/Content/EngineMaterials/Substrate/Glints2/dict_0001_0152.uasset" 9639
"../../../Engine/Content/EngineMaterials/Substrate/Glints2/dict_0001_0156.uasset" 9640
"../../../Engine/Content/EngineMaterials/Substrate/Glints2/dict_0001_0153.uasset" 9641
"../../../Engine/Content/EngineMaterials/Substrate/Glints2/dict_0001_0151.uasset" 9642
"../../../Engine/Content/EngineMaterials/Substrate/Glints2/dict_0001_0157.uasset" 9643
"../../../Engine/Content/EngineMaterials/Substrate/Glints2/dict_0001_0155.uasset" 9644
"../../../Engine/Content/EngineMaterials/Substrate/Glints2/dict_0001_0149.uasset" 9645
"../../../Engine/Content/EngineMaterials/Substrate/Glints2/dict_0001_0150.uasset" 9646
"../../../Engine/Content/EngineMaterials/Substrate/Glints2/dict_0001_0148.uasset" 9647
"/Engine/EngineMaterials/Substrate/Glints2/dict_0001_0163" 9648
"../../../Engine/Content/EngineMaterials/Substrate/Glints2/dict_0001_0147.uasset" 9649
"../../../Engine/Content/EngineMaterials/Substrate/Glints2/dict_0001_0146.uasset" 9650
"../../../Engine/Content/EngineMaterials/Substrate/Glints2/dict_0001_0145.uasset" 9651
"../../../Engine/Content/EngineMaterials/Substrate/Glints2/dict_0001_0144.uasset" 9652
"/Engine/EngineMaterials/Substrate/Glints2/dict_0001_0164" 9653
"/Engine/EngineMaterials/Substrate/Glints2/dict_0001_0165" 9654
"/Engine/EngineMaterials/Substrate/Glints2/dict_0001_0166" 9655
"/Engine/EngineMaterials/Substrate/Glints2/dict_0001_0167" 9656
"/Engine/EngineMaterials/Substrate/Glints2/dict_0001_0168" 9657
"/Engine/EngineMaterials/Substrate/Glints2/dict_0001_0169" 9658
"/Engine/EngineMaterials/Substrate/Glints2/dict_0001_0170" 9659
"/Engine/EngineMaterials/Substrate/Glints2/dict_0001_0171" 9660
"/Engine/EngineMaterials/Substrate/Glints2/dict_0001_0172" 9661
"/Engine/EngineMaterials/Substrate/Glints2/dict_0001_0173" 9662
"/Engine/EngineMaterials/Substrate/Glints2/dict_0001_0174" 9663
"/Engine/EngineMaterials/Substrate/Glints2/dict_0001_0175" 9664
"/Engine/EngineMaterials/Substrate/Glints2/dict_0001_0144" 9665
"../../../Engine/Content/EngineMaterials/Substrate/Glints2/dict_0001_0143.uasset" 9666
"../../../Engine/Content/EngineMaterials/Substrate/Glints2/dict_0001_0141.uasset" 9667
"../../../Engine/Content/EngineMaterials/Substrate/Glints2/dict_0001_0137.uasset" 9668
"../../../Engine/Content/EngineMaterials/Substrate/Glints2/dict_0001_0142.uasset" 9669
"../../../Engine/Content/EngineMaterials/Substrate/Glints2/dict_0001_0135.uasset" 9670
"../../../Engine/Content/EngineMaterials/Substrate/Glints2/dict_0001_0138.uasset" 9671
"../../../Engine/Content/EngineMaterials/Substrate/Glints2/dict_0001_0134.uasset" 9672
"../../../Engine/Content/EngineMaterials/Substrate/Glints2/dict_0001_0140.uasset" 9673
"../../../Engine/Content/EngineMaterials/Substrate/Glints2/dict_0001_0132.uasset" 9674
"../../../Engine/Content/EngineMaterials/Substrate/Glints2/dict_0001_0136.uasset" 9675
"../../../Engine/Content/EngineMaterials/Substrate/Glints2/dict_0001_0133.uasset" 9676
"../../../Engine/Content/EngineMaterials/Substrate/Glints2/dict_0001_0131.uasset" 9677
"../../../Engine/Content/EngineMaterials/Substrate/Glints2/dict_0001_0139.uasset" 9678
"../../../Engine/Content/EngineMaterials/Substrate/Glints2/dict_0001_0130.uasset" 9679
"/Engine/EngineMaterials/Substrate/Glints2/dict_0001_0145" 9680
"/Engine/EngineMaterials/Substrate/Glints2/dict_0001_0146" 9681
"/Engine/EngineMaterials/Substrate/Glints2/dict_0001_0147" 9682
"/Engine/EngineMaterials/Substrate/Glints2/dict_0001_0148" 9683
"/Engine/EngineMaterials/Substrate/Glints2/dict_0001_0149" 9684
"/Engine/EngineMaterials/Substrate/Glints2/dict_0001_0150" 9685
"/Engine/EngineMaterials/Substrate/Glints2/dict_0001_0151" 9686
"/Engine/EngineMaterials/Substrate/Glints2/dict_0001_0152" 9687
"/Engine/EngineMaterials/Substrate/Glints2/dict_0001_0153" 9688
"/Engine/EngineMaterials/Substrate/Glints2/dict_0001_0154" 9689
"/Engine/EngineMaterials/Substrate/Glints2/dict_0001_0155" 9690
"/Engine/EngineMaterials/Substrate/Glints2/dict_0001_0156" 9691
"/Engine/EngineMaterials/Substrate/Glints2/dict_0001_0157" 9692
"/Engine/EngineMaterials/Substrate/Glints2/dict_0001_0158" 9693
"/Engine/EngineMaterials/Substrate/Glints2/dict_0001_0159" 9694
"/Engine/EngineMaterials/Substrate/Glints2/dict_0001_0160" 9695
"/Engine/EngineMaterials/Substrate/Glints2/dict_0001_0161" 9696
"/Engine/EngineMaterials/Substrate/Glints2/dict_0001_0130" 9697
"../../../Engine/Content/EngineMaterials/Substrate/Glints2/dict_0001_0126.uasset" 9698
"../../../Engine/Content/EngineMaterials/Substrate/Glints2/dict_0001_0118.uasset" 9699
"../../../Engine/Content/EngineMaterials/Substrate/Glints2/dict_0001_0119.uasset" 9700
"../../../Engine/Content/EngineMaterials/Substrate/Glints2/dict_0001_0125.uasset" 9701
"../../../Engine/Content/EngineMaterials/Substrate/Glints2/dict_0001_0121.uasset" 9702
"../../../Engine/Content/EngineMaterials/Substrate/Glints2/dict_0001_0120.uasset" 9703
"../../../Engine/Content/EngineMaterials/Substrate/Glints2/dict_0001_0123.uasset" 9704
"../../../Engine/Content/EngineMaterials/Substrate/Glints2/dict_0001_0129.uasset" 9705
"../../../Engine/Content/EngineMaterials/Substrate/Glints2/dict_0001_0122.uasset" 9706
"../../../Engine/Content/EngineMaterials/Substrate/Glints2/dict_0001_0124.uasset" 9707
"/Engine/EngineMaterials/Substrate/Glints2/dict_0001_0131" 9708
"../../../Engine/Content/EngineMaterials/Substrate/Glints2/dict_0001_0128.uasset" 9709
"../../../Engine/Content/EngineMaterials/Substrate/Glints2/dict_0001_0127.uasset" 9710
"../../../Engine/Content/EngineMaterials/Substrate/Glints2/dict_0001_0117.uasset" 9711
"../../../Engine/Content/EngineMaterials/Substrate/Glints2/dict_0001_0116.uasset" 9712
"../../../Engine/Content/EngineMaterials/Substrate/Glints2/dict_0001_0115.uasset" 9713
"../../../Engine/Content/EngineMaterials/Substrate/Glints2/dict_0001_0113.uasset" 9714
"../../../Engine/Content/EngineMaterials/Substrate/Glints2/dict_0001_0114.uasset" 9715
"../../../Engine/Content/EngineMaterials/Substrate/Glints2/dict_0001_0112.uasset" 9716
"/Engine/EngineMaterials/Substrate/Glints2/dict_0001_0132" 9717
"/Engine/EngineMaterials/Substrate/Glints2/dict_0001_0133" 9718
"/Engine/EngineMaterials/Substrate/Glints2/dict_0001_0134" 9719
"/Engine/EngineMaterials/Substrate/Glints2/dict_0001_0135" 9720
"/Engine/EngineMaterials/Substrate/Glints2/dict_0001_0136" 9721
"/Engine/EngineMaterials/Substrate/Glints2/dict_0001_0137" 9722
"/Engine/EngineMaterials/Substrate/Glints2/dict_0001_0138" 9723
"/Engine/EngineMaterials/Substrate/Glints2/dict_0001_0139" 9724
"/Engine/EngineMaterials/Substrate/Glints2/dict_0001_0140" 9725
"/Engine/EngineMaterials/Substrate/Glints2/dict_0001_0141" 9726
"/Engine/EngineMaterials/Substrate/Glints2/dict_0001_0142" 9727
"/Engine/EngineMaterials/Substrate/Glints2/dict_0001_0143" 9728
"/Engine/EngineMaterials/Substrate/Glints2/dict_0001_0112" 9729
"../../../Engine/Content/EngineMaterials/Substrate/Glints2/dict_0001_0110.uasset" 9730
"../../../Engine/Content/EngineMaterials/Substrate/Glints2/dict_0001_0111.uasset" 9731
"../../../Engine/Content/EngineMaterials/Substrate/Glints2/dict_0001_0106.uasset" 9732
"../../../Engine/Content/EngineMaterials/Substrate/Glints2/dict_0001_0102.uasset" 9733
"../../../Engine/Content/EngineMaterials/Substrate/Glints2/dict_0001_0103.uasset" 9734
"../../../Engine/Content/EngineMaterials/Substrate/Glints2/dict_0001_0104.uasset" 9735
"../../../Engine/Content/EngineMaterials/Substrate/Glints2/dict_0001_0107.uasset" 9736
"../../../Engine/Content/EngineMaterials/Substrate/Glints2/dict_0001_0108.uasset" 9737
"../../../Engine/Content/EngineMaterials/Substrate/Glints2/dict_0001_0100.uasset" 9738
"../../../Engine/Content/EngineMaterials/Substrate/Glints2/dict_0001_0109.uasset" 9739
"../../../Engine/Content/EngineMaterials/Substrate/Glints2/dict_0001_0098.uasset" 9740
"../../../Engine/Content/EngineMaterials/Substrate/Glints2/dict_0001_0099.uasset" 9741
"../../../Engine/Content/EngineMaterials/Substrate/Glints2/dict_0001_0105.uasset" 9742
"../../../Engine/Content/EngineMaterials/Substrate/Glints2/dict_0001_0101.uasset" 9743
"/Engine/EngineMaterials/Substrate/Glints2/dict_0001_0113" 9744
"/Engine/EngineMaterials/Substrate/Glints2/dict_0001_0114" 9745
"/Engine/EngineMaterials/Substrate/Glints2/dict_0001_0115" 9746
"/Engine/EngineMaterials/Substrate/Glints2/dict_0001_0116" 9747
"/Engine/EngineMaterials/Substrate/Glints2/dict_0001_0117" 9748
"/Engine/EngineMaterials/Substrate/Glints2/dict_0001_0118" 9749
"/Engine/EngineMaterials/Substrate/Glints2/dict_0001_0119" 9750
"/Engine/EngineMaterials/Substrate/Glints2/dict_0001_0120" 9751
"/Engine/EngineMaterials/Substrate/Glints2/dict_0001_0121" 9752
"/Engine/EngineMaterials/Substrate/Glints2/dict_0001_0122" 9753
"/Engine/EngineMaterials/Substrate/Glints2/dict_0001_0123" 9754
"/Engine/EngineMaterials/Substrate/Glints2/dict_0001_0124" 9755
"/Engine/EngineMaterials/Substrate/Glints2/dict_0001_0125" 9756
"/Engine/EngineMaterials/Substrate/Glints2/dict_0001_0126" 9757
"/Engine/EngineMaterials/Substrate/Glints2/dict_0001_0127" 9758
"/Engine/EngineMaterials/Substrate/Glints2/dict_0001_0128" 9759
"/Engine/EngineMaterials/Substrate/Glints2/dict_0001_0129" 9760
"/Engine/EngineMaterials/Substrate/Glints2/dict_0001_0098" 9761
"../../../Engine/Content/EngineMaterials/Substrate/Glints2/dict_0001_0089.uasset" 9762
"../../../Engine/Content/EngineMaterials/Substrate/Glints2/dict_0001_0090.uasset" 9763
"../../../Engine/Content/EngineMaterials/Substrate/Glints2/dict_0001_0095.uasset" 9764
"../../../Engine/Content/EngineMaterials/Substrate/Glints2/dict_0001_0096.uasset" 9765
"../../../Engine/Content/EngineMaterials/Substrate/Glints2/dict_0001_0091.uasset" 9766
"../../../Engine/Content/EngineMaterials/Substrate/Glints2/dict_0001_0086.uasset" 9767
"../../../Engine/Content/EngineMaterials/Substrate/Glints2/dict_0001_0088.uasset" 9768
"../../../Engine/Content/EngineMaterials/Substrate/Glints2/dict_0001_0097.uasset" 9769
"../../../Engine/Content/EngineMaterials/Substrate/Glints2/dict_0001_0087.uasset" 9770
"../../../Engine/Content/EngineMaterials/Substrate/Glints2/dict_0001_0092.uasset" 9771
"../../../Engine/Content/EngineMaterials/Substrate/Glints2/dict_0001_0094.uasset" 9772
"../../../Engine/Content/EngineMaterials/Substrate/Glints2/dict_0001_0085.uasset" 9773
"/Engine/EngineMaterials/Substrate/Glints2/dict_0001_0099" 9774
"../../../Engine/Content/EngineMaterials/Substrate/Glints2/dict_0001_0084.uasset" 9775
"../../../Engine/Content/EngineMaterials/Substrate/Glints2/dict_0001_0083.uasset" 9776
"../../../Engine/Content/EngineMaterials/Substrate/Glints2/dict_0001_0082.uasset" 9777
"../../../Engine/Content/EngineMaterials/Substrate/Glints2/dict_0001_0081.uasset" 9778
"../../../Engine/Content/EngineMaterials/Substrate/Glints2/dict_0001_0093.uasset" 9779
"../../../Engine/Content/EngineMaterials/Substrate/Glints2/dict_0001_0080.uasset" 9780
"/Engine/EngineMaterials/Substrate/Glints2/dict_0001_0100" 9781
"/Engine/EngineMaterials/Substrate/Glints2/dict_0001_0101" 9782
"/Engine/EngineMaterials/Substrate/Glints2/dict_0001_0102" 9783
"/Engine/EngineMaterials/Substrate/Glints2/dict_0001_0103" 9784
"/Engine/EngineMaterials/Substrate/Glints2/dict_0001_0104" 9785
"/Engine/EngineMaterials/Substrate/Glints2/dict_0001_0105" 9786
"/Engine/EngineMaterials/Substrate/Glints2/dict_0001_0106" 9787
"/Engine/EngineMaterials/Substrate/Glints2/dict_0001_0107" 9788
"/Engine/EngineMaterials/Substrate/Glints2/dict_0001_0108" 9789
"/Engine/EngineMaterials/Substrate/Glints2/dict_0001_0109" 9790
"/Engine/EngineMaterials/Substrate/Glints2/dict_0001_0110" 9791
"/Engine/EngineMaterials/Substrate/Glints2/dict_0001_0111" 9792
"/Engine/EngineMaterials/Substrate/Glints2/dict_0001_0080" 9793
"../../../Engine/Content/EngineMaterials/Substrate/Glints2/dict_0001_0079.uasset" 9794
"../../../Engine/Content/EngineMaterials/Substrate/Glints2/dict_0001_0072.uasset" 9795
"../../../Engine/Content/EngineMaterials/Substrate/Glints2/dict_0001_0071.uasset" 9796
"../../../Engine/Content/EngineMaterials/Substrate/Glints2/dict_0001_0068.uasset" 9797
"../../../Engine/Content/EngineMaterials/Substrate/Glints2/dict_0001_0074.uasset" 9798
"../../../Engine/Content/EngineMaterials/Substrate/Glints2/dict_0001_0073.uasset" 9799
"../../../Engine/Content/EngineMaterials/Substrate/Glints2/dict_0001_0075.uasset" 9800
"../../../Engine/Content/EngineMaterials/Substrate/Glints2/dict_0001_0069.uasset" 9801
"../../../Engine/Content/EngineMaterials/Substrate/Glints2/dict_0001_0076.uasset" 9802
"../../../Engine/Content/EngineMaterials/Substrate/Glints2/dict_0001_0077.uasset" 9803
"../../../Engine/Content/EngineMaterials/Substrate/Glints2/dict_0001_0067.uasset" 9804
"../../../Engine/Content/EngineMaterials/Substrate/Glints2/dict_0001_0070.uasset" 9805
"../../../Engine/Content/EngineMaterials/Substrate/Glints2/dict_0001_0078.uasset" 9806
"../../../Engine/Content/EngineMaterials/Substrate/Glints2/dict_0001_0066.uasset" 9807
"/Engine/EngineMaterials/Substrate/Glints2/dict_0001_0081" 9808
"/Engine/EngineMaterials/Substrate/Glints2/dict_0001_0082" 9809
"/Engine/EngineMaterials/Substrate/Glints2/dict_0001_0083" 9810
"/Engine/EngineMaterials/Substrate/Glints2/dict_0001_0084" 9811
"/Engine/EngineMaterials/Substrate/Glints2/dict_0001_0085" 9812
"/Engine/EngineMaterials/Substrate/Glints2/dict_0001_0086" 9813
"/Engine/EngineMaterials/Substrate/Glints2/dict_0001_0087" 9814
"/Engine/EngineMaterials/Substrate/Glints2/dict_0001_0088" 9815
"/Engine/EngineMaterials/Substrate/Glints2/dict_0001_0089" 9816
"/Engine/EngineMaterials/Substrate/Glints2/dict_0001_0090" 9817
"/Engine/EngineMaterials/Substrate/Glints2/dict_0001_0091" 9818
"/Engine/EngineMaterials/Substrate/Glints2/dict_0001_0092" 9819
"/Engine/EngineMaterials/Substrate/Glints2/dict_0001_0093" 9820
"/Engine/EngineMaterials/Substrate/Glints2/dict_0001_0094" 9821
"/Engine/EngineMaterials/Substrate/Glints2/dict_0001_0095" 9822
"/Engine/EngineMaterials/Substrate/Glints2/dict_0001_0096" 9823
"/Engine/EngineMaterials/Substrate/Glints2/dict_0001_0097" 9824
"/Engine/EngineMaterials/Substrate/Glints2/dict_0001_0066" 9825
"../../../Engine/Content/EngineMaterials/Substrate/Glints2/dict_0001_0065.uasset" 9826
"../../../Engine/Content/EngineMaterials/Substrate/Glints2/dict_0001_0063.uasset" 9827
"../../../Engine/Content/EngineMaterials/Substrate/Glints2/dict_0001_0056.uasset" 9828
"../../../Engine/Content/EngineMaterials/Substrate/Glints2/dict_0001_0064.uasset" 9829
"../../../Engine/Content/EngineMaterials/Substrate/Glints2/dict_0001_0062.uasset" 9830
"../../../Engine/Content/EngineMaterials/Substrate/Glints2/dict_0001_0058.uasset" 9831
"../../../Engine/Content/EngineMaterials/Substrate/Glints2/dict_0001_0054.uasset" 9832
"../../../Engine/Content/EngineMaterials/Substrate/Glints2/dict_0001_0053.uasset" 9833
"../../../Engine/Content/EngineMaterials/Substrate/Glints2/dict_0001_0052.uasset" 9834
"../../../Engine/Content/EngineMaterials/Substrate/Glints2/dict_0001_0059.uasset" 9835
"../../../Engine/Content/EngineMaterials/Substrate/Glints2/dict_0001_0061.uasset" 9836
"../../../Engine/Content/EngineMaterials/Substrate/Glints2/dict_0001_0055.uasset" 9837
"../../../Engine/Content/EngineMaterials/Substrate/Glints2/dict_0001_0060.uasset" 9838
"../../../Engine/Content/EngineMaterials/Substrate/Glints2/dict_0001_0057.uasset" 9839
"../../../Engine/Content/EngineMaterials/Substrate/Glints2/dict_0001_0051.uasset" 9840
"../../../Engine/Content/EngineMaterials/Substrate/Glints2/dict_0001_0050.uasset" 9841
"/Engine/EngineMaterials/Substrate/Glints2/dict_0001_0067" 9842
"../../../Engine/Content/EngineMaterials/Substrate/Glints2/dict_0001_0049.uasset" 9843
"../../../Engine/Content/EngineMaterials/Substrate/Glints2/dict_0001_0048.uasset" 9844
"/Engine/EngineMaterials/Substrate/Glints2/dict_0001_0068" 9845
"/Engine/EngineMaterials/Substrate/Glints2/dict_0001_0069" 9846
"/Engine/EngineMaterials/Substrate/Glints2/dict_0001_0070" 9847
"/Engine/EngineMaterials/Substrate/Glints2/dict_0001_0071" 9848
"/Engine/EngineMaterials/Substrate/Glints2/dict_0001_0072" 9849
"/Engine/EngineMaterials/Substrate/Glints2/dict_0001_0073" 9850
"/Engine/EngineMaterials/Substrate/Glints2/dict_0001_0074" 9851
"/Engine/EngineMaterials/Substrate/Glints2/dict_0001_0075" 9852
"/Engine/EngineMaterials/Substrate/Glints2/dict_0001_0076" 9853
"/Engine/EngineMaterials/Substrate/Glints2/dict_0001_0077" 9854
"/Engine/EngineMaterials/Substrate/Glints2/dict_0001_0078" 9855
"/Engine/EngineMaterials/Substrate/Glints2/dict_0001_0079" 9856
"/Engine/EngineMaterials/Substrate/Glints2/dict_0001_0048" 9857
"../../../Engine/Content/EngineMaterials/Substrate/Glints2/dict_0001_0039.uasset" 9858
"../../../Engine/Content/EngineMaterials/Substrate/Glints2/dict_0001_0047.uasset" 9859
"../../../Engine/Content/EngineMaterials/Substrate/Glints2/dict_0001_0044.uasset" 9860
"../../../Engine/Content/EngineMaterials/Substrate/Glints2/dict_0001_0041.uasset" 9861
"../../../Engine/Content/EngineMaterials/Substrate/Glints2/dict_0001_0042.uasset" 9862
"../../../Engine/Content/EngineMaterials/Substrate/Glints2/dict_0001_0046.uasset" 9863
"../../../Engine/Content/EngineMaterials/Substrate/Glints2/dict_0001_0040.uasset" 9864
"../../../Engine/Content/EngineMaterials/Substrate/Glints2/dict_0001_0035.uasset" 9865
"../../../Engine/Content/EngineMaterials/Substrate/Glints2/dict_0001_0045.uasset" 9866
"../../../Engine/Content/EngineMaterials/Substrate/Glints2/dict_0001_0043.uasset" 9867
"../../../Engine/Content/EngineMaterials/Substrate/Glints2/dict_0001_0034.uasset" 9868
"../../../Engine/Content/EngineMaterials/Substrate/Glints2/dict_0001_0037.uasset" 9869
"../../../Engine/Content/EngineMaterials/Substrate/Glints2/dict_0001_0036.uasset" 9870
"../../../Engine/Content/EngineMaterials/Substrate/Glints2/dict_0001_0038.uasset" 9871
"/Engine/EngineMaterials/Substrate/Glints2/dict_0001_0049" 9872
"/Engine/EngineMaterials/Substrate/Glints2/dict_0001_0050" 9873
"/Engine/EngineMaterials/Substrate/Glints2/dict_0001_0051" 9874
"/Engine/EngineMaterials/Substrate/Glints2/dict_0001_0052" 9875
"/Engine/EngineMaterials/Substrate/Glints2/dict_0001_0053" 9876
"/Engine/EngineMaterials/Substrate/Glints2/dict_0001_0054" 9877
"/Engine/EngineMaterials/Substrate/Glints2/dict_0001_0055" 9878
"/Engine/EngineMaterials/Substrate/Glints2/dict_0001_0056" 9879
"/Engine/EngineMaterials/Substrate/Glints2/dict_0001_0057" 9880
"/Engine/EngineMaterials/Substrate/Glints2/dict_0001_0058" 9881
"/Engine/EngineMaterials/Substrate/Glints2/dict_0001_0059" 9882
"/Engine/EngineMaterials/Substrate/Glints2/dict_0001_0060" 9883
"/Engine/EngineMaterials/Substrate/Glints2/dict_0001_0061" 9884
"/Engine/EngineMaterials/Substrate/Glints2/dict_0001_0062" 9885
"/Engine/EngineMaterials/Substrate/Glints2/dict_0001_0063" 9886
"/Engine/EngineMaterials/Substrate/Glints2/dict_0001_0064" 9887
"/Engine/EngineMaterials/Substrate/Glints2/dict_0001_0065" 9888
"/Engine/EngineMaterials/Substrate/Glints2/dict_0001_0034" 9889
"../../../Engine/Content/EngineMaterials/Substrate/Glints2/dict_0001_0031.uasset" 9890
"../../../Engine/Content/EngineMaterials/Substrate/Glints2/dict_0001_0026.uasset" 9891
"../../../Engine/Content/EngineMaterials/Substrate/Glints2/dict_0001_0023.uasset" 9892
"../../../Engine/Content/EngineMaterials/Substrate/Glints2/dict_0001_0029.uasset" 9893
"../../../Engine/Content/EngineMaterials/Substrate/Glints2/dict_0001_0033.uasset" 9894
"../../../Engine/Content/EngineMaterials/Substrate/Glints2/dict_0001_0024.uasset" 9895
"../../../Engine/Content/EngineMaterials/Substrate/Glints2/dict_0001_0030.uasset" 9896
"../../../Engine/Content/EngineMaterials/Substrate/Glints2/dict_0001_0027.uasset" 9897
"../../../Engine/Content/EngineMaterials/Substrate/Glints2/dict_0001_0028.uasset" 9898
"../../../Engine/Content/EngineMaterials/Substrate/Glints2/dict_0001_0022.uasset" 9899
"../../../Engine/Content/EngineMaterials/Substrate/Glints2/dict_0001_0025.uasset" 9900
"../../../Engine/Content/EngineMaterials/Substrate/Glints2/dict_0001_0032.uasset" 9901
"../../../Engine/Content/EngineMaterials/Substrate/Glints2/dict_0001_0021.uasset" 9902
"../../../Engine/Content/EngineMaterials/Substrate/Glints2/dict_0001_0020.uasset" 9903
"/Engine/EngineMaterials/Substrate/Glints2/dict_0001_0035" 9904
"../../../Engine/Content/EngineMaterials/Substrate/Glints2/dict_0001_0018.uasset" 9905
"../../../Engine/Content/EngineMaterials/Substrate/Glints2/dict_0001_0017.uasset" 9906
"../../../Engine/Content/EngineMaterials/Substrate/Glints2/dict_0001_0019.uasset" 9907
"../../../Engine/Content/EngineMaterials/Substrate/Glints2/dict_0001_0016.uasset" 9908
"/Engine/EngineMaterials/Substrate/Glints2/dict_0001_0036" 9909
"/Engine/EngineMaterials/Substrate/Glints2/dict_0001_0037" 9910
"/Engine/EngineMaterials/Substrate/Glints2/dict_0001_0038" 9911
"/Engine/EngineMaterials/Substrate/Glints2/dict_0001_0039" 9912
"/Engine/EngineMaterials/Substrate/Glints2/dict_0001_0040" 9913
"/Engine/EngineMaterials/Substrate/Glints2/dict_0001_0041" 9914
"/Engine/EngineMaterials/Substrate/Glints2/dict_0001_0042" 9915
"/Engine/EngineMaterials/Substrate/Glints2/dict_0001_0043" 9916
"/Engine/EngineMaterials/Substrate/Glints2/dict_0001_0044" 9917
"/Engine/EngineMaterials/Substrate/Glints2/dict_0001_0045" 9918
"/Engine/EngineMaterials/Substrate/Glints2/dict_0001_0046" 9919
"/Engine/EngineMaterials/Substrate/Glints2/dict_0001_0047" 9920
"/Engine/EngineMaterials/Substrate/Glints2/dict_0001_0016" 9921
"../../../Engine/Content/EngineMaterials/Substrate/Glints2/dict_0001_0013.uasset" 9922
"../../../Engine/Content/EngineMaterials/Substrate/Glints2/dict_0001_0006.uasset" 9923
"../../../Engine/Content/EngineMaterials/Substrate/Glints2/dict_0001_0009.uasset" 9924
"../../../Engine/Content/EngineMaterials/Substrate/Glints2/dict_0001_0010.uasset" 9925
"../../../Engine/Content/EngineMaterials/Substrate/Glints2/dict_0001_0008.uasset" 9926
"../../../Engine/Content/EngineMaterials/Substrate/Glints2/dict_0001_0012.uasset" 9927
"../../../Engine/Content/EngineMaterials/Substrate/Glints2/dict_0001_0011.uasset" 9928
"../../../Engine/Content/EngineMaterials/Substrate/Glints2/dict_0001_0002.uasset" 9929
"../../../Engine/Content/EngineMaterials/Substrate/Glints2/dict_0001_0015.uasset" 9930
"../../../Engine/Content/EngineMaterials/Substrate/Glints2/dict_0001_0014.uasset" 9931
"/Engine/EngineMaterials/Substrate/Glints2/dict_0001_0017" 9932
"../../../Engine/Content/EngineMaterials/Substrate/Glints2/dict_0001_0003.uasset" 9933
"../../../Engine/Content/EngineMaterials/Substrate/Glints2/dict_0001_0004.uasset" 9934
"../../../Engine/Content/EngineMaterials/Substrate/Glints2/dict_0001_0005.uasset" 9935
"../../../Engine/Content/EngineMaterials/Substrate/Glints2/dict_0001_0007.uasset" 9936
"/Engine/EngineMaterials/Substrate/Glints2/dict_0001_0018" 9937
"/Engine/EngineMaterials/Substrate/Glints2/dict_0001_0019" 9938
"/Engine/EngineMaterials/Substrate/Glints2/dict_0001_0020" 9939
"/Engine/EngineMaterials/Substrate/Glints2/dict_0001_0021" 9940
"/Engine/EngineMaterials/Substrate/Glints2/dict_0001_0022" 9941
"/Engine/EngineMaterials/Substrate/Glints2/dict_0001_0023" 9942
"/Engine/EngineMaterials/Substrate/Glints2/dict_0001_0024" 9943
"/Engine/EngineMaterials/Substrate/Glints2/dict_0001_0025" 9944
"/Engine/EngineMaterials/Substrate/Glints2/dict_0001_0026" 9945
"/Engine/EngineMaterials/Substrate/Glints2/dict_0001_0027" 9946
"/Engine/EngineMaterials/Substrate/Glints2/dict_0001_0028" 9947
"/Engine/EngineMaterials/Substrate/Glints2/dict_0001_0029" 9948
"/Engine/EngineMaterials/Substrate/Glints2/dict_0001_0030" 9949
"/Engine/EngineMaterials/Substrate/Glints2/dict_0001_0031" 9950
"/Engine/EngineMaterials/Substrate/Glints2/dict_0001_0032" 9951
"/Engine/EngineMaterials/Substrate/Glints2/dict_0001_0033" 9952
"/Engine/EngineMaterials/Substrate/Glints2/dict_0001_0002" 9953
"../../../Engine/Content/EngineMaterials/Substrate/Glints2/dict_0001_0001.uasset" 9954
"../../../Engine/Content/EngineMaterials/Substrate/Glints2/dict_0001_0000.uasset" 9955
"../../../Engine/Content/EngineMaterials/Substrate/Glints2/dict_0000_0246.uasset" 9956
"../../../Engine/Content/EngineMaterials/Substrate/Glints2/dict_0000_0254.uasset" 9957
"../../../Engine/Content/EngineMaterials/Substrate/Glints2/dict_0000_0249.uasset" 9958
"../../../Engine/Content/EngineMaterials/Substrate/Glints2/dict_0000_0252.uasset" 9959
"../../../Engine/Content/EngineMaterials/Substrate/Glints2/dict_0000_0245.uasset" 9960
"../../../Engine/Content/EngineMaterials/Substrate/Glints2/dict_0000_0248.uasset" 9961
"../../../Engine/Content/EngineMaterials/Substrate/Glints2/dict_0000_0255.uasset" 9962
"../../../Engine/Content/EngineMaterials/Substrate/Glints2/dict_0000_0251.uasset" 9963
"../../../Engine/Content/EngineMaterials/Substrate/Glints2/dict_0000_0253.uasset" 9964
"../../../Engine/Content/EngineMaterials/Substrate/Glints2/dict_0000_0250.uasset" 9965
"../../../Engine/Content/EngineMaterials/Substrate/Glints2/dict_0000_0247.uasset" 9966
"../../../Engine/Content/EngineMaterials/Substrate/Glints2/dict_0000_0244.uasset" 9967
"/Engine/EngineMaterials/Substrate/Glints2/dict_0001_0003" 9968
"../../../Engine/Content/EngineMaterials/Substrate/Glints2/dict_0000_0241.uasset" 9969
"../../../Engine/Content/EngineMaterials/Substrate/Glints2/dict_0000_0243.uasset" 9970
"../../../Engine/Content/EngineMaterials/Substrate/Glints2/dict_0000_0242.uasset" 9971
"../../../Engine/Content/EngineMaterials/Substrate/Glints2/dict_0000_0240.uasset" 9972
"/Engine/EngineMaterials/Substrate/Glints2/dict_0001_0004" 9973
"/Engine/EngineMaterials/Substrate/Glints2/dict_0001_0005" 9974
"/Engine/EngineMaterials/Substrate/Glints2/dict_0001_0006" 9975
"/Engine/EngineMaterials/Substrate/Glints2/dict_0001_0007" 9976
"/Engine/EngineMaterials/Substrate/Glints2/dict_0001_0008" 9977
"/Engine/EngineMaterials/Substrate/Glints2/dict_0001_0009" 9978
"/Engine/EngineMaterials/Substrate/Glints2/dict_0001_0010" 9979
"/Engine/EngineMaterials/Substrate/Glints2/dict_0001_0011" 9980
"/Engine/EngineMaterials/Substrate/Glints2/dict_0001_0012" 9981
"/Engine/EngineMaterials/Substrate/Glints2/dict_0001_0013" 9982
"/Engine/EngineMaterials/Substrate/Glints2/dict_0001_0014" 9983
"/Engine/EngineMaterials/Substrate/Glints2/dict_0001_0015" 9984
"/Engine/EngineMaterials/Substrate/Glints2/dict_0000_0240" 9985
"../../../Engine/Content/EngineMaterials/Substrate/Glints2/dict_0000_0236.uasset" 9986
"../../../Engine/Content/EngineMaterials/Substrate/Glints2/dict_0000_0235.uasset" 9987
"../../../Engine/Content/EngineMaterials/Substrate/Glints2/dict_0000_0232.uasset" 9988
"../../../Engine/Content/EngineMaterials/Substrate/Glints2/dict_0000_0237.uasset" 9989
"../../../Engine/Content/EngineMaterials/Substrate/Glints2/dict_0000_0234.uasset" 9990
"../../../Engine/Content/EngineMaterials/Substrate/Glints2/dict_0000_0230.uasset" 9991
"../../../Engine/Content/EngineMaterials/Substrate/Glints2/dict_0000_0238.uasset" 9992
"../../../Engine/Content/EngineMaterials/Substrate/Glints2/dict_0000_0233.uasset" 9993
"../../../Engine/Content/EngineMaterials/Substrate/Glints2/dict_0000_0239.uasset" 9994
"../../../Engine/Content/EngineMaterials/Substrate/Glints2/dict_0000_0231.uasset" 9995
"/Engine/EngineMaterials/Substrate/Glints2/dict_0000_0241" 9996
"../../../Engine/Content/EngineMaterials/Substrate/Glints2/dict_0000_0229.uasset" 9997
"/Engine/EngineMaterials/Substrate/Glints2/dict_0000_0242" 9998
"../../../Engine/Content/EngineMaterials/Substrate/Glints2/dict_0000_0228.uasset" 9999
"../../../Engine/Content/EngineMaterials/Substrate/Glints2/dict_0000_0227.uasset" 10000
"../../../Engine/Content/EngineMaterials/Substrate/Glints2/dict_0000_0226.uasset" 10001
"/Engine/EngineMaterials/Substrate/Glints2/dict_0000_0243" 10002
"/Engine/EngineMaterials/Substrate/Glints2/dict_0000_0244" 10003
"/Engine/EngineMaterials/Substrate/Glints2/dict_0000_0245" 10004
"/Engine/EngineMaterials/Substrate/Glints2/dict_0000_0246" 10005
"/Engine/EngineMaterials/Substrate/Glints2/dict_0000_0247" 10006
"/Engine/EngineMaterials/Substrate/Glints2/dict_0000_0248" 10007
"/Engine/EngineMaterials/Substrate/Glints2/dict_0000_0249" 10008
"/Engine/EngineMaterials/Substrate/Glints2/dict_0000_0250" 10009
"/Engine/EngineMaterials/Substrate/Glints2/dict_0000_0251" 10010
"/Engine/EngineMaterials/Substrate/Glints2/dict_0000_0252" 10011
"/Engine/EngineMaterials/Substrate/Glints2/dict_0000_0253" 10012
"/Engine/EngineMaterials/Substrate/Glints2/dict_0000_0254" 10013
"/Engine/EngineMaterials/Substrate/Glints2/dict_0000_0255" 10014
"/Engine/EngineMaterials/Substrate/Glints2/dict_0001_0000" 10015
"/Engine/EngineMaterials/Substrate/Glints2/dict_0001_0001" 10016
"/Engine/EngineMaterials/Substrate/Glints2/dict_0000_0226" 10017
"../../../Engine/Content/EngineMaterials/Substrate/Glints2/dict_0000_0225.uasset" 10018
"../../../Engine/Content/EngineMaterials/Substrate/Glints2/dict_0000_0222.uasset" 10019
"../../../Engine/Content/EngineMaterials/Substrate/Glints2/dict_0000_0221.uasset" 10020
"../../../Engine/Content/EngineMaterials/Substrate/Glints2/dict_0000_0215.uasset" 10021
"../../../Engine/Content/EngineMaterials/Substrate/Glints2/dict_0000_0223.uasset" 10022
"../../../Engine/Content/EngineMaterials/Substrate/Glints2/dict_0000_0216.uasset" 10023
"../../../Engine/Content/EngineMaterials/Substrate/Glints2/dict_0000_0219.uasset" 10024
"../../../Engine/Content/EngineMaterials/Substrate/Glints2/dict_0000_0218.uasset" 10025
"../../../Engine/Content/EngineMaterials/Substrate/Glints2/dict_0000_0220.uasset" 10026
"/Engine/EngineMaterials/Substrate/Glints2/dict_0000_0227" 10027
"../../../Engine/Content/EngineMaterials/Substrate/Glints2/dict_0000_0214.uasset" 10028
"../../../Engine/Content/EngineMaterials/Substrate/Glints2/dict_0000_0213.uasset" 10029
"../../../Engine/Content/EngineMaterials/Substrate/Glints2/dict_0000_0212.uasset" 10030
"../../../Engine/Content/EngineMaterials/Substrate/Glints2/dict_0000_0217.uasset" 10031
"../../../Engine/Content/EngineMaterials/Substrate/Glints2/dict_0000_0224.uasset" 10032
"../../../Engine/Content/EngineMaterials/Substrate/Glints2/dict_0000_0208.uasset" 10033
"../../../Engine/Content/EngineMaterials/Substrate/Glints2/dict_0000_0211.uasset" 10034
"../../../Engine/Content/EngineMaterials/Substrate/Glints2/dict_0000_0210.uasset" 10035
"../../../Engine/Content/EngineMaterials/Substrate/Glints2/dict_0000_0209.uasset" 10036
"/Engine/EngineMaterials/Substrate/Glints2/dict_0000_0228" 10037
"/Engine/EngineMaterials/Substrate/Glints2/dict_0000_0229" 10038
"/Engine/EngineMaterials/Substrate/Glints2/dict_0000_0230" 10039
"/Engine/EngineMaterials/Substrate/Glints2/dict_0000_0231" 10040
"/Engine/EngineMaterials/Substrate/Glints2/dict_0000_0232" 10041
"/Engine/EngineMaterials/Substrate/Glints2/dict_0000_0233" 10042
"/Engine/EngineMaterials/Substrate/Glints2/dict_0000_0234" 10043
"/Engine/EngineMaterials/Substrate/Glints2/dict_0000_0235" 10044
"/Engine/EngineMaterials/Substrate/Glints2/dict_0000_0236" 10045
"/Engine/EngineMaterials/Substrate/Glints2/dict_0000_0237" 10046
"/Engine/EngineMaterials/Substrate/Glints2/dict_0000_0238" 10047
"/Engine/EngineMaterials/Substrate/Glints2/dict_0000_0239" 10048
"/Engine/EngineMaterials/Substrate/Glints2/dict_0000_0208" 10049
"../../../Engine/Content/EngineMaterials/Substrate/Glints2/dict_0000_0206.uasset" 10050
"../../../Engine/Content/EngineMaterials/Substrate/Glints2/dict_0000_0207.uasset" 10051
"../../../Engine/Content/EngineMaterials/Substrate/Glints2/dict_0000_0199.uasset" 10052
"../../../Engine/Content/EngineMaterials/Substrate/Glints2/dict_0000_0196.uasset" 10053
"../../../Engine/Content/EngineMaterials/Substrate/Glints2/dict_0000_0205.uasset" 10054
"../../../Engine/Content/EngineMaterials/Substrate/Glints2/dict_0000_0204.uasset" 10055
"../../../Engine/Content/EngineMaterials/Substrate/Glints2/dict_0000_0197.uasset" 10056
"../../../Engine/Content/EngineMaterials/Substrate/Glints2/dict_0000_0201.uasset" 10057
"/Engine/EngineMaterials/Substrate/Glints2/dict_0000_0209" 10058
"../../../Engine/Content/EngineMaterials/Substrate/Glints2/dict_0000_0202.uasset" 10059
"../../../Engine/Content/EngineMaterials/Substrate/Glints2/dict_0000_0203.uasset" 10060
"../../../Engine/Content/EngineMaterials/Substrate/Glints2/dict_0000_0195.uasset" 10061
"../../../Engine/Content/EngineMaterials/Substrate/Glints2/dict_0000_0194.uasset" 10062
"/Engine/EngineMaterials/Substrate/Glints2/dict_0000_0210" 10063
"../../../Engine/Content/EngineMaterials/Substrate/Glints2/dict_0000_0198.uasset" 10064
"../../../Engine/Content/EngineMaterials/Substrate/Glints2/dict_0000_0200.uasset" 10065
"/Engine/EngineMaterials/Substrate/Glints2/dict_0000_0211" 10066
"/Engine/EngineMaterials/Substrate/Glints2/dict_0000_0212" 10067
"/Engine/EngineMaterials/Substrate/Glints2/dict_0000_0213" 10068
"/Engine/EngineMaterials/Substrate/Glints2/dict_0000_0214" 10069
"/Engine/EngineMaterials/Substrate/Glints2/dict_0000_0215" 10070
"/Engine/EngineMaterials/Substrate/Glints2/dict_0000_0216" 10071
"/Engine/EngineMaterials/Substrate/Glints2/dict_0000_0217" 10072
"/Engine/EngineMaterials/Substrate/Glints2/dict_0000_0218" 10073
"/Engine/EngineMaterials/Substrate/Glints2/dict_0000_0219" 10074
"/Engine/EngineMaterials/Substrate/Glints2/dict_0000_0220" 10075
"/Engine/EngineMaterials/Substrate/Glints2/dict_0000_0221" 10076
"/Engine/EngineMaterials/Substrate/Glints2/dict_0000_0222" 10077
"/Engine/EngineMaterials/Substrate/Glints2/dict_0000_0223" 10078
"/Engine/EngineMaterials/Substrate/Glints2/dict_0000_0224" 10079
"/Engine/EngineMaterials/Substrate/Glints2/dict_0000_0225" 10080
"/Engine/EngineMaterials/Substrate/Glints2/dict_0000_0194" 10081
"../../../Engine/Content/EngineMaterials/Substrate/Glints2/dict_0000_0185.uasset" 10082
"../../../Engine/Content/EngineMaterials/Substrate/Glints2/dict_0000_0192.uasset" 10083
"../../../Engine/Content/EngineMaterials/Substrate/Glints2/dict_0000_0189.uasset" 10084
"../../../Engine/Content/EngineMaterials/Substrate/Glints2/dict_0000_0188.uasset" 10085
"../../../Engine/Content/EngineMaterials/Substrate/Glints2/dict_0000_0186.uasset" 10086
"../../../Engine/Content/EngineMaterials/Substrate/Glints2/dict_0000_0187.uasset" 10087
"../../../Engine/Content/EngineMaterials/Substrate/Glints2/dict_0000_0191.uasset" 10088
"../../../Engine/Content/EngineMaterials/Substrate/Glints2/dict_0000_0182.uasset" 10089
"../../../Engine/Content/EngineMaterials/Substrate/Glints2/dict_0000_0184.uasset" 10090
"../../../Engine/Content/EngineMaterials/Substrate/Glints2/dict_0000_0193.uasset" 10091
"/Engine/EngineMaterials/Substrate/Glints2/dict_0000_0195" 10092
"../../../Engine/Content/EngineMaterials/Substrate/Glints2/dict_0000_0190.uasset" 10093
"../../../Engine/Content/EngineMaterials/Substrate/Glints2/dict_0000_0183.uasset" 10094
"/Engine/EngineMaterials/Substrate/Glints2/dict_0000_0196" 10095
"../../../Engine/Content/EngineMaterials/Substrate/Glints2/dict_0000_0181.uasset" 10096
"../../../Engine/Content/EngineMaterials/Substrate/Glints2/dict_0000_0180.uasset" 10097
"../../../Engine/Content/EngineMaterials/Substrate/Glints2/dict_0000_0177.uasset" 10098
"../../../Engine/Content/EngineMaterials/Substrate/Glints2/dict_0000_0179.uasset" 10099
"../../../Engine/Content/EngineMaterials/Substrate/Glints2/dict_0000_0178.uasset" 10100
"../../../Engine/Content/EngineMaterials/Substrate/Glints2/dict_0000_0176.uasset" 10101
"/Engine/EngineMaterials/Substrate/Glints2/dict_0000_0197" 10102
"/Engine/EngineMaterials/Substrate/Glints2/dict_0000_0198" 10103
"/Engine/EngineMaterials/Substrate/Glints2/dict_0000_0199" 10104
"/Engine/EngineMaterials/Substrate/Glints2/dict_0000_0200" 10105
"/Engine/EngineMaterials/Substrate/Glints2/dict_0000_0201" 10106
"/Engine/EngineMaterials/Substrate/Glints2/dict_0000_0202" 10107
"/Engine/EngineMaterials/Substrate/Glints2/dict_0000_0203" 10108
"/Engine/EngineMaterials/Substrate/Glints2/dict_0000_0204" 10109
"/Engine/EngineMaterials/Substrate/Glints2/dict_0000_0205" 10110
"/Engine/EngineMaterials/Substrate/Glints2/dict_0000_0206" 10111
"/Engine/EngineMaterials/Substrate/Glints2/dict_0000_0207" 10112
"/Engine/EngineMaterials/Substrate/Glints2/dict_0000_0176" 10113
"../../../Engine/Content/EngineMaterials/Substrate/Glints2/dict_0000_0172.uasset" 10114
"../../../Engine/Content/EngineMaterials/Substrate/Glints2/dict_0000_0175.uasset" 10115
"../../../Engine/Content/EngineMaterials/Substrate/Glints2/dict_0000_0168.uasset" 10116
"../../../Engine/Content/EngineMaterials/Substrate/Glints2/dict_0000_0171.uasset" 10117
"../../../Engine/Content/EngineMaterials/Substrate/Glints2/dict_0000_0166.uasset" 10118
"../../../Engine/Content/EngineMaterials/Substrate/Glints2/dict_0000_0174.uasset" 10119
"../../../Engine/Content/EngineMaterials/Substrate/Glints2/dict_0000_0165.uasset" 10120
"../../../Engine/Content/EngineMaterials/Substrate/Glints2/dict_0000_0170.uasset" 10121
"../../../Engine/Content/EngineMaterials/Substrate/Glints2/dict_0000_0173.uasset" 10122
"../../../Engine/Content/EngineMaterials/Substrate/Glints2/dict_0000_0167.uasset" 10123
"../../../Engine/Content/EngineMaterials/Substrate/Glints2/dict_0000_0169.uasset" 10124
"../../../Engine/Content/EngineMaterials/Substrate/Glints2/dict_0000_0164.uasset" 10125
"../../../Engine/Content/EngineMaterials/Substrate/Glints2/dict_0000_0163.uasset" 10126
"../../../Engine/Content/EngineMaterials/Substrate/Glints2/dict_0000_0162.uasset" 10127
"/Engine/EngineMaterials/Substrate/Glints2/dict_0000_0177" 10128
"/Engine/EngineMaterials/Substrate/Glints2/dict_0000_0178" 10129
"/Engine/EngineMaterials/Substrate/Glints2/dict_0000_0179" 10130
"/Engine/EngineMaterials/Substrate/Glints2/dict_0000_0180" 10131
"/Engine/EngineMaterials/Substrate/Glints2/dict_0000_0181" 10132
"/Engine/EngineMaterials/Substrate/Glints2/dict_0000_0182" 10133
"/Engine/EngineMaterials/Substrate/Glints2/dict_0000_0183" 10134
"/Engine/EngineMaterials/Substrate/Glints2/dict_0000_0184" 10135
"/Engine/EngineMaterials/Substrate/Glints2/dict_0000_0185" 10136
"/Engine/EngineMaterials/Substrate/Glints2/dict_0000_0186" 10137
"/Engine/EngineMaterials/Substrate/Glints2/dict_0000_0187" 10138
"/Engine/EngineMaterials/Substrate/Glints2/dict_0000_0188" 10139
"/Engine/EngineMaterials/Substrate/Glints2/dict_0000_0189" 10140
"/Engine/EngineMaterials/Substrate/Glints2/dict_0000_0190" 10141
"/Engine/EngineMaterials/Substrate/Glints2/dict_0000_0191" 10142
"/Engine/EngineMaterials/Substrate/Glints2/dict_0000_0192" 10143
"/Engine/EngineMaterials/Substrate/Glints2/dict_0000_0193" 10144
"/Engine/EngineMaterials/Substrate/Glints2/dict_0000_0162" 10145
"../../../Engine/Content/EngineMaterials/Substrate/Glints2/dict_0000_0157.uasset" 10146
"../../../Engine/Content/EngineMaterials/Substrate/Glints2/dict_0000_0152.uasset" 10147
"../../../Engine/Content/EngineMaterials/Substrate/Glints2/dict_0000_0159.uasset" 10148
"../../../Engine/Content/EngineMaterials/Substrate/Glints2/dict_0000_0154.uasset" 10149
"../../../Engine/Content/EngineMaterials/Substrate/Glints2/dict_0000_0156.uasset" 10150
"../../../Engine/Content/EngineMaterials/Substrate/Glints2/dict_0000_0150.uasset" 10151
"../../../Engine/Content/EngineMaterials/Substrate/Glints2/dict_0000_0153.uasset" 10152
"../../../Engine/Content/EngineMaterials/Substrate/Glints2/dict_0000_0161.uasset" 10153
"../../../Engine/Content/EngineMaterials/Substrate/Glints2/dict_0000_0155.uasset" 10154
"../../../Engine/Content/EngineMaterials/Substrate/Glints2/dict_0000_0149.uasset" 10155
"../../../Engine/Content/EngineMaterials/Substrate/Glints2/dict_0000_0158.uasset" 10156
"../../../Engine/Content/EngineMaterials/Substrate/Glints2/dict_0000_0144.uasset" 10157
"../../../Engine/Content/EngineMaterials/Substrate/Glints2/dict_0000_0146.uasset" 10158
"../../../Engine/Content/EngineMaterials/Substrate/Glints2/dict_0000_0147.uasset" 10159
"../../../Engine/Content/EngineMaterials/Substrate/Glints2/dict_0000_0145.uasset" 10160
"/Engine/EngineMaterials/Substrate/Glints2/dict_0000_0163" 10161
"../../../Engine/Content/EngineMaterials/Substrate/Glints2/dict_0000_0160.uasset" 10162
"../../../Engine/Content/EngineMaterials/Substrate/Glints2/dict_0000_0151.uasset" 10163
"../../../Engine/Content/EngineMaterials/Substrate/Glints2/dict_0000_0148.uasset" 10164
"/Engine/EngineMaterials/Substrate/Glints2/dict_0000_0164" 10165
"/Engine/EngineMaterials/Substrate/Glints2/dict_0000_0165" 10166
"/Engine/EngineMaterials/Substrate/Glints2/dict_0000_0166" 10167
"/Engine/EngineMaterials/Substrate/Glints2/dict_0000_0167" 10168
"/Engine/EngineMaterials/Substrate/Glints2/dict_0000_0168" 10169
"/Engine/EngineMaterials/Substrate/Glints2/dict_0000_0169" 10170
"/Engine/EngineMaterials/Substrate/Glints2/dict_0000_0170" 10171
"/Engine/EngineMaterials/Substrate/Glints2/dict_0000_0171" 10172
"/Engine/EngineMaterials/Substrate/Glints2/dict_0000_0172" 10173
"/Engine/EngineMaterials/Substrate/Glints2/dict_0000_0173" 10174
"/Engine/EngineMaterials/Substrate/Glints2/dict_0000_0174" 10175
"/Engine/EngineMaterials/Substrate/Glints2/dict_0000_0175" 10176
"/Engine/EngineMaterials/Substrate/Glints2/dict_0000_0144" 10177
"../../../Engine/Content/EngineMaterials/Substrate/Glints2/dict_0000_0143.uasset" 10178
"../../../Engine/Content/EngineMaterials/Substrate/Glints2/dict_0000_0142.uasset" 10179
"../../../Engine/Content/EngineMaterials/Substrate/Glints2/dict_0000_0137.uasset" 10180
"../../../Engine/Content/EngineMaterials/Substrate/Glints2/dict_0000_0140.uasset" 10181
"../../../Engine/Content/EngineMaterials/Substrate/Glints2/dict_0000_0134.uasset" 10182
"../../../Engine/Content/EngineMaterials/Substrate/Glints2/dict_0000_0141.uasset" 10183
"../../../Engine/Content/EngineMaterials/Substrate/Glints2/dict_0000_0135.uasset" 10184
"../../../Engine/Content/EngineMaterials/Substrate/Glints2/dict_0000_0133.uasset" 10185
"../../../Engine/Content/EngineMaterials/Substrate/Glints2/dict_0000_0139.uasset" 10186
"../../../Engine/Content/EngineMaterials/Substrate/Glints2/dict_0000_0132.uasset" 10187
"../../../Engine/Content/EngineMaterials/Substrate/Glints2/dict_0000_0138.uasset" 10188
"../../../Engine/Content/EngineMaterials/Substrate/Glints2/dict_0000_0130.uasset" 10189
"/Engine/EngineMaterials/Substrate/Glints2/dict_0000_0145" 10190
"../../../Engine/Content/EngineMaterials/Substrate/Glints2/dict_0000_0131.uasset" 10191
"../../../Engine/Content/EngineMaterials/Substrate/Glints2/dict_0000_0136.uasset" 10192
"/Engine/EngineMaterials/Substrate/Glints2/dict_0000_0146" 10193
"/Engine/EngineMaterials/Substrate/Glints2/dict_0000_0147" 10194
"/Engine/EngineMaterials/Substrate/Glints2/dict_0000_0148" 10195
"/Engine/EngineMaterials/Substrate/Glints2/dict_0000_0149" 10196
"/Engine/EngineMaterials/Substrate/Glints2/dict_0000_0150" 10197
"/Engine/EngineMaterials/Substrate/Glints2/dict_0000_0151" 10198
"/Engine/EngineMaterials/Substrate/Glints2/dict_0000_0152" 10199
"/Engine/EngineMaterials/Substrate/Glints2/dict_0000_0153" 10200
"/Engine/EngineMaterials/Substrate/Glints2/dict_0000_0154" 10201
"/Engine/EngineMaterials/Substrate/Glints2/dict_0000_0155" 10202
"/Engine/EngineMaterials/Substrate/Glints2/dict_0000_0156" 10203
"/Engine/EngineMaterials/Substrate/Glints2/dict_0000_0157" 10204
"/Engine/EngineMaterials/Substrate/Glints2/dict_0000_0158" 10205
"/Engine/EngineMaterials/Substrate/Glints2/dict_0000_0159" 10206
"/Engine/EngineMaterials/Substrate/Glints2/dict_0000_0160" 10207
"/Engine/EngineMaterials/Substrate/Glints2/dict_0000_0161" 10208
"/Engine/EngineMaterials/Substrate/Glints2/dict_0000_0130" 10209
"../../../Engine/Content/EngineMaterials/Substrate/Glints2/dict_0000_0129.uasset" 10210
"../../../Engine/Content/EngineMaterials/Substrate/Glints2/dict_0000_0122.uasset" 10211
"../../../Engine/Content/EngineMaterials/Substrate/Glints2/dict_0000_0121.uasset" 10212
"../../../Engine/Content/EngineMaterials/Substrate/Glints2/dict_0000_0128.uasset" 10213
"../../../Engine/Content/EngineMaterials/Substrate/Glints2/dict_0000_0123.uasset" 10214
"../../../Engine/Content/EngineMaterials/Substrate/Glints2/dict_0000_0120.uasset" 10215
"../../../Engine/Content/EngineMaterials/Substrate/Glints2/dict_0000_0125.uasset" 10216
"../../../Engine/Content/EngineMaterials/Substrate/Glints2/dict_0000_0118.uasset" 10217
"../../../Engine/Content/EngineMaterials/Substrate/Glints2/dict_0000_0117.uasset" 10218
"../../../Engine/Content/EngineMaterials/Substrate/Glints2/dict_0000_0119.uasset" 10219
"../../../Engine/Content/EngineMaterials/Substrate/Glints2/dict_0000_0124.uasset" 10220
"../../../Engine/Content/EngineMaterials/Substrate/Glints2/dict_0000_0127.uasset" 10221
"../../../Engine/Content/EngineMaterials/Substrate/Glints2/dict_0000_0116.uasset" 10222
"../../../Engine/Content/EngineMaterials/Substrate/Glints2/dict_0000_0126.uasset" 10223
"../../../Engine/Content/EngineMaterials/Substrate/Glints2/dict_0000_0115.uasset" 10224
"/Engine/EngineMaterials/Substrate/Glints2/dict_0000_0131" 10225
"../../../Engine/Content/EngineMaterials/Substrate/Glints2/dict_0000_0112.uasset" 10226
"../../../Engine/Content/EngineMaterials/Substrate/Glints2/dict_0000_0114.uasset" 10227
"../../../Engine/Content/EngineMaterials/Substrate/Glints2/dict_0000_0113.uasset" 10228
"/Engine/EngineMaterials/Substrate/Glints2/dict_0000_0132" 10229
"/Engine/EngineMaterials/Substrate/Glints2/dict_0000_0133" 10230
"/Engine/EngineMaterials/Substrate/Glints2/dict_0000_0134" 10231
"/Engine/EngineMaterials/Substrate/Glints2/dict_0000_0135" 10232
"/Engine/EngineMaterials/Substrate/Glints2/dict_0000_0136" 10233
"/Engine/EngineMaterials/Substrate/Glints2/dict_0000_0137" 10234
"/Engine/EngineMaterials/Substrate/Glints2/dict_0000_0138" 10235
"/Engine/EngineMaterials/Substrate/Glints2/dict_0000_0139" 10236
"/Engine/EngineMaterials/Substrate/Glints2/dict_0000_0140" 10237
"/Engine/EngineMaterials/Substrate/Glints2/dict_0000_0141" 10238
"/Engine/EngineMaterials/Substrate/Glints2/dict_0000_0142" 10239
"/Engine/EngineMaterials/Substrate/Glints2/dict_0000_0143" 10240
"/Engine/EngineMaterials/Substrate/Glints2/dict_0000_0112" 10241
"../../../Engine/Content/EngineMaterials/Substrate/Glints2/dict_0000_0103.uasset" 10242
"../../../Engine/Content/EngineMaterials/Substrate/Glints2/dict_0000_0108.uasset" 10243
"../../../Engine/Content/EngineMaterials/Substrate/Glints2/dict_0000_0111.uasset" 10244
"../../../Engine/Content/EngineMaterials/Substrate/Glints2/dict_0000_0102.uasset" 10245
"../../../Engine/Content/EngineMaterials/Substrate/Glints2/dict_0000_0106.uasset" 10246
"../../../Engine/Content/EngineMaterials/Substrate/Glints2/dict_0000_0104.uasset" 10247
"../../../Engine/Content/EngineMaterials/Substrate/Glints2/dict_0000_0109.uasset" 10248
"../../../Engine/Content/EngineMaterials/Substrate/Glints2/dict_0000_0110.uasset" 10249
"../../../Engine/Content/EngineMaterials/Substrate/Glints2/dict_0000_0107.uasset" 10250
"../../../Engine/Content/EngineMaterials/Substrate/Glints2/dict_0000_0100.uasset" 10251
"../../../Engine/Content/EngineMaterials/Substrate/Glints2/dict_0000_0099.uasset" 10252
"../../../Engine/Content/EngineMaterials/Substrate/Glints2/dict_0000_0105.uasset" 10253
"../../../Engine/Content/EngineMaterials/Substrate/Glints2/dict_0000_0101.uasset" 10254
"../../../Engine/Content/EngineMaterials/Substrate/Glints2/dict_0000_0098.uasset" 10255
"/Engine/EngineMaterials/Substrate/Glints2/dict_0000_0113" 10256
"/Engine/EngineMaterials/Substrate/Glints2/dict_0000_0114" 10257
"/Engine/EngineMaterials/Substrate/Glints2/dict_0000_0115" 10258
"/Engine/EngineMaterials/Substrate/Glints2/dict_0000_0116" 10259
"/Engine/EngineMaterials/Substrate/Glints2/dict_0000_0117" 10260
"/Engine/EngineMaterials/Substrate/Glints2/dict_0000_0118" 10261
"/Engine/EngineMaterials/Substrate/Glints2/dict_0000_0119" 10262
"/Engine/EngineMaterials/Substrate/Glints2/dict_0000_0120" 10263
"/Engine/EngineMaterials/Substrate/Glints2/dict_0000_0121" 10264
"/Engine/EngineMaterials/Substrate/Glints2/dict_0000_0122" 10265
"/Engine/EngineMaterials/Substrate/Glints2/dict_0000_0123" 10266
"/Engine/EngineMaterials/Substrate/Glints2/dict_0000_0124" 10267
"/Engine/EngineMaterials/Substrate/Glints2/dict_0000_0125" 10268
"/Engine/EngineMaterials/Substrate/Glints2/dict_0000_0126" 10269
"/Engine/EngineMaterials/Substrate/Glints2/dict_0000_0127" 10270
"/Engine/EngineMaterials/Substrate/Glints2/dict_0000_0128" 10271
"/Engine/EngineMaterials/Substrate/Glints2/dict_0000_0129" 10272
"/Engine/EngineMaterials/Substrate/Glints2/dict_0000_0098" 10273
"../../../Engine/Content/EngineMaterials/Substrate/Glints2/dict_0000_0097.uasset" 10274
"../../../Engine/Content/EngineMaterials/Substrate/Glints2/dict_0000_0093.uasset" 10275
"../../../Engine/Content/EngineMaterials/Substrate/Glints2/dict_0000_0090.uasset" 10276
"../../../Engine/Content/EngineMaterials/Substrate/Glints2/dict_0000_0095.uasset" 10277
"../../../Engine/Content/EngineMaterials/Substrate/Glints2/dict_0000_0091.uasset" 10278
"../../../Engine/Content/EngineMaterials/Substrate/Glints2/dict_0000_0096.uasset" 10279
"../../../Engine/Content/EngineMaterials/Substrate/Glints2/dict_0000_0086.uasset" 10280
"../../../Engine/Content/EngineMaterials/Substrate/Glints2/dict_0000_0092.uasset" 10281
"../../../Engine/Content/EngineMaterials/Substrate/Glints2/dict_0000_0087.uasset" 10282
"../../../Engine/Content/EngineMaterials/Substrate/Glints2/dict_0000_0089.uasset" 10283
"../../../Engine/Content/EngineMaterials/Substrate/Glints2/dict_0000_0094.uasset" 10284
"../../../Engine/Content/EngineMaterials/Substrate/Glints2/dict_0000_0088.uasset" 10285
"../../../Engine/Content/EngineMaterials/Substrate/Glints2/dict_0000_0085.uasset" 10286
"../../../Engine/Content/EngineMaterials/Substrate/Glints2/dict_0000_0084.uasset" 10287
"../../../Engine/Content/EngineMaterials/Substrate/Glints2/dict_0000_0083.uasset" 10288
"../../../Engine/Content/EngineMaterials/Substrate/Glints2/dict_0000_0081.uasset" 10289
"../../../Engine/Content/EngineMaterials/Substrate/Glints2/dict_0000_0082.uasset" 10290
"../../../Engine/Content/EngineMaterials/Substrate/Glints2/dict_0000_0080.uasset" 10291
"/Engine/EngineMaterials/Substrate/Glints2/dict_0000_0099" 10292
"/Engine/EngineMaterials/Substrate/Glints2/dict_0000_0100" 10293
"/Engine/EngineMaterials/Substrate/Glints2/dict_0000_0101" 10294
"/Engine/EngineMaterials/Substrate/Glints2/dict_0000_0102" 10295
"/Engine/EngineMaterials/Substrate/Glints2/dict_0000_0103" 10296
"/Engine/EngineMaterials/Substrate/Glints2/dict_0000_0104" 10297
"/Engine/EngineMaterials/Substrate/Glints2/dict_0000_0105" 10298
"/Engine/EngineMaterials/Substrate/Glints2/dict_0000_0106" 10299
"/Engine/EngineMaterials/Substrate/Glints2/dict_0000_0107" 10300
"/Engine/EngineMaterials/Substrate/Glints2/dict_0000_0108" 10301
"/Engine/EngineMaterials/Substrate/Glints2/dict_0000_0109" 10302
"/Engine/EngineMaterials/Substrate/Glints2/dict_0000_0110" 10303
"/Engine/EngineMaterials/Substrate/Glints2/dict_0000_0111" 10304
"/Engine/EngineMaterials/Substrate/Glints2/dict_0000_0080" 10305
"../../../Engine/Content/EngineMaterials/Substrate/Glints2/dict_0000_0071.uasset" 10306
"../../../Engine/Content/EngineMaterials/Substrate/Glints2/dict_0000_0077.uasset" 10307
"../../../Engine/Content/EngineMaterials/Substrate/Glints2/dict_0000_0070.uasset" 10308
"../../../Engine/Content/EngineMaterials/Substrate/Glints2/dict_0000_0076.uasset" 10309
"../../../Engine/Content/EngineMaterials/Substrate/Glints2/dict_0000_0074.uasset" 10310
"../../../Engine/Content/EngineMaterials/Substrate/Glints2/dict_0000_0079.uasset" 10311
"/Engine/EngineMaterials/Substrate/Glints2/dict_0000_0081" 10312
"../../../Engine/Content/EngineMaterials/Substrate/Glints2/dict_0000_0078.uasset" 10313
"../../../Engine/Content/EngineMaterials/Substrate/Glints2/dict_0000_0069.uasset" 10314
"../../../Engine/Content/EngineMaterials/Substrate/Glints2/dict_0000_0075.uasset" 10315
"../../../Engine/Content/EngineMaterials/Substrate/Glints2/dict_0000_0073.uasset" 10316
"../../../Engine/Content/EngineMaterials/Substrate/Glints2/dict_0000_0067.uasset" 10317
"../../../Engine/Content/EngineMaterials/Substrate/Glints2/dict_0000_0066.uasset" 10318
"../../../Engine/Content/EngineMaterials/Substrate/Glints2/dict_0000_0068.uasset" 10319
"../../../Engine/Content/EngineMaterials/Substrate/Glints2/dict_0000_0072.uasset" 10320
"/Engine/EngineMaterials/Substrate/Glints2/dict_0000_0082" 10321
"/Engine/EngineMaterials/Substrate/Glints2/dict_0000_0083" 10322
"/Engine/EngineMaterials/Substrate/Glints2/dict_0000_0084" 10323
"/Engine/EngineMaterials/Substrate/Glints2/dict_0000_0085" 10324
"/Engine/EngineMaterials/Substrate/Glints2/dict_0000_0086" 10325
"/Engine/EngineMaterials/Substrate/Glints2/dict_0000_0087" 10326
"/Engine/EngineMaterials/Substrate/Glints2/dict_0000_0088" 10327
"/Engine/EngineMaterials/Substrate/Glints2/dict_0000_0089" 10328
"/Engine/EngineMaterials/Substrate/Glints2/dict_0000_0090" 10329
"/Engine/EngineMaterials/Substrate/Glints2/dict_0000_0091" 10330
"/Engine/EngineMaterials/Substrate/Glints2/dict_0000_0092" 10331
"/Engine/EngineMaterials/Substrate/Glints2/dict_0000_0093" 10332
"/Engine/EngineMaterials/Substrate/Glints2/dict_0000_0094" 10333
"/Engine/EngineMaterials/Substrate/Glints2/dict_0000_0095" 10334
"/Engine/EngineMaterials/Substrate/Glints2/dict_0000_0096" 10335
"/Engine/EngineMaterials/Substrate/Glints2/dict_0000_0097" 10336
"/Engine/EngineMaterials/Substrate/Glints2/dict_0000_0066" 10337
"../../../Engine/Content/EngineMaterials/Substrate/Glints2/dict_0000_0065.uasset" 10338
"../../../Engine/Content/EngineMaterials/Substrate/Glints2/dict_0000_0063.uasset" 10339
"../../../Engine/Content/EngineMaterials/Substrate/Glints2/dict_0000_0062.uasset" 10340
"../../../Engine/Content/EngineMaterials/Substrate/Glints2/dict_0000_0059.uasset" 10341
"../../../Engine/Content/EngineMaterials/Substrate/Glints2/dict_0000_0055.uasset" 10342
"../../../Engine/Content/EngineMaterials/Substrate/Glints2/dict_0000_0061.uasset" 10343
"../../../Engine/Content/EngineMaterials/Substrate/Glints2/dict_0000_0058.uasset" 10344
"../../../Engine/Content/EngineMaterials/Substrate/Glints2/dict_0000_0057.uasset" 10345
"../../../Engine/Content/EngineMaterials/Substrate/Glints2/dict_0000_0060.uasset" 10346
"../../../Engine/Content/EngineMaterials/Substrate/Glints2/dict_0000_0054.uasset" 10347
"../../../Engine/Content/EngineMaterials/Substrate/Glints2/dict_0000_0064.uasset" 10348
"../../../Engine/Content/EngineMaterials/Substrate/Glints2/dict_0000_0052.uasset" 10349
"../../../Engine/Content/EngineMaterials/Substrate/Glints2/dict_0000_0053.uasset" 10350
"../../../Engine/Content/EngineMaterials/Substrate/Glints2/dict_0000_0056.uasset" 10351
"/Engine/EngineMaterials/Substrate/Glints2/dict_0000_0067" 10352
"../../../Engine/Content/EngineMaterials/Substrate/Glints2/dict_0000_0049.uasset" 10353
"../../../Engine/Content/EngineMaterials/Substrate/Glints2/dict_0000_0051.uasset" 10354
"../../../Engine/Content/EngineMaterials/Substrate/Glints2/dict_0000_0048.uasset" 10355
"../../../Engine/Content/EngineMaterials/Substrate/Glints2/dict_0000_0050.uasset" 10356
"/Engine/EngineMaterials/Substrate/Glints2/dict_0000_0068" 10357
"/Engine/EngineMaterials/Substrate/Glints2/dict_0000_0069" 10358
"/Engine/EngineMaterials/Substrate/Glints2/dict_0000_0070" 10359
"/Engine/EngineMaterials/Substrate/Glints2/dict_0000_0071" 10360
"/Engine/EngineMaterials/Substrate/Glints2/dict_0000_0072" 10361
"/Engine/EngineMaterials/Substrate/Glints2/dict_0000_0073" 10362
"/Engine/EngineMaterials/Substrate/Glints2/dict_0000_0074" 10363
"/Engine/EngineMaterials/Substrate/Glints2/dict_0000_0075" 10364
"/Engine/EngineMaterials/Substrate/Glints2/dict_0000_0076" 10365
"/Engine/EngineMaterials/Substrate/Glints2/dict_0000_0077" 10366
"/Engine/EngineMaterials/Substrate/Glints2/dict_0000_0078" 10367
"/Engine/EngineMaterials/Substrate/Glints2/dict_0000_0079" 10368
"/Engine/EngineMaterials/Substrate/Glints2/dict_0000_0048" 10369
"../../../Engine/Content/EngineMaterials/Substrate/Glints2/dict_0000_0047.uasset" 10370
"../../../Engine/Content/EngineMaterials/Substrate/Glints2/dict_0000_0046.uasset" 10371
"../../../Engine/Content/EngineMaterials/Substrate/Glints2/dict_0000_0040.uasset" 10372
"../../../Engine/Content/EngineMaterials/Substrate/Glints2/dict_0000_0042.uasset" 10373
"../../../Engine/Content/EngineMaterials/Substrate/Glints2/dict_0000_0043.uasset" 10374
"../../../Engine/Content/EngineMaterials/Substrate/Glints2/dict_0000_0041.uasset" 10375
"../../../Engine/Content/EngineMaterials/Substrate/Glints2/dict_0000_0038.uasset" 10376
"../../../Engine/Content/EngineMaterials/Substrate/Glints2/dict_0000_0039.uasset" 10377
"../../../Engine/Content/EngineMaterials/Substrate/Glints2/dict_0000_0036.uasset" 10378
"../../../Engine/Content/EngineMaterials/Substrate/Glints2/dict_0000_0037.uasset" 10379
"../../../Engine/Content/EngineMaterials/Substrate/Glints2/dict_0000_0044.uasset" 10380
"../../../Engine/Content/EngineMaterials/Substrate/Glints2/dict_0000_0045.uasset" 10381
"../../../Engine/Content/EngineMaterials/Substrate/Glints2/dict_0000_0034.uasset" 10382
"../../../Engine/Content/EngineMaterials/Substrate/Glints2/dict_0000_0035.uasset" 10383
"/Engine/EngineMaterials/Substrate/Glints2/dict_0000_0049" 10384
"/Engine/EngineMaterials/Substrate/Glints2/dict_0000_0050" 10385
"/Engine/EngineMaterials/Substrate/Glints2/dict_0000_0051" 10386
"/Engine/EngineMaterials/Substrate/Glints2/dict_0000_0052" 10387
"/Engine/EngineMaterials/Substrate/Glints2/dict_0000_0053" 10388
"/Engine/EngineMaterials/Substrate/Glints2/dict_0000_0054" 10389
"/Engine/EngineMaterials/Substrate/Glints2/dict_0000_0055" 10390
"/Engine/EngineMaterials/Substrate/Glints2/dict_0000_0056" 10391
"/Engine/EngineMaterials/Substrate/Glints2/dict_0000_0057" 10392
"/Engine/EngineMaterials/Substrate/Glints2/dict_0000_0058" 10393
"/Engine/EngineMaterials/Substrate/Glints2/dict_0000_0059" 10394
"/Engine/EngineMaterials/Substrate/Glints2/dict_0000_0060" 10395
"/Engine/EngineMaterials/Substrate/Glints2/dict_0000_0061" 10396
"/Engine/EngineMaterials/Substrate/Glints2/dict_0000_0062" 10397
"/Engine/EngineMaterials/Substrate/Glints2/dict_0000_0063" 10398
"/Engine/EngineMaterials/Substrate/Glints2/dict_0000_0064" 10399
"/Engine/EngineMaterials/Substrate/Glints2/dict_0000_0065" 10400
"/Engine/EngineMaterials/Substrate/Glints2/dict_0000_0034" 10401
"../../../Engine/Content/EngineMaterials/Substrate/Glints2/dict_0000_0033.uasset" 10402
"../../../Engine/Content/EngineMaterials/Substrate/Glints2/dict_0000_0025.uasset" 10403
"../../../Engine/Content/EngineMaterials/Substrate/Glints2/dict_0000_0028.uasset" 10404
"../../../Engine/Content/EngineMaterials/Substrate/Glints2/dict_0000_0031.uasset" 10405
"../../../Engine/Content/EngineMaterials/Substrate/Glints2/dict_0000_0029.uasset" 10406
"../../../Engine/Content/EngineMaterials/Substrate/Glints2/dict_0000_0023.uasset" 10407
"../../../Engine/Content/EngineMaterials/Substrate/Glints2/dict_0000_0024.uasset" 10408
"../../../Engine/Content/EngineMaterials/Substrate/Glints2/dict_0000_0020.uasset" 10409
"../../../Engine/Content/EngineMaterials/Substrate/Glints2/dict_0000_0022.uasset" 10410
"../../../Engine/Content/EngineMaterials/Substrate/Glints2/dict_0000_0027.uasset" 10411
"../../../Engine/Content/EngineMaterials/Substrate/Glints2/dict_0000_0030.uasset" 10412
"../../../Engine/Content/EngineMaterials/Substrate/Glints2/dict_0000_0021.uasset" 10413
"../../../Engine/Content/EngineMaterials/Substrate/Glints2/dict_0000_0032.uasset" 10414
"/Engine/EngineMaterials/Substrate/Glints2/dict_0000_0035" 10415
"../../../Engine/Content/EngineMaterials/Substrate/Glints2/dict_0000_0026.uasset" 10416
"../../../Engine/Content/EngineMaterials/Substrate/Glints2/dict_0000_0018.uasset" 10417
"../../../Engine/Content/EngineMaterials/Substrate/Glints2/dict_0000_0017.uasset" 10418
"../../../Engine/Content/EngineMaterials/Substrate/Glints2/dict_0000_0019.uasset" 10419
"../../../Engine/Content/EngineMaterials/Substrate/Glints2/dict_0000_0016.uasset" 10420
"/Engine/EngineMaterials/Substrate/Glints2/dict_0000_0036" 10421
"/Engine/EngineMaterials/Substrate/Glints2/dict_0000_0037" 10422
"/Engine/EngineMaterials/Substrate/Glints2/dict_0000_0038" 10423
"/Engine/EngineMaterials/Substrate/Glints2/dict_0000_0039" 10424
"/Engine/EngineMaterials/Substrate/Glints2/dict_0000_0040" 10425
"/Engine/EngineMaterials/Substrate/Glints2/dict_0000_0041" 10426
"/Engine/EngineMaterials/Substrate/Glints2/dict_0000_0042" 10427
"/Engine/EngineMaterials/Substrate/Glints2/dict_0000_0043" 10428
"/Engine/EngineMaterials/Substrate/Glints2/dict_0000_0044" 10429
"/Engine/EngineMaterials/Substrate/Glints2/dict_0000_0045" 10430
"/Engine/EngineMaterials/Substrate/Glints2/dict_0000_0046" 10431
"/Engine/EngineMaterials/Substrate/Glints2/dict_0000_0047" 10432
"../../../Engine/Content/EngineMaterials/Substrate/Glints2/dict_0000_0015.uasset" 10433
"/Engine/EngineMaterials/Substrate/Glints2/dict_0000_0016" 10434
"../../../Engine/Content/EngineMaterials/Substrate/Glints2/dict_0000_0010.uasset" 10435
"../../../Engine/Content/EngineMaterials/Substrate/Glints2/dict_0000_0009.uasset" 10436
"../../../Engine/Content/EngineMaterials/Substrate/Glints2/dict_0000_0012.uasset" 10437
"../../../Engine/Content/EngineMaterials/Substrate/Glints2/dict_0000_0007.uasset" 10438
"../../../Engine/Content/EngineMaterials/Substrate/Glints2/dict_0000_0011.uasset" 10439
"../../../Engine/Content/EngineMaterials/Substrate/Glints2/dict_0000_0008.uasset" 10440
"../../../Engine/Content/EngineMaterials/Substrate/Glints2/dict_0000_0014.uasset" 10441
"../../../Engine/Content/EngineMaterials/Substrate/Glints2/dict_0000_0013.uasset" 10442
"../../../Engine/Content/EngineMaterials/Substrate/Glints2/dict_0000_0006.uasset" 10443
"../../../Engine/Content/EngineMaterials/Substrate/Glints2/dict_0000_0005.uasset" 10444
"../../../Engine/Content/EngineMaterials/Substrate/Glints2/dict_0000_0003.uasset" 10445
"../../../Engine/Content/EngineMaterials/Substrate/Glints2/dict_0000_0004.uasset" 10446
"../../../Engine/Content/EngineMaterials/Substrate/Glints2/dict_0000_0002.uasset" 10447
"/Engine/EngineMaterials/Substrate/Glints2/dict_0000_0017" 10448
"/Engine/EngineMaterials/Substrate/Glints2/dict_0000_0018" 10449
"/Engine/EngineMaterials/Substrate/Glints2/dict_0000_0019" 10450
"/Engine/EngineMaterials/Substrate/Glints2/dict_0000_0020" 10451
"/Engine/EngineMaterials/Substrate/Glints2/dict_0000_0021" 10452
"/Engine/EngineMaterials/Substrate/Glints2/dict_0000_0022" 10453
"/Engine/EngineMaterials/Substrate/Glints2/dict_0000_0023" 10454
"/Engine/EngineMaterials/Substrate/Glints2/dict_0000_0024" 10455
"/Engine/EngineMaterials/Substrate/Glints2/dict_0000_0025" 10456
"/Engine/EngineMaterials/Substrate/Glints2/dict_0000_0026" 10457
"/Engine/EngineMaterials/Substrate/Glints2/dict_0000_0027" 10458
"/Engine/EngineMaterials/Substrate/Glints2/dict_0000_0028" 10459
"/Engine/EngineMaterials/Substrate/Glints2/dict_0000_0029" 10460
"/Engine/EngineMaterials/Substrate/Glints2/dict_0000_0030" 10461
"/Engine/EngineMaterials/Substrate/Glints2/dict_0000_0031" 10462
"/Engine/EngineMaterials/Substrate/Glints2/dict_0000_0032" 10463
"/Engine/EngineMaterials/Substrate/Glints2/dict_0000_0033" 10464
"../../../Engine/Content/MobileResources/HUD/DefaultVirtualJoysticks.uasset" 10465
"../../../Engine/Content/EngineMaterials/Substrate/Glints2/dict_0000_0000.uasset" 10466
"../../../Engine/Content/EngineMaterials/PPM_DefaultCalibrationColor.uasset" 10467
"/Engine/EngineMaterials/Substrate/Glints2/dict_0000_0002" 10468
"../../../Engine/Content/EngineMaterials/PPM_DefaultCalibrationGrayscale.uasset" 10469
"../../../Engine/Content/EngineMaterials/DefaultCalibrationGrayscale.uasset" 10470
"../../../Engine/Content/EngineMaterials/Substrate/Glints2/dict_0000_0001.uasset" 10471
"../../../Engine/Content/MobileResources/HUD/VirtualJoystick_Background.uasset" 10472
"../../../Engine/Content/EngineMaterials/DefaultCalibrationColor.uasset" 10473
"../../../Engine/Content/EngineMaterials/Substrate/Glints2/AGlintTex2dArray2.uasset" 10474
"../../../Engine/Content/EngineMaterials/Substrate/Volume/SubstrateSimpleVolumeEnvLUT2D.uasset" 10475
"../../../Engine/Content/MobileResources/HUD/VirtualJoystick_Thumb.uasset" 10476
"../../../Engine/Content/EngineMaterials/Substrate/Volume/SubstrateSimpleVolumeLUT3D.uasset" 10477
"../../../Engine/Plugins/Interchange/Assets/Content/Functions/MX_Surface.uasset" 10478
"../../../Engine/Content/Functions/MaterialLayerFunctions/MatLayerBlend_OverrideOpacity.uasset" 10479
"../../../Engine/Content/EngineMaterials/Substrate/Volume/SubstrateSimpleVolumeLUT2D.uasset" 10480
"/Engine/EngineMaterials/Substrate/Glints2/dict_0000_0003" 10481
"../../../Engine/Content/Functions/Engine_MaterialFunctions03/Procedurals/HeightToNormalSmooth.uasset" 10482
"../../../Engine/Content/Functions/Engine_MaterialFunctions02/Utility/BlendAngleCorrectedNormals.uasset" 10483
"../../../Engine/Content/EngineMaterials/Substrate/Volume/SubstrateSimpleVolumeEnvLUT3D.uasset" 10484
"/Engine/EngineMaterials/Substrate/Glints2/dict_0000_0004" 10485
"/Engine/EngineMaterials/Substrate/Glints2/dict_0000_0005" 10486
"/Engine/EngineMaterials/Substrate/Glints2/dict_0000_0006" 10487
"/Engine/EngineMaterials/Substrate/Glints2/dict_0000_0007" 10488
"/Engine/EngineMaterials/Substrate/Glints2/dict_0000_0008" 10489
"/Engine/EngineMaterials/Substrate/Glints2/dict_0000_0009" 10490
"/Engine/EngineMaterials/Substrate/Glints2/dict_0000_0010" 10491
"/Engine/EngineMaterials/Substrate/Glints2/dict_0000_0011" 10492
"/Engine/EngineMaterials/Substrate/Glints2/dict_0000_0012" 10493
"/Engine/EngineMaterials/Substrate/Glints2/dict_0000_0013" 10494
"/Engine/EngineMaterials/Substrate/Glints2/dict_0000_0014" 10495
"/Engine/EngineMaterials/Substrate/Glints2/dict_0000_0015" 10496
"../../../Engine/Plugins/NNE/NNEDenoiser/Content/NNEDIM_HighQuality_Alpha.uasset" 10497
"../../../Engine/Plugins/NNE/NNEDenoiser/Content/NNEDOM_Output_Default.uasset" 10498
"../../../Engine/Plugins/NNE/NNEDenoiser/Content/NNEDIM_ColorAlbedoNormal_Default.uasset" 10499
"../../../Engine/Plugins/NNE/NNEDenoiser/Content/NNEDTIM_ColorAlbedoNormal_Alpha.uasset" 10500
"../../../Engine/Plugins/NNE/NNEDenoiser/Content/NNEDTOM_Output_Default.uasset" 10501
"../../../Engine/Plugins/Interchange/Assets/Content/Functions/MX_Displacement.uasset" 10502
"../../../Engine/Plugins/NNE/NNEDenoiser/Content/NNEDOM_Output_Alpha.uasset" 10503
"../../../Engine/Plugins/NNE/NNEDenoiser/Content/NNEDIM_HighQuality_Default.uasset" 10504
"../../../Engine/Plugins/NNE/NNEDenoiser/Content/NNEDIM_ColorAlbedoNormal_Alpha.uasset" 10505
"../../../Engine/Plugins/NNE/NNEDenoiser/Content/NNEDT_Oidn2-3_Balanced.uasset" 10506
"../../../Engine/Plugins/NNE/NNEDenoiser/Content/NNEDTIM_ColorAlbedoNormal_Default.uasset" 10507
"../../../Engine/Plugins/NNE/NNEDenoiser/Content/NNEDTOM_Output_Alpha.uasset" 10508
"../../../Engine/Plugins/NNE/NNEDenoiser/Content/NNED_Oidn2-3_Balanced.uasset" 10509
"/Engine/Functions/Engine_MaterialFunctions02/Utility/BlendAngleCorrectedNormals" 10510
"../../../Engine/Plugins/NNE/NNEDenoiser/Content/NNEDT_Oidn2-3_Balanced_Alpha.uasset" 10511
"/Engine/Functions/Engine_MaterialFunctions03/Procedurals/HeightToNormalSmooth" 10512
"/InterchangeAssets/Functions/MX_Surface" 10513
"/Engine/EngineMaterials/PPM_DefaultCalibrationGrayscale" 10514
"/Engine/EngineMaterials/PPM_DefaultCalibrationColor" 10515
"/Engine/MobileResources/HUD/DefaultVirtualJoysticks" 10516
"/Engine/EngineMaterials/Substrate/Volume/SubstrateSimpleVolumeEnvLUT3D" 10517
"/Engine/EngineMaterials/Substrate/Volume/SubstrateSimpleVolumeLUT3D" 10518
"/Engine/EngineMaterials/Substrate/Glints2/AGlintTex2dArray2" 10519
"../../../Engine/Plugins/NNE/NNEDenoiser/Content/NNED_Oidn2-3_HighQuality_Alpha.uasset" 10520
"../../../Engine/Plugins/NNE/NNEDenoiser/Content/NNED_Oidn2-3_HighQuality.uasset" 10521
"../../../Engine/Plugins/NNE/NNEDenoiser/Content/NNED_Oidn2-3_Balanced_Alpha.uasset" 10522
"../../../Engine/Plugins/NNE/NNEDenoiser/Content/NNE_oidn2-3-0_rt_hdr_alb_nrm__dyn__fp16_opset11_DenoiseAlpha.uasset" 10523
"../../../Engine/Plugins/NNE/NNEDenoiser/Content/NNE_oidn2-3-0_rt_hdr_alb_nrm__dyn__fp16_opset11_ForwardAlpha.uasset" 10524
"../../../Engine/Plugins/NNE/NNEDenoiser/Content/NNE_oidn2-3-0_rt_hdr_calb_cnrm_large__dyn__fp16_opset11_ForwardAlpha.uasset" 10525
"../../../Engine/Plugins/NNE/NNEDenoiser/Content/NNE_oidn2-3-0_rt_hdr_alb_nrm_small__dyn__fp16_opset11_DenoiseAlpha.uasset" 10526
"../../../Engine/Plugins/NNE/NNEDenoiser/Content/NNE_oidn2-3-0_rt_hdr_calb_cnrm_large__dyn__fp16_opset11_DenoiseAlpha.uasset" 10527
"../../../Engine/Plugins/NNE/NNEDenoiser/Content/NNED_Oidn2-3_Fast.uasset" 10528
"../../../Engine/Plugins/NNE/NNEDenoiser/Content/NNE_oidn2-3-0_rt_hdr_alb_nrm_small__dyn__fp16_opset11_ForwardAlpha.uasset" 10529
"../../../Engine/Plugins/NNE/NNEDenoiser/Content/NNED_Oidn2-3_Fast_Alpha.uasset" 10530
"/NNEDenoiser/NNED_Oidn2-3_Balanced" 10531
"/NNEDenoiser/NNEDT_Oidn2-3_Balanced_Alpha" 10532
"/NNEDenoiser/NNEDT_Oidn2-3_Balanced" 10533
"/NNEDenoiser/NNEDTOM_Output_Default" 10534
"/NNEDenoiser/NNEDTOM_Output_Alpha" 10535
"/NNEDenoiser/NNEDTIM_ColorAlbedoNormal_Default" 10536
"/NNEDenoiser/NNEDTIM_ColorAlbedoNormal_Alpha" 10537
"/NNEDenoiser/NNEDOM_Output_Default" 10538
"/NNEDenoiser/NNEDOM_Output_Alpha" 10539
"/NNEDenoiser/NNEDIM_HighQuality_Default" 10540
"/NNEDenoiser/NNEDIM_HighQuality_Alpha" 10541
"/NNEDenoiser/NNEDIM_ColorAlbedoNormal_Default" 10542
"/NNEDenoiser/NNEDIM_ColorAlbedoNormal_Alpha" 10543
"/InterchangeAssets/Functions/MX_Displacement" 10544
"/NNEDenoiser/NNE_oidn2-3-0_rt_hdr_calb_cnrm_large__dyn__fp16_opset11_ForwardAlpha" 10545
"/NNEDenoiser/NNE_oidn2-3-0_rt_hdr_calb_cnrm_large__dyn__fp16_opset11_DenoiseAlpha" 10546
"/NNEDenoiser/NNE_oidn2-3-0_rt_hdr_alb_nrm__dyn__fp16_opset11_ForwardAlpha" 10547
"/NNEDenoiser/NNE_oidn2-3-0_rt_hdr_alb_nrm__dyn__fp16_opset11_DenoiseAlpha" 10548
"/NNEDenoiser/NNE_oidn2-3-0_rt_hdr_alb_nrm_small__dyn__fp16_opset11_ForwardAlpha" 10549
"/NNEDenoiser/NNE_oidn2-3-0_rt_hdr_alb_nrm_small__dyn__fp16_opset11_DenoiseAlpha" 10550
"/NNEDenoiser/NNED_Oidn2-3_HighQuality_Alpha" 10551
"/NNEDenoiser/NNED_Oidn2-3_HighQuality" 10552
"/NNEDenoiser/NNED_Oidn2-3_Fast_Alpha" 10553
"/NNEDenoiser/NNED_Oidn2-3_Fast" 10554
"/NNEDenoiser/NNED_Oidn2-3_Balanced_Alpha" 10555
"C:/Users/PC/Documents/GitHub/KeepPushing/Intermediate/ORTOptimizerPass_Optimized4F8EF454401BE2754CB169AB1CAC9059.onnx" 10556
"C:/Users/PC/Documents/GitHub/KeepPushing/Intermediate/ORTOptimizerPass_Optimized7979808449B7A5D68EAE9B869F29DBA2.onnx" 10557
"C:/Users/PC/Documents/GitHub/KeepPushing/Intermediate/ORTOptimizerPass_Optimized91294BE648CAA205CFC12BA52334733E.onnx" 10558
"C:/Users/PC/Documents/GitHub/KeepPushing/Intermediate/ORTOptimizerPass_OptimizedE171F40D419D502BB87E7585EFBA31BB.onnx" 10559
"C:/Users/PC/Documents/GitHub/KeepPushing/Intermediate/ORTOptimizerPass_Optimized03B345E64FD18E7B88058E8D75553B54.onnx" 10560
"C:/Users/PC/Documents/GitHub/KeepPushing/Intermediate/ORTOptimizerPass_OptimizedECC78CEB4FD3A6AECFB1A788E21FB583.onnx" 10561
"C:/Users/PC/Documents/GitHub/KeepPushing/Intermediate/ORTOptimizerPass_OptimizedB3FDE3184A6C94D27BBF2BAA91A26802.onnx" 10562
"C:/Users/PC/Documents/GitHub/KeepPushing/Intermediate/ORTOptimizerPass_Optimized8CF5E3724984F41CD23E57B886932BEA.onnx" 10563
"C:/Users/PC/Documents/GitHub/KeepPushing/Intermediate/ORTOptimizerPass_OptimizedEF3099B341A1193B4C24C8A58F8B120E.onnx" 10564
"C:/Users/PC/Documents/GitHub/KeepPushing/Intermediate/ORTOptimizerPass_Optimized34670D9B4EF439D37E91439D2C2DCB02.onnx" 10565
"C:/Users/PC/Documents/GitHub/KeepPushing/Intermediate/ORTOptimizerPass_Optimized110CA1FB49054813A07CC4B1F16E2128.onnx" 10566
"C:/Users/PC/Documents/GitHub/KeepPushing/Intermediate/ORTOptimizerPass_Optimized021DD9BC4A5B1D20C093D6AD63AFECE9.onnx" 10567
"../../../Engine/Plugins/FX/Niagara/Content/ParameterDefinitions/DecalRenderer.uasset" 10568
"../../../Engine/Plugins/FX/Niagara/Content/ParameterDefinitions/LightRenderer.uasset" 10569
"../../../Engine/Content/EditorResources/BSPVertex.uasset" 10570
"../../../Engine/Content/EngineMaterials/DefaultBloomKernel.uasset" 10571
"../../../Engine/Content/EngineMaterials/FastBlueNoise_scalar_128x128x64.uasset" 10572
"../../../Engine/Content/EngineMaterials/FastBlueNoise_vec2_128x128x64.uasset" 10573
"/Engine/EngineMaterials/DefaultBloomKernel" 10574
"../../../Engine/Content/EngineDebugMaterials/DebugEditorMaterial.uasset" 10575
"../../../Engine/Content/EngineResources/FilmGrains/Marcie_Grain_v3_128_M2_000.uasset" 10576
"../../../Engine/Content/EngineResources/Development/ZenLogo_64.uasset" 10577
"../../../Engine/Content/EngineMaterials/SMAAAreaTex.uasset" 10578
"../../../Engine/Plugins/Interchange/Runtime/Content/Pipelines/DefaultAssetsPipeline.uasset" 10579
"../../../Engine/Content/EngineMaterials/FastBlueNoise_scalar_128x128x8.uasset" 10580
"../../../Engine/Content/EngineSounds/Master.uasset" 10581
"../../../Engine/Content/EngineMaterials/EnergyConservation/Diffuse_Energy.uasset" 10582
"../../../Engine/Content/EngineMaterials/LTC/Sheen_LTC.uasset" 10583
"../../../Engine/Content/EngineMaterials/SMAASearchTex.uasset" 10584
"../../../Engine/Plugins/Interchange/Runtime/Content/Pipelines/DefaultMaterialXPipeline.uasset" 10585
"../../../Engine/Plugins/Interchange/Runtime/Content/Pipelines/DefaultGLTFAssetsPipeline.uasset" 10586
"../../../Engine/Plugins/Interchange/Runtime/Content/Pipelines/DefaultMaterialPipeline.uasset" 10587
"../../../Engine/Content/EngineMaterials/EnergyConservation/Sheen_Energy.uasset" 10588
"../../../Engine/Plugins/Interchange/Runtime/Content/Pipelines/DefaultTexturePipeline.uasset" 10589
"../../../Engine/Plugins/Interchange/Runtime/Content/Pipelines/DefaultGLTFPipeline.uasset" 10590
"../../../Engine/Plugins/Interchange/Runtime/Content/Pipelines/DefaultAudioPipeline.uasset" 10591
"../../../Engine/Plugins/Interchange/Runtime/Content/Pipelines/DefaultSceneLevelPipeline.uasset" 10592
"../../../Engine/Plugins/Interchange/Runtime/Content/Pipelines/DefaultSceneAssetsPipeline.uasset" 10593
"../../../Engine/Plugins/Interchange/Runtime/Content/Pipelines/DefaultGLTFSceneAssetsPipeline.uasset" 10594
"../../../Engine/Plugins/Interchange/Assets/Content/Functions/MX_SurfaceUnlit.uasset" 10595
"../../../Engine/Plugins/Interchange/Assets/Content/Functions/MX_TranslucentBSDF.uasset" 10596
"../../../Engine/Plugins/Interchange/Assets/Content/Functions/MX_OrenNayarBSDF.uasset" 10597
"../../../Engine/Plugins/Interchange/Assets/Content/Functions/MX_UsdPreviewSurface.uasset" 10598
"/Engine/EditorResources/BSPVertex" 10599
"../../../Engine/Plugins/Interchange/Assets/Content/Functions/MX_BurleyDiffuseBSDF.uasset" 10600
"../../../Engine/Plugins/Interchange/Assets/Content/Substrate/MX_SimpleVolume.uasset" 10601
"../../../Engine/Plugins/Interchange/Assets/Content/Functions/MX_GeneralizedSchlickBSDF.uasset" 10602
"../../../Engine/Plugins/Interchange/Assets/Content/Functions/MX_SubsurfaceBSDF.uasset" 10603
"../../../Engine/Plugins/Interchange/Assets/Content/Functions/MX_ConductorBSDF.uasset" 10604
"../../../Engine/Plugins/Interchange/Assets/Content/Functions/MX_DielectricBSDF.uasset" 10605
"/Interchange/Pipelines/DefaultSceneLevelPipeline" 10606
"/Interchange/Pipelines/DefaultSceneAssetsPipeline" 10607
"/Interchange/Pipelines/DefaultAudioPipeline" 10608
"/Interchange/Pipelines/DefaultTexturePipeline" 10609
"/Interchange/Pipelines/DefaultMaterialPipeline" 10610
"/Interchange/Pipelines/DefaultGLTFPipeline" 10611
"/Interchange/Pipelines/DefaultGLTFAssetsPipeline" 10612
"/Interchange/Pipelines/DefaultMaterialXPipeline" 10613
"/Interchange/Pipelines/DefaultAssetsPipeline" 10614
"/Engine/EngineSounds/Master" 10615
"/Engine/EngineMaterials/SMAASearchTex" 10616
"/InterchangeAssets/Functions/MX_TranslucentBSDF" 10617
"/InterchangeAssets/Functions/MX_BurleyDiffuseBSDF" 10618
"/Engine/EngineMaterials/SMAAAreaTex" 10619
"/Engine/EngineMaterials/EnergyConservation/Diffuse_Energy" 10620
"/InterchangeAssets/Functions/MX_OrenNayarBSDF" 10621
"/InterchangeAssets/Substrate/MX_SimpleVolume" 10622
"/InterchangeAssets/Functions/MX_UsdPreviewSurface" 10623
"/InterchangeAssets/Functions/MX_SurfaceUnlit" 10624
"/Interchange/Pipelines/DefaultGLTFSceneAssetsPipeline" 10625
"/Engine/EngineMaterials/LTC/Sheen_LTC" 10626
"/Engine/EngineMaterials/FastBlueNoise_vec2_128x128x64" 10627
"/Engine/EngineMaterials/FastBlueNoise_scalar_128x128x8" 10628
"/Engine/EngineMaterials/FastBlueNoise_scalar_128x128x64" 10629
"/Engine/EngineDebugMaterials/DebugEditorMaterial" 10630
"/Engine/EngineResources/Development/ZenLogo_64" 10631
"/Engine/EngineResources/FilmGrains/Marcie_Grain_v3_128_M2_000" 10632
"/Engine/EngineMaterials/EnergyConservation/Sheen_Energy" 10633
"/InterchangeAssets/Functions/MX_SubsurfaceBSDF" 10634
"../../../Engine/Plugins/Interchange/Assets/Content/Functions/MX_MeasuredEDF.uasset" 10635
"../../../Engine/Plugins/Interchange/Assets/Content/Functions/MX_UniformEDF.uasset" 10636
"../../../Engine/Plugins/Interchange/Assets/Content/Functions/MX_ConicalEDF.uasset" 10637
"../../../Engine/Plugins/Animation/ControlRig/Content/Controls/ControlRigGizmoMaterial.uasset" 10638
"../../../Engine/Plugins/Interchange/Assets/Content/Functions/MX_AnisotropicVDF.uasset" 10639
"../../../Engine/Plugins/Interchange/Assets/Content/Functions/MX_ChiangHairBSDF.uasset" 10640
"../../../Engine/Plugins/Interchange/Assets/Content/Functions/MX_SheenBSDF.uasset" 10641
"../../../Engine/Plugins/Interchange/Assets/Content/Functions/MX_AbsorptionVDF.uasset" 10642
"/InterchangeAssets/Functions/MX_GeneralizedSchlickBSDF" 10643
"/InterchangeAssets/Functions/MX_ConductorBSDF" 10644
"/InterchangeAssets/Functions/MX_DielectricBSDF" 10645
"/ControlRig/Controls/ControlRigGizmoMaterial" 10646
"/InterchangeAssets/Functions/MX_AnisotropicVDF" 10647
"/InterchangeAssets/Functions/MX_AbsorptionVDF" 10648
"/InterchangeAssets/Functions/MX_MeasuredEDF" 10649
"/InterchangeAssets/Functions/MX_ConicalEDF" 10650
"/InterchangeAssets/Functions/MX_UniformEDF" 10651
"/InterchangeAssets/Functions/MX_ChiangHairBSDF" 10652
"/InterchangeAssets/Functions/MX_SheenBSDF" 10653
"C:/Users/PC/Documents/GitHub/KeepPushing/Saved/Cooked/Windows/KeepPushing/Metadata/CookedSettings.txt" 10654
